!SESSION 2022-02-10 11:35:49.010 -----------------------------------------------
eclipse.buildId=4.22.0.I20211124-1800
java.version=17.0.1
java.vendor=Eclipse Adoptium
BootLoader constants: OS=win32, ARCH=x86_64, WS=win32, NL=es_ES
Framework arguments:  -product org.eclipse.epp.package.java.product
Command-line arguments:  -os win32 -ws win32 -arch x86_64 -product org.eclipse.epp.package.java.product

!ENTRY org.eclipse.jface 2 0 2022-02-10 11:36:35.735
!MESSAGE Keybinding conflicts occurred.  They may interfere with normal accelerator operation.
!SUBENTRY 1 org.eclipse.jface 2 0 2022-02-10 11:36:35.735
!MESSAGE A conflict occurred for CTRL+SHIFT+T:
Binding(CTRL+SHIFT+T,
	ParameterizedCommand(Command(org.eclipse.jdt.ui.navigate.open.type,Open Type,
		Open a type in a Java editor,
		Category(org.eclipse.ui.category.navigate,Navigate,null,true),
		org.eclipse.ui.internal.WorkbenchHandlerServiceHandler@18ac4af6,
		,,true),null),
	org.eclipse.ui.defaultAcceleratorConfiguration,
	org.eclipse.ui.contexts.window,,,system)
Binding(CTRL+SHIFT+T,
	ParameterizedCommand(Command(org.eclipse.lsp4e.symbolinworkspace,Go to Symbol in Workspace,
		,
		Category(org.eclipse.lsp4e.category,Language Servers,null,true),
		org.eclipse.ui.internal.WorkbenchHandlerServiceHandler@117fb9ba,
		,,true),null),
	org.eclipse.ui.defaultAcceleratorConfiguration,
	org.eclipse.ui.contexts.window,,,system)
!SUBENTRY 1 org.eclipse.jface 2 0 2022-02-10 11:36:35.736
!MESSAGE A conflict occurred for ALT+SHIFT+R:
Binding(ALT+SHIFT+R,
	ParameterizedCommand(Command(org.eclipse.jdt.ui.edit.text.java.rename.element,Rename - Refactoring ,
		Rename the selected element,
		Category(org.eclipse.jdt.ui.category.refactoring,Refactor - Java,Java Refactoring Actions,true),
		org.eclipse.ui.internal.WorkbenchHandlerServiceHandler@2b1d1a5,
		,,true),null),
	org.eclipse.ui.defaultAcceleratorConfiguration,
	org.eclipse.ui.contexts.window,,,system)
Binding(ALT+SHIFT+R,
	ParameterizedCommand(Command(org.eclipse.ui.edit.rename,Rename,
		Rename the selected item,
		Category(org.eclipse.ui.category.file,File,null,true),
		org.eclipse.ui.internal.WorkbenchHandlerServiceHandler@41e7a544,
		,,true),null),
	org.eclipse.ui.defaultAcceleratorConfiguration,
	org.eclipse.ui.contexts.window,,,system)

!ENTRY org.eclipse.egit.ui 2 0 2022-02-10 11:36:42.515
!MESSAGE Warning: The environment variable HOME is not set. The following directory will be used to store the Git
user global configuration and to define the default location to store repositories: 'C:\Users\Alejandro Fernández'. If this is
not correct please set the HOME environment variable and restart Eclipse. Otherwise Git for Windows and
EGit might behave differently since they see different configuration options.
This warning can be switched off on the Team > Git > Confirmations and Warnings preference page.

!ENTRY org.eclipse.ui.ide 4 4 2022-02-10 11:39:10.547
!MESSAGE Not properly disposed SWT resource
!STACK 0
java.lang.Error: SWT Resource was not properly disposed
	at org.eclipse.swt.graphics.Resource.initNonDisposeTracking(Resource.java:172)
	at org.eclipse.swt.graphics.Resource.<init>(Resource.java:120)
	at org.eclipse.swt.graphics.Image.<init>(Image.java:498)
	at org.eclipse.e4.ui.workbench.renderers.swt.CTabRendering.createShadow(CTabRendering.java:909)
	at org.eclipse.e4.ui.workbench.renderers.swt.CTabRendering.setShadowColor(CTabRendering.java:1054)
	at org.eclipse.e4.ui.css.swt.dom.CTabFolderElement.reset(CTabFolderElement.java:136)
	at org.eclipse.e4.ui.css.swt.engine.AbstractCSSSWTEngineImpl.reset(AbstractCSSSWTEngineImpl.java:126)
	at org.eclipse.e4.ui.css.swt.internal.theme.ThemeEngine.setTheme(ThemeEngine.java:453)
	at org.eclipse.e4.ui.css.swt.internal.theme.ThemeEngine.setTheme(ThemeEngine.java:434)
	at org.eclipse.ui.internal.dialogs.ViewsPreferencePage.performOk(ViewsPreferencePage.java:268)
	at org.eclipse.jface.preference.PreferenceDialog$7.run(PreferenceDialog.java:905)
	at org.eclipse.core.runtime.SafeRunner.run(SafeRunner.java:45)
	at org.eclipse.jface.util.SafeRunnable.run(SafeRunnable.java:174)
	at org.eclipse.jface.preference.PreferenceDialog.okPressed(PreferenceDialog.java:889)
	at org.eclipse.ui.internal.dialogs.FilteredPreferenceDialog.okPressed(FilteredPreferenceDialog.java:461)
	at org.eclipse.jface.preference.PreferenceDialog.buttonPressed(PreferenceDialog.java:233)
	at org.eclipse.jface.dialogs.Dialog.lambda$0(Dialog.java:619)
	at org.eclipse.swt.events.SelectionListener$1.widgetSelected(SelectionListener.java:84)
	at org.eclipse.swt.widgets.TypedListener.handleEvent(TypedListener.java:252)
	at org.eclipse.swt.widgets.EventTable.sendEvent(EventTable.java:89)
	at org.eclipse.swt.widgets.Display.sendEvent(Display.java:4243)
	at org.eclipse.swt.widgets.Widget.sendEvent(Widget.java:1060)
	at org.eclipse.swt.widgets.Display.runDeferredEvents(Display.java:4060)
	at org.eclipse.swt.widgets.Display.readAndDispatch(Display.java:3632)
	at org.eclipse.jface.window.Window.runEventLoop(Window.java:823)
	at org.eclipse.jface.window.Window.open(Window.java:799)
	at org.eclipse.ui.internal.OpenPreferencesAction.run(OpenPreferencesAction.java:66)
	at org.eclipse.jface.action.Action.runWithEvent(Action.java:474)
	at org.eclipse.jface.action.ActionContributionItem.handleWidgetSelection(ActionContributionItem.java:580)
	at org.eclipse.jface.action.ActionContributionItem.lambda$4(ActionContributionItem.java:414)
	at org.eclipse.swt.widgets.EventTable.sendEvent(EventTable.java:89)
	at org.eclipse.swt.widgets.Display.sendEvent(Display.java:4243)
	at org.eclipse.swt.widgets.Widget.sendEvent(Widget.java:1060)
	at org.eclipse.swt.widgets.Display.runDeferredEvents(Display.java:4060)
	at org.eclipse.swt.widgets.Display.readAndDispatch(Display.java:3632)
	at org.eclipse.e4.ui.internal.workbench.swt.PartRenderingEngine$5.run(PartRenderingEngine.java:1154)
	at org.eclipse.core.databinding.observable.Realm.runWithDefault(Realm.java:338)
	at org.eclipse.e4.ui.internal.workbench.swt.PartRenderingEngine.run(PartRenderingEngine.java:1045)
	at org.eclipse.e4.ui.internal.workbench.E4Workbench.createAndRunUI(E4Workbench.java:155)
	at org.eclipse.ui.internal.Workbench.lambda$3(Workbench.java:644)
	at org.eclipse.core.databinding.observable.Realm.runWithDefault(Realm.java:338)
	at org.eclipse.ui.internal.Workbench.createAndRunWorkbench(Workbench.java:551)
	at org.eclipse.ui.PlatformUI.createAndRunWorkbench(PlatformUI.java:156)
	at org.eclipse.ui.internal.ide.application.IDEApplication.start(IDEApplication.java:152)
	at org.eclipse.equinox.internal.app.EclipseAppHandle.run(EclipseAppHandle.java:203)
	at org.eclipse.core.runtime.internal.adaptor.EclipseAppLauncher.runApplication(EclipseAppLauncher.java:136)
	at org.eclipse.core.runtime.internal.adaptor.EclipseAppLauncher.start(EclipseAppLauncher.java:104)
	at org.eclipse.core.runtime.adaptor.EclipseStarter.run(EclipseStarter.java:401)
	at org.eclipse.core.runtime.adaptor.EclipseStarter.run(EclipseStarter.java:255)
	at java.base/jdk.internal.reflect.NativeMethodAccessorImpl.invoke0(Native Method)
	at java.base/jdk.internal.reflect.NativeMethodAccessorImpl.invoke(NativeMethodAccessorImpl.java:77)
	at java.base/jdk.internal.reflect.DelegatingMethodAccessorImpl.invoke(DelegatingMethodAccessorImpl.java:43)
	at java.base/java.lang.reflect.Method.invoke(Method.java:568)
	at org.eclipse.equinox.launcher.Main.invokeFramework(Main.java:659)
	at org.eclipse.equinox.launcher.Main.basicRun(Main.java:596)
	at org.eclipse.equinox.launcher.Main.run(Main.java:1467)

!ENTRY org.eclipse.ui.ide 4 4 2022-02-10 11:39:10.549
!MESSAGE Not properly disposed SWT resource
!STACK 0
java.lang.Error: SWT Resource was not properly disposed
	at org.eclipse.swt.graphics.Resource.initNonDisposeTracking(Resource.java:172)
	at org.eclipse.swt.graphics.Resource.<init>(Resource.java:120)
	at org.eclipse.swt.graphics.Image.<init>(Image.java:498)
	at org.eclipse.e4.ui.workbench.renderers.swt.CTabRendering.createShadow(CTabRendering.java:909)
	at org.eclipse.e4.ui.workbench.renderers.swt.CTabRendering.setShadowColor(CTabRendering.java:1054)
	at org.eclipse.e4.ui.css.swt.dom.CTabFolderElement.reset(CTabFolderElement.java:136)
	at org.eclipse.e4.ui.css.swt.engine.AbstractCSSSWTEngineImpl.reset(AbstractCSSSWTEngineImpl.java:126)
	at org.eclipse.e4.ui.css.swt.internal.theme.ThemeEngine.setTheme(ThemeEngine.java:453)
	at org.eclipse.e4.ui.css.swt.internal.theme.ThemeEngine.setTheme(ThemeEngine.java:434)
	at org.eclipse.ui.internal.dialogs.ViewsPreferencePage.performOk(ViewsPreferencePage.java:268)
	at org.eclipse.jface.preference.PreferenceDialog$7.run(PreferenceDialog.java:905)
	at org.eclipse.core.runtime.SafeRunner.run(SafeRunner.java:45)
	at org.eclipse.jface.util.SafeRunnable.run(SafeRunnable.java:174)
	at org.eclipse.jface.preference.PreferenceDialog.okPressed(PreferenceDialog.java:889)
	at org.eclipse.ui.internal.dialogs.FilteredPreferenceDialog.okPressed(FilteredPreferenceDialog.java:461)
	at org.eclipse.jface.preference.PreferenceDialog.buttonPressed(PreferenceDialog.java:233)
	at org.eclipse.jface.dialogs.Dialog.lambda$0(Dialog.java:619)
	at org.eclipse.swt.events.SelectionListener$1.widgetSelected(SelectionListener.java:84)
	at org.eclipse.swt.widgets.TypedListener.handleEvent(TypedListener.java:252)
	at org.eclipse.swt.widgets.EventTable.sendEvent(EventTable.java:89)
	at org.eclipse.swt.widgets.Display.sendEvent(Display.java:4243)
	at org.eclipse.swt.widgets.Widget.sendEvent(Widget.java:1060)
	at org.eclipse.swt.widgets.Display.runDeferredEvents(Display.java:4060)
	at org.eclipse.swt.widgets.Display.readAndDispatch(Display.java:3632)
	at org.eclipse.jface.window.Window.runEventLoop(Window.java:823)
	at org.eclipse.jface.window.Window.open(Window.java:799)
	at org.eclipse.ui.internal.OpenPreferencesAction.run(OpenPreferencesAction.java:66)
	at org.eclipse.jface.action.Action.runWithEvent(Action.java:474)
	at org.eclipse.jface.action.ActionContributionItem.handleWidgetSelection(ActionContributionItem.java:580)
	at org.eclipse.jface.action.ActionContributionItem.lambda$4(ActionContributionItem.java:414)
	at org.eclipse.swt.widgets.EventTable.sendEvent(EventTable.java:89)
	at org.eclipse.swt.widgets.Display.sendEvent(Display.java:4243)
	at org.eclipse.swt.widgets.Widget.sendEvent(Widget.java:1060)
	at org.eclipse.swt.widgets.Display.runDeferredEvents(Display.java:4060)
	at org.eclipse.swt.widgets.Display.readAndDispatch(Display.java:3632)
	at org.eclipse.e4.ui.internal.workbench.swt.PartRenderingEngine$5.run(PartRenderingEngine.java:1154)
	at org.eclipse.core.databinding.observable.Realm.runWithDefault(Realm.java:338)
	at org.eclipse.e4.ui.internal.workbench.swt.PartRenderingEngine.run(PartRenderingEngine.java:1045)
	at org.eclipse.e4.ui.internal.workbench.E4Workbench.createAndRunUI(E4Workbench.java:155)
	at org.eclipse.ui.internal.Workbench.lambda$3(Workbench.java:644)
	at org.eclipse.core.databinding.observable.Realm.runWithDefault(Realm.java:338)
	at org.eclipse.ui.internal.Workbench.createAndRunWorkbench(Workbench.java:551)
	at org.eclipse.ui.PlatformUI.createAndRunWorkbench(PlatformUI.java:156)
	at org.eclipse.ui.internal.ide.application.IDEApplication.start(IDEApplication.java:152)
	at org.eclipse.equinox.internal.app.EclipseAppHandle.run(EclipseAppHandle.java:203)
	at org.eclipse.core.runtime.internal.adaptor.EclipseAppLauncher.runApplication(EclipseAppLauncher.java:136)
	at org.eclipse.core.runtime.internal.adaptor.EclipseAppLauncher.start(EclipseAppLauncher.java:104)
	at org.eclipse.core.runtime.adaptor.EclipseStarter.run(EclipseStarter.java:401)
	at org.eclipse.core.runtime.adaptor.EclipseStarter.run(EclipseStarter.java:255)
	at java.base/jdk.internal.reflect.NativeMethodAccessorImpl.invoke0(Native Method)
	at java.base/jdk.internal.reflect.NativeMethodAccessorImpl.invoke(NativeMethodAccessorImpl.java:77)
	at java.base/jdk.internal.reflect.DelegatingMethodAccessorImpl.invoke(DelegatingMethodAccessorImpl.java:43)
	at java.base/java.lang.reflect.Method.invoke(Method.java:568)
	at org.eclipse.equinox.launcher.Main.invokeFramework(Main.java:659)
	at org.eclipse.equinox.launcher.Main.basicRun(Main.java:596)
	at org.eclipse.equinox.launcher.Main.run(Main.java:1467)

!ENTRY org.eclipse.ui.ide 4 4 2022-02-10 11:39:10.551
!MESSAGE Not properly disposed SWT resource
!STACK 0
java.lang.Error: SWT Resource was not properly disposed
	at org.eclipse.swt.graphics.Resource.initNonDisposeTracking(Resource.java:172)
	at org.eclipse.swt.graphics.Resource.<init>(Resource.java:120)
	at org.eclipse.swt.graphics.Image.<init>(Image.java:498)
	at org.eclipse.e4.ui.workbench.renderers.swt.CTabRendering.createShadow(CTabRendering.java:909)
	at org.eclipse.e4.ui.workbench.renderers.swt.CTabRendering.setShadowColor(CTabRendering.java:1054)
	at org.eclipse.e4.ui.css.swt.dom.CTabFolderElement.reset(CTabFolderElement.java:136)
	at org.eclipse.e4.ui.css.swt.engine.AbstractCSSSWTEngineImpl.reset(AbstractCSSSWTEngineImpl.java:126)
	at org.eclipse.e4.ui.css.swt.internal.theme.ThemeEngine.setTheme(ThemeEngine.java:453)
	at org.eclipse.e4.ui.css.swt.internal.theme.ThemeEngine.setTheme(ThemeEngine.java:434)
	at org.eclipse.ui.internal.dialogs.ViewsPreferencePage.performOk(ViewsPreferencePage.java:268)
	at org.eclipse.jface.preference.PreferenceDialog$7.run(PreferenceDialog.java:905)
	at org.eclipse.core.runtime.SafeRunner.run(SafeRunner.java:45)
	at org.eclipse.jface.util.SafeRunnable.run(SafeRunnable.java:174)
	at org.eclipse.jface.preference.PreferenceDialog.okPressed(PreferenceDialog.java:889)
	at org.eclipse.ui.internal.dialogs.FilteredPreferenceDialog.okPressed(FilteredPreferenceDialog.java:461)
	at org.eclipse.jface.preference.PreferenceDialog.buttonPressed(PreferenceDialog.java:233)
	at org.eclipse.jface.dialogs.Dialog.lambda$0(Dialog.java:619)
	at org.eclipse.swt.events.SelectionListener$1.widgetSelected(SelectionListener.java:84)
	at org.eclipse.swt.widgets.TypedListener.handleEvent(TypedListener.java:252)
	at org.eclipse.swt.widgets.EventTable.sendEvent(EventTable.java:89)
	at org.eclipse.swt.widgets.Display.sendEvent(Display.java:4243)
	at org.eclipse.swt.widgets.Widget.sendEvent(Widget.java:1060)
	at org.eclipse.swt.widgets.Display.runDeferredEvents(Display.java:4060)
	at org.eclipse.swt.widgets.Display.readAndDispatch(Display.java:3632)
	at org.eclipse.jface.window.Window.runEventLoop(Window.java:823)
	at org.eclipse.jface.window.Window.open(Window.java:799)
	at org.eclipse.ui.internal.OpenPreferencesAction.run(OpenPreferencesAction.java:66)
	at org.eclipse.jface.action.Action.runWithEvent(Action.java:474)
	at org.eclipse.jface.action.ActionContributionItem.handleWidgetSelection(ActionContributionItem.java:580)
	at org.eclipse.jface.action.ActionContributionItem.lambda$4(ActionContributionItem.java:414)
	at org.eclipse.swt.widgets.EventTable.sendEvent(EventTable.java:89)
	at org.eclipse.swt.widgets.Display.sendEvent(Display.java:4243)
	at org.eclipse.swt.widgets.Widget.sendEvent(Widget.java:1060)
	at org.eclipse.swt.widgets.Display.runDeferredEvents(Display.java:4060)
	at org.eclipse.swt.widgets.Display.readAndDispatch(Display.java:3632)
	at org.eclipse.e4.ui.internal.workbench.swt.PartRenderingEngine$5.run(PartRenderingEngine.java:1154)
	at org.eclipse.core.databinding.observable.Realm.runWithDefault(Realm.java:338)
	at org.eclipse.e4.ui.internal.workbench.swt.PartRenderingEngine.run(PartRenderingEngine.java:1045)
	at org.eclipse.e4.ui.internal.workbench.E4Workbench.createAndRunUI(E4Workbench.java:155)
	at org.eclipse.ui.internal.Workbench.lambda$3(Workbench.java:644)
	at org.eclipse.core.databinding.observable.Realm.runWithDefault(Realm.java:338)
	at org.eclipse.ui.internal.Workbench.createAndRunWorkbench(Workbench.java:551)
	at org.eclipse.ui.PlatformUI.createAndRunWorkbench(PlatformUI.java:156)
	at org.eclipse.ui.internal.ide.application.IDEApplication.start(IDEApplication.java:152)
	at org.eclipse.equinox.internal.app.EclipseAppHandle.run(EclipseAppHandle.java:203)
	at org.eclipse.core.runtime.internal.adaptor.EclipseAppLauncher.runApplication(EclipseAppLauncher.java:136)
	at org.eclipse.core.runtime.internal.adaptor.EclipseAppLauncher.start(EclipseAppLauncher.java:104)
	at org.eclipse.core.runtime.adaptor.EclipseStarter.run(EclipseStarter.java:401)
	at org.eclipse.core.runtime.adaptor.EclipseStarter.run(EclipseStarter.java:255)
	at java.base/jdk.internal.reflect.NativeMethodAccessorImpl.invoke0(Native Method)
	at java.base/jdk.internal.reflect.NativeMethodAccessorImpl.invoke(NativeMethodAccessorImpl.java:77)
	at java.base/jdk.internal.reflect.DelegatingMethodAccessorImpl.invoke(DelegatingMethodAccessorImpl.java:43)
	at java.base/java.lang.reflect.Method.invoke(Method.java:568)
	at org.eclipse.equinox.launcher.Main.invokeFramework(Main.java:659)
	at org.eclipse.equinox.launcher.Main.basicRun(Main.java:596)
	at org.eclipse.equinox.launcher.Main.run(Main.java:1467)
!SESSION 2022-02-10 11:39:11.783 -----------------------------------------------
eclipse.buildId=4.22.0.I20211124-1800
java.version=17.0.1
java.vendor=Eclipse Adoptium
BootLoader constants: OS=win32, ARCH=x86_64, WS=win32, NL=es_ES
Framework arguments:  -product org.eclipse.epp.package.java.product
Command-line arguments:  -os win32 -ws win32 -arch x86_64 -product org.eclipse.epp.package.java.product

!ENTRY org.eclipse.jface 2 0 2022-02-10 11:39:16.463
!MESSAGE Keybinding conflicts occurred.  They may interfere with normal accelerator operation.
!SUBENTRY 1 org.eclipse.jface 2 0 2022-02-10 11:39:16.463
!MESSAGE A conflict occurred for CTRL+SHIFT+T:
Binding(CTRL+SHIFT+T,
	ParameterizedCommand(Command(org.eclipse.jdt.ui.navigate.open.type,Open Type,
		Open a type in a Java editor,
		Category(org.eclipse.ui.category.navigate,Navigate,null,true),
		org.eclipse.ui.internal.WorkbenchHandlerServiceHandler@37b238da,
		,,true),null),
	org.eclipse.ui.defaultAcceleratorConfiguration,
	org.eclipse.ui.contexts.window,,,system)
Binding(CTRL+SHIFT+T,
	ParameterizedCommand(Command(org.eclipse.lsp4e.symbolinworkspace,Go to Symbol in Workspace,
		,
		Category(org.eclipse.lsp4e.category,Language Servers,null,true),
		org.eclipse.ui.internal.WorkbenchHandlerServiceHandler@1c792107,
		,,true),null),
	org.eclipse.ui.defaultAcceleratorConfiguration,
	org.eclipse.ui.contexts.window,,,system)
!SUBENTRY 1 org.eclipse.jface 2 0 2022-02-10 11:39:16.463
!MESSAGE A conflict occurred for ALT+SHIFT+R:
Binding(ALT+SHIFT+R,
	ParameterizedCommand(Command(org.eclipse.jdt.ui.edit.text.java.rename.element,Rename - Refactoring ,
		Rename the selected element,
		Category(org.eclipse.jdt.ui.category.refactoring,Refactor - Java,Java Refactoring Actions,true),
		org.eclipse.ui.internal.WorkbenchHandlerServiceHandler@ce19c86,
		,,true),null),
	org.eclipse.ui.defaultAcceleratorConfiguration,
	org.eclipse.ui.contexts.window,,,system)
Binding(ALT+SHIFT+R,
	ParameterizedCommand(Command(org.eclipse.ui.edit.rename,Rename,
		Rename the selected item,
		Category(org.eclipse.ui.category.file,File,null,true),
		org.eclipse.ui.internal.WorkbenchHandlerServiceHandler@68479e8b,
		,,true),null),
	org.eclipse.ui.defaultAcceleratorConfiguration,
	org.eclipse.ui.contexts.window,,,system)

!ENTRY org.eclipse.egit.ui 2 0 2022-02-10 11:39:19.368
!MESSAGE Warning: The environment variable HOME is not set. The following directory will be used to store the Git
user global configuration and to define the default location to store repositories: 'C:\Users\Alejandro Fernández'. If this is
not correct please set the HOME environment variable and restart Eclipse. Otherwise Git for Windows and
EGit might behave differently since they see different configuration options.
This warning can be switched off on the Team > Git > Confirmations and Warnings preference page.
!SESSION 2022-02-10 11:42:12.153 -----------------------------------------------
eclipse.buildId=4.22.0.I20211124-1800
java.version=17.0.1
java.vendor=Eclipse Adoptium
BootLoader constants: OS=win32, ARCH=x86_64, WS=win32, NL=es_ES
Framework arguments:  -product org.eclipse.epp.package.java.product
Command-line arguments:  -os win32 -ws win32 -arch x86_64 -product org.eclipse.epp.package.java.product

!ENTRY org.eclipse.jface 2 0 2022-02-10 11:42:16.626
!MESSAGE Keybinding conflicts occurred.  They may interfere with normal accelerator operation.
!SUBENTRY 1 org.eclipse.jface 2 0 2022-02-10 11:42:16.626
!MESSAGE A conflict occurred for CTRL+SHIFT+T:
Binding(CTRL+SHIFT+T,
	ParameterizedCommand(Command(org.eclipse.jdt.ui.navigate.open.type,Open Type,
		Open a type in a Java editor,
		Category(org.eclipse.ui.category.navigate,Navigate,null,true),
		org.eclipse.ui.internal.WorkbenchHandlerServiceHandler@37b238da,
		,,true),null),
	org.eclipse.ui.defaultAcceleratorConfiguration,
	org.eclipse.ui.contexts.window,,,system)
Binding(CTRL+SHIFT+T,
	ParameterizedCommand(Command(org.eclipse.lsp4e.symbolinworkspace,Go to Symbol in Workspace,
		,
		Category(org.eclipse.lsp4e.category,Language Servers,null,true),
		org.eclipse.ui.internal.WorkbenchHandlerServiceHandler@1c792107,
		,,true),null),
	org.eclipse.ui.defaultAcceleratorConfiguration,
	org.eclipse.ui.contexts.window,,,system)
!SUBENTRY 1 org.eclipse.jface 2 0 2022-02-10 11:42:16.626
!MESSAGE A conflict occurred for ALT+SHIFT+R:
Binding(ALT+SHIFT+R,
	ParameterizedCommand(Command(org.eclipse.jdt.ui.edit.text.java.rename.element,Rename - Refactoring ,
		Rename the selected element,
		Category(org.eclipse.jdt.ui.category.refactoring,Refactor - Java,Java Refactoring Actions,true),
		org.eclipse.ui.internal.WorkbenchHandlerServiceHandler@ce19c86,
		,,true),null),
	org.eclipse.ui.defaultAcceleratorConfiguration,
	org.eclipse.ui.contexts.window,,,system)
Binding(ALT+SHIFT+R,
	ParameterizedCommand(Command(org.eclipse.ui.edit.rename,Rename,
		Rename the selected item,
		Category(org.eclipse.ui.category.file,File,null,true),
		org.eclipse.ui.internal.WorkbenchHandlerServiceHandler@68479e8b,
		,,true),null),
	org.eclipse.ui.defaultAcceleratorConfiguration,
	org.eclipse.ui.contexts.window,,,system)

!ENTRY org.eclipse.egit.ui 2 0 2022-02-10 11:42:19.310
!MESSAGE Warning: The environment variable HOME is not set. The following directory will be used to store the Git
user global configuration and to define the default location to store repositories: 'C:\Users\Alejandro Fernández'. If this is
not correct please set the HOME environment variable and restart Eclipse. Otherwise Git for Windows and
EGit might behave differently since they see different configuration options.
This warning can be switched off on the Team > Git > Confirmations and Warnings preference page.

!ENTRY org.eclipse.oomph.ui 4 0 2022-02-10 11:42:24.808
!MESSAGE java.lang.ExceptionInInitializerError
!STACK 0
java.lang.ExceptionInInitializerError
	at org.eclipse.oomph.setup.ui.recorder.RecorderManager.<clinit>(RecorderManager.java:121)
	at org.eclipse.oomph.setup.ui.SetupUIPlugin.performStartup(SetupUIPlugin.java:216)
	at org.eclipse.oomph.setup.ui.EarlyStartup.earlyStartup(EarlyStartup.java:22)
	at org.eclipse.oomph.internal.ui.EarlyStart.run(EarlyStart.java:118)
	at org.eclipse.oomph.internal.ui.EarlyStart$1.run(EarlyStart.java:97)
	at org.eclipse.core.internal.jobs.Worker.run(Worker.java:63)
Caused by: java.lang.NullPointerException: Cannot invoke "org.osgi.framework.BundleContext.getServiceReference(java.lang.Class)" because "context" is null
	at org.eclipse.oomph.p2.internal.core.AgentManagerImpl.getCurrentAgent(AgentManagerImpl.java:168)
	at org.eclipse.oomph.p2.core.P2Util.getCurrentProvisioningAgent(P2Util.java:84)
	at org.eclipse.oomph.setup.internal.core.util.SetupCoreUtil.<clinit>(SetupCoreUtil.java:162)
	... 6 more
!SESSION 2022-02-11 10:59:56.290 -----------------------------------------------
eclipse.buildId=4.22.0.I20211124-1800
java.version=17.0.1
java.vendor=Eclipse Adoptium
BootLoader constants: OS=win32, ARCH=x86_64, WS=win32, NL=es_ES
Framework arguments:  -product org.eclipse.epp.package.java.product
Command-line arguments:  -os win32 -ws win32 -arch x86_64 -product org.eclipse.epp.package.java.product

!ENTRY org.eclipse.jface 2 0 2022-02-11 11:00:06.351
!MESSAGE Keybinding conflicts occurred.  They may interfere with normal accelerator operation.
!SUBENTRY 1 org.eclipse.jface 2 0 2022-02-11 11:00:06.351
!MESSAGE A conflict occurred for CTRL+SHIFT+T:
Binding(CTRL+SHIFT+T,
	ParameterizedCommand(Command(org.eclipse.jdt.ui.navigate.open.type,Open Type,
		Open a type in a Java editor,
		Category(org.eclipse.ui.category.navigate,Navigate,null,true),
		org.eclipse.ui.internal.WorkbenchHandlerServiceHandler@ce19c86,
		,,true),null),
	org.eclipse.ui.defaultAcceleratorConfiguration,
	org.eclipse.ui.contexts.window,,,system)
Binding(CTRL+SHIFT+T,
	ParameterizedCommand(Command(org.eclipse.lsp4e.symbolinworkspace,Go to Symbol in Workspace,
		,
		Category(org.eclipse.lsp4e.category,Language Servers,null,true),
		org.eclipse.ui.internal.WorkbenchHandlerServiceHandler@68479e8b,
		,,true),null),
	org.eclipse.ui.defaultAcceleratorConfiguration,
	org.eclipse.ui.contexts.window,,,system)
!SUBENTRY 1 org.eclipse.jface 2 0 2022-02-11 11:00:06.351
!MESSAGE A conflict occurred for ALT+SHIFT+R:
Binding(ALT+SHIFT+R,
	ParameterizedCommand(Command(org.eclipse.jdt.ui.edit.text.java.rename.element,Rename - Refactoring ,
		Rename the selected element,
		Category(org.eclipse.jdt.ui.category.refactoring,Refactor - Java,Java Refactoring Actions,true),
		org.eclipse.ui.internal.WorkbenchHandlerServiceHandler@4e951fb1,
		,,true),null),
	org.eclipse.ui.defaultAcceleratorConfiguration,
	org.eclipse.ui.contexts.window,,,system)
Binding(ALT+SHIFT+R,
	ParameterizedCommand(Command(org.eclipse.ui.edit.rename,Rename,
		Rename the selected item,
		Category(org.eclipse.ui.category.file,File,null,true),
		org.eclipse.ui.internal.WorkbenchHandlerServiceHandler@1b317e7d,
		,,true),null),
	org.eclipse.ui.defaultAcceleratorConfiguration,
	org.eclipse.ui.contexts.window,,,system)

!ENTRY org.eclipse.egit.ui 2 0 2022-02-11 11:00:08.951
!MESSAGE Warning: The environment variable HOME is not set. The following directory will be used to store the Git
user global configuration and to define the default location to store repositories: 'C:\Users\Alejandro Fernández'. If this is
not correct please set the HOME environment variable and restart Eclipse. Otherwise Git for Windows and
EGit might behave differently since they see different configuration options.
This warning can be switched off on the Team > Git > Confirmations and Warnings preference page.
!SESSION 2022-02-17 10:50:39.172 -----------------------------------------------
eclipse.buildId=4.22.0.I20211124-1800
java.version=17.0.1
java.vendor=Eclipse Adoptium
BootLoader constants: OS=win32, ARCH=x86_64, WS=win32, NL=es_ES
Framework arguments:  -product org.eclipse.epp.package.java.product
Command-line arguments:  -os win32 -ws win32 -arch x86_64 -product org.eclipse.epp.package.java.product

!ENTRY org.eclipse.jface 2 0 2022-02-17 10:50:50.822
!MESSAGE Keybinding conflicts occurred.  They may interfere with normal accelerator operation.
!SUBENTRY 1 org.eclipse.jface 2 0 2022-02-17 10:50:50.822
!MESSAGE A conflict occurred for CTRL+SHIFT+T:
Binding(CTRL+SHIFT+T,
	ParameterizedCommand(Command(org.eclipse.jdt.ui.navigate.open.type,Open Type,
		Open a type in a Java editor,
		Category(org.eclipse.ui.category.navigate,Navigate,null,true),
		org.eclipse.ui.internal.WorkbenchHandlerServiceHandler@5534e6f1,
		,,true),null),
	org.eclipse.ui.defaultAcceleratorConfiguration,
	org.eclipse.ui.contexts.window,,,system)
Binding(CTRL+SHIFT+T,
	ParameterizedCommand(Command(org.eclipse.lsp4e.symbolinworkspace,Go to Symbol in Workspace,
		,
		Category(org.eclipse.lsp4e.category,Language Servers,null,true),
		org.eclipse.ui.internal.WorkbenchHandlerServiceHandler@4c6fc3e7,
		,,true),null),
	org.eclipse.ui.defaultAcceleratorConfiguration,
	org.eclipse.ui.contexts.window,,,system)
!SUBENTRY 1 org.eclipse.jface 2 0 2022-02-17 10:50:50.822
!MESSAGE A conflict occurred for ALT+SHIFT+R:
Binding(ALT+SHIFT+R,
	ParameterizedCommand(Command(org.eclipse.jdt.ui.edit.text.java.rename.element,Rename - Refactoring ,
		Rename the selected element,
		Category(org.eclipse.jdt.ui.category.refactoring,Refactor - Java,Java Refactoring Actions,true),
		org.eclipse.ui.internal.WorkbenchHandlerServiceHandler@aa8dce8,
		,,true),null),
	org.eclipse.ui.defaultAcceleratorConfiguration,
	org.eclipse.ui.contexts.window,,,system)
Binding(ALT+SHIFT+R,
	ParameterizedCommand(Command(org.eclipse.ui.edit.rename,Rename,
		Rename the selected item,
		Category(org.eclipse.ui.category.file,File,null,true),
		org.eclipse.ui.internal.WorkbenchHandlerServiceHandler@6ad112de,
		,,true),null),
	org.eclipse.ui.defaultAcceleratorConfiguration,
	org.eclipse.ui.contexts.window,,,system)

!ENTRY org.eclipse.egit.ui 2 0 2022-02-17 10:50:53.964
!MESSAGE Warning: The environment variable HOME is not set. The following directory will be used to store the Git
user global configuration and to define the default location to store repositories: 'C:\Users\Alejandro Fernández'. If this is
not correct please set the HOME environment variable and restart Eclipse. Otherwise Git for Windows and
EGit might behave differently since they see different configuration options.
This warning can be switched off on the Team > Git > Confirmations and Warnings preference page.
!SESSION 2022-02-18 09:48:11.352 -----------------------------------------------
eclipse.buildId=4.22.0.I20211124-1800
java.version=17.0.1
java.vendor=Eclipse Adoptium
BootLoader constants: OS=win32, ARCH=x86_64, WS=win32, NL=es_ES
Framework arguments:  -product org.eclipse.epp.package.java.product
Command-line arguments:  -os win32 -ws win32 -arch x86_64 -product org.eclipse.epp.package.java.product

!ENTRY org.eclipse.jface 2 0 2022-02-18 09:48:22.395
!MESSAGE Keybinding conflicts occurred.  They may interfere with normal accelerator operation.
!SUBENTRY 1 org.eclipse.jface 2 0 2022-02-18 09:48:22.395
!MESSAGE A conflict occurred for CTRL+SHIFT+T:
Binding(CTRL+SHIFT+T,
	ParameterizedCommand(Command(org.eclipse.jdt.ui.navigate.open.type,Open Type,
		Open a type in a Java editor,
		Category(org.eclipse.ui.category.navigate,Navigate,null,true),
		org.eclipse.ui.internal.WorkbenchHandlerServiceHandler@4c6fc3e7,
		,,true),null),
	org.eclipse.ui.defaultAcceleratorConfiguration,
	org.eclipse.ui.contexts.window,,,system)
Binding(CTRL+SHIFT+T,
	ParameterizedCommand(Command(org.eclipse.lsp4e.symbolinworkspace,Go to Symbol in Workspace,
		,
		Category(org.eclipse.lsp4e.category,Language Servers,null,true),
		org.eclipse.ui.internal.WorkbenchHandlerServiceHandler@aa8dce8,
		,,true),null),
	org.eclipse.ui.defaultAcceleratorConfiguration,
	org.eclipse.ui.contexts.window,,,system)
!SUBENTRY 1 org.eclipse.jface 2 0 2022-02-18 09:48:22.395
!MESSAGE A conflict occurred for ALT+SHIFT+R:
Binding(ALT+SHIFT+R,
	ParameterizedCommand(Command(org.eclipse.jdt.ui.edit.text.java.rename.element,Rename - Refactoring ,
		Rename the selected element,
		Category(org.eclipse.jdt.ui.category.refactoring,Refactor - Java,Java Refactoring Actions,true),
		org.eclipse.ui.internal.WorkbenchHandlerServiceHandler@6ad112de,
		,,true),null),
	org.eclipse.ui.defaultAcceleratorConfiguration,
	org.eclipse.ui.contexts.window,,,system)
Binding(ALT+SHIFT+R,
	ParameterizedCommand(Command(org.eclipse.ui.edit.rename,Rename,
		Rename the selected item,
		Category(org.eclipse.ui.category.file,File,null,true),
		org.eclipse.ui.internal.WorkbenchHandlerServiceHandler@18a0721b,
		,,true),null),
	org.eclipse.ui.defaultAcceleratorConfiguration,
	org.eclipse.ui.contexts.window,,,system)

!ENTRY org.eclipse.egit.ui 2 0 2022-02-18 09:48:25.057
!MESSAGE Warning: The environment variable HOME is not set. The following directory will be used to store the Git
user global configuration and to define the default location to store repositories: 'C:\Users\Alejandro Fernández'. If this is
not correct please set the HOME environment variable and restart Eclipse. Otherwise Git for Windows and
EGit might behave differently since they see different configuration options.
This warning can be switched off on the Team > Git > Confirmations and Warnings preference page.
!SESSION 2022-02-18 09:48:54.114 -----------------------------------------------
eclipse.buildId=4.22.0.I20211124-1800
java.version=17.0.1
java.vendor=Eclipse Adoptium
BootLoader constants: OS=win32, ARCH=x86_64, WS=win32, NL=es_ES
Framework arguments:  -product org.eclipse.epp.package.java.product
Command-line arguments:  -os win32 -ws win32 -arch x86_64 -product org.eclipse.epp.package.java.product

!ENTRY org.eclipse.jface 2 0 2022-02-18 09:48:58.222
!MESSAGE Keybinding conflicts occurred.  They may interfere with normal accelerator operation.
!SUBENTRY 1 org.eclipse.jface 2 0 2022-02-18 09:48:58.222
!MESSAGE A conflict occurred for CTRL+SHIFT+T:
Binding(CTRL+SHIFT+T,
	ParameterizedCommand(Command(org.eclipse.jdt.ui.navigate.open.type,Open Type,
		Open a type in a Java editor,
		Category(org.eclipse.ui.category.navigate,Navigate,null,true),
		org.eclipse.ui.internal.WorkbenchHandlerServiceHandler@18e8eb59,
		,,true),null),
	org.eclipse.ui.defaultAcceleratorConfiguration,
	org.eclipse.ui.contexts.window,,,system)
Binding(CTRL+SHIFT+T,
	ParameterizedCommand(Command(org.eclipse.lsp4e.symbolinworkspace,Go to Symbol in Workspace,
		,
		Category(org.eclipse.lsp4e.category,Language Servers,null,true),
		org.eclipse.ui.internal.WorkbenchHandlerServiceHandler@2430cf17,
		,,true),null),
	org.eclipse.ui.defaultAcceleratorConfiguration,
	org.eclipse.ui.contexts.window,,,system)
!SUBENTRY 1 org.eclipse.jface 2 0 2022-02-18 09:48:58.222
!MESSAGE A conflict occurred for ALT+SHIFT+R:
Binding(ALT+SHIFT+R,
	ParameterizedCommand(Command(org.eclipse.jdt.ui.edit.text.java.rename.element,Rename - Refactoring ,
		Rename the selected element,
		Category(org.eclipse.jdt.ui.category.refactoring,Refactor - Java,Java Refactoring Actions,true),
		org.eclipse.ui.internal.WorkbenchHandlerServiceHandler@1e95f584,
		,,true),null),
	org.eclipse.ui.defaultAcceleratorConfiguration,
	org.eclipse.ui.contexts.window,,,system)
Binding(ALT+SHIFT+R,
	ParameterizedCommand(Command(org.eclipse.ui.edit.rename,Rename,
		Rename the selected item,
		Category(org.eclipse.ui.category.file,File,null,true),
		org.eclipse.ui.internal.WorkbenchHandlerServiceHandler@54997f67,
		,,true),null),
	org.eclipse.ui.defaultAcceleratorConfiguration,
	org.eclipse.ui.contexts.window,,,system)

!ENTRY org.eclipse.egit.ui 2 0 2022-02-18 09:49:00.326
!MESSAGE Warning: The environment variable HOME is not set. The following directory will be used to store the Git
user global configuration and to define the default location to store repositories: 'C:\Users\Alejandro Fernández'. If this is
not correct please set the HOME environment variable and restart Eclipse. Otherwise Git for Windows and
EGit might behave differently since they see different configuration options.
This warning can be switched off on the Team > Git > Confirmations and Warnings preference page.
!SESSION 2022-02-18 09:49:23.453 -----------------------------------------------
eclipse.buildId=4.22.0.I20211124-1800
java.version=17.0.1
java.vendor=Eclipse Adoptium
BootLoader constants: OS=win32, ARCH=x86_64, WS=win32, NL=es_ES
Framework arguments:  -product org.eclipse.epp.package.java.product
Command-line arguments:  -os win32 -ws win32 -arch x86_64 -product org.eclipse.epp.package.java.product

!ENTRY org.eclipse.jface 2 0 2022-02-18 09:49:27.764
!MESSAGE Keybinding conflicts occurred.  They may interfere with normal accelerator operation.
!SUBENTRY 1 org.eclipse.jface 2 0 2022-02-18 09:49:27.764
!MESSAGE A conflict occurred for CTRL+SHIFT+T:
Binding(CTRL+SHIFT+T,
	ParameterizedCommand(Command(org.eclipse.jdt.ui.navigate.open.type,Open Type,
		Open a type in a Java editor,
		Category(org.eclipse.ui.category.navigate,Navigate,null,true),
		org.eclipse.ui.internal.WorkbenchHandlerServiceHandler@4c6fc3e7,
		,,true),null),
	org.eclipse.ui.defaultAcceleratorConfiguration,
	org.eclipse.ui.contexts.window,,,system)
Binding(CTRL+SHIFT+T,
	ParameterizedCommand(Command(org.eclipse.lsp4e.symbolinworkspace,Go to Symbol in Workspace,
		,
		Category(org.eclipse.lsp4e.category,Language Servers,null,true),
		org.eclipse.ui.internal.WorkbenchHandlerServiceHandler@aa8dce8,
		,,true),null),
	org.eclipse.ui.defaultAcceleratorConfiguration,
	org.eclipse.ui.contexts.window,,,system)
!SUBENTRY 1 org.eclipse.jface 2 0 2022-02-18 09:49:27.764
!MESSAGE A conflict occurred for ALT+SHIFT+R:
Binding(ALT+SHIFT+R,
	ParameterizedCommand(Command(org.eclipse.jdt.ui.edit.text.java.rename.element,Rename - Refactoring ,
		Rename the selected element,
		Category(org.eclipse.jdt.ui.category.refactoring,Refactor - Java,Java Refactoring Actions,true),
		org.eclipse.ui.internal.WorkbenchHandlerServiceHandler@6ad112de,
		,,true),null),
	org.eclipse.ui.defaultAcceleratorConfiguration,
	org.eclipse.ui.contexts.window,,,system)
Binding(ALT+SHIFT+R,
	ParameterizedCommand(Command(org.eclipse.ui.edit.rename,Rename,
		Rename the selected item,
		Category(org.eclipse.ui.category.file,File,null,true),
		org.eclipse.ui.internal.WorkbenchHandlerServiceHandler@18a0721b,
		,,true),null),
	org.eclipse.ui.defaultAcceleratorConfiguration,
	org.eclipse.ui.contexts.window,,,system)

!ENTRY org.eclipse.egit.ui 2 0 2022-02-18 09:49:30.080
!MESSAGE Warning: The environment variable HOME is not set. The following directory will be used to store the Git
user global configuration and to define the default location to store repositories: 'C:\Users\Alejandro Fernández'. If this is
not correct please set the HOME environment variable and restart Eclipse. Otherwise Git for Windows and
EGit might behave differently since they see different configuration options.
This warning can be switched off on the Team > Git > Confirmations and Warnings preference page.
!SESSION 2022-02-24 10:40:30.755 -----------------------------------------------
eclipse.buildId=4.22.0.I20211124-1800
java.version=17.0.1
java.vendor=Eclipse Adoptium
BootLoader constants: OS=win32, ARCH=x86_64, WS=win32, NL=es_ES
Framework arguments:  -product org.eclipse.epp.package.java.product
Command-line arguments:  -os win32 -ws win32 -arch x86_64 -product org.eclipse.epp.package.java.product

!ENTRY org.eclipse.jface 2 0 2022-02-24 10:40:40.869
!MESSAGE Keybinding conflicts occurred.  They may interfere with normal accelerator operation.
!SUBENTRY 1 org.eclipse.jface 2 0 2022-02-24 10:40:40.869
!MESSAGE A conflict occurred for CTRL+SHIFT+T:
Binding(CTRL+SHIFT+T,
	ParameterizedCommand(Command(org.eclipse.jdt.ui.navigate.open.type,Open Type,
		Open a type in a Java editor,
		Category(org.eclipse.ui.category.navigate,Navigate,null,true),
		org.eclipse.ui.internal.WorkbenchHandlerServiceHandler@5534e6f1,
		,,true),null),
	org.eclipse.ui.defaultAcceleratorConfiguration,
	org.eclipse.ui.contexts.window,,,system)
Binding(CTRL+SHIFT+T,
	ParameterizedCommand(Command(org.eclipse.lsp4e.symbolinworkspace,Go to Symbol in Workspace,
		,
		Category(org.eclipse.lsp4e.category,Language Servers,null,true),
		org.eclipse.ui.internal.WorkbenchHandlerServiceHandler@4c6fc3e7,
		,,true),null),
	org.eclipse.ui.defaultAcceleratorConfiguration,
	org.eclipse.ui.contexts.window,,,system)
!SUBENTRY 1 org.eclipse.jface 2 0 2022-02-24 10:40:40.869
!MESSAGE A conflict occurred for ALT+SHIFT+R:
Binding(ALT+SHIFT+R,
	ParameterizedCommand(Command(org.eclipse.jdt.ui.edit.text.java.rename.element,Rename - Refactoring ,
		Rename the selected element,
		Category(org.eclipse.jdt.ui.category.refactoring,Refactor - Java,Java Refactoring Actions,true),
		org.eclipse.ui.internal.WorkbenchHandlerServiceHandler@aa8dce8,
		,,true),null),
	org.eclipse.ui.defaultAcceleratorConfiguration,
	org.eclipse.ui.contexts.window,,,system)
Binding(ALT+SHIFT+R,
	ParameterizedCommand(Command(org.eclipse.ui.edit.rename,Rename,
		Rename the selected item,
		Category(org.eclipse.ui.category.file,File,null,true),
		org.eclipse.ui.internal.WorkbenchHandlerServiceHandler@6ad112de,
		,,true),null),
	org.eclipse.ui.defaultAcceleratorConfiguration,
	org.eclipse.ui.contexts.window,,,system)

!ENTRY org.eclipse.egit.ui 2 0 2022-02-24 10:40:43.812
!MESSAGE Warning: The environment variable HOME is not set. The following directory will be used to store the Git
user global configuration and to define the default location to store repositories: 'C:\Users\Alejandro Fernández'. If this is
not correct please set the HOME environment variable and restart Eclipse. Otherwise Git for Windows and
EGit might behave differently since they see different configuration options.
This warning can be switched off on the Team > Git > Confirmations and Warnings preference page.
!SESSION 2022-02-24 11:02:52.453 -----------------------------------------------
eclipse.buildId=4.22.0.I20211124-1800
java.version=17.0.1
java.vendor=Eclipse Adoptium
BootLoader constants: OS=win32, ARCH=x86_64, WS=win32, NL=es_ES
Framework arguments:  -product org.eclipse.epp.package.java.product
Command-line arguments:  -os win32 -ws win32 -arch x86_64 -product org.eclipse.epp.package.java.product

!ENTRY org.eclipse.jface 2 0 2022-02-24 11:02:55.268
!MESSAGE Keybinding conflicts occurred.  They may interfere with normal accelerator operation.
!SUBENTRY 1 org.eclipse.jface 2 0 2022-02-24 11:02:55.268
!MESSAGE A conflict occurred for CTRL+SHIFT+T:
Binding(CTRL+SHIFT+T,
	ParameterizedCommand(Command(org.eclipse.jdt.ui.navigate.open.type,Open Type,
		Open a type in a Java editor,
		Category(org.eclipse.ui.category.navigate,Navigate,null,true),
		org.eclipse.ui.internal.WorkbenchHandlerServiceHandler@62360a68,
		,,true),null),
	org.eclipse.ui.defaultAcceleratorConfiguration,
	org.eclipse.ui.contexts.window,,,system)
Binding(CTRL+SHIFT+T,
	ParameterizedCommand(Command(org.eclipse.lsp4e.symbolinworkspace,Go to Symbol in Workspace,
		,
		Category(org.eclipse.lsp4e.category,Language Servers,null,true),
		org.eclipse.ui.internal.WorkbenchHandlerServiceHandler@1450ffa3,
		,,true),null),
	org.eclipse.ui.defaultAcceleratorConfiguration,
	org.eclipse.ui.contexts.window,,,system)
!SUBENTRY 1 org.eclipse.jface 2 0 2022-02-24 11:02:55.268
!MESSAGE A conflict occurred for ALT+SHIFT+R:
Binding(ALT+SHIFT+R,
	ParameterizedCommand(Command(org.eclipse.jdt.ui.edit.text.java.rename.element,Rename - Refactoring ,
		Rename the selected element,
		Category(org.eclipse.jdt.ui.category.refactoring,Refactor - Java,Java Refactoring Actions,true),
		org.eclipse.ui.internal.WorkbenchHandlerServiceHandler@4e756867,
		,,true),null),
	org.eclipse.ui.defaultAcceleratorConfiguration,
	org.eclipse.ui.contexts.window,,,system)
Binding(ALT+SHIFT+R,
	ParameterizedCommand(Command(org.eclipse.ui.edit.rename,Rename,
		Rename the selected item,
		Category(org.eclipse.ui.category.file,File,null,true),
		org.eclipse.ui.internal.WorkbenchHandlerServiceHandler@38ebc866,
		,,true),null),
	org.eclipse.ui.defaultAcceleratorConfiguration,
	org.eclipse.ui.contexts.window,,,system)

!ENTRY org.eclipse.egit.ui 2 0 2022-02-24 11:02:57.525
!MESSAGE Warning: The environment variable HOME is not set. The following directory will be used to store the Git
user global configuration and to define the default location to store repositories: 'C:\Users\Alejandro Fernández'. If this is
not correct please set the HOME environment variable and restart Eclipse. Otherwise Git for Windows and
EGit might behave differently since they see different configuration options.
This warning can be switched off on the Team > Git > Confirmations and Warnings preference page.
!SESSION 2022-02-24 11:03:13.758 -----------------------------------------------
eclipse.buildId=4.22.0.I20211124-1800
java.version=17.0.1
java.vendor=Eclipse Adoptium
BootLoader constants: OS=win32, ARCH=x86_64, WS=win32, NL=es_ES
Framework arguments:  -product org.eclipse.epp.package.java.product
Command-line arguments:  -os win32 -ws win32 -arch x86_64 -product org.eclipse.epp.package.java.product

!ENTRY org.eclipse.jface 2 0 2022-02-24 11:03:16.488
!MESSAGE Keybinding conflicts occurred.  They may interfere with normal accelerator operation.
!SUBENTRY 1 org.eclipse.jface 2 0 2022-02-24 11:03:16.488
!MESSAGE A conflict occurred for CTRL+SHIFT+T:
Binding(CTRL+SHIFT+T,
	ParameterizedCommand(Command(org.eclipse.jdt.ui.navigate.open.type,Open Type,
		Open a type in a Java editor,
		Category(org.eclipse.ui.category.navigate,Navigate,null,true),
		org.eclipse.ui.internal.WorkbenchHandlerServiceHandler@6d4502ca,
		,,true),null),
	org.eclipse.ui.defaultAcceleratorConfiguration,
	org.eclipse.ui.contexts.window,,,system)
Binding(CTRL+SHIFT+T,
	ParameterizedCommand(Command(org.eclipse.lsp4e.symbolinworkspace,Go to Symbol in Workspace,
		,
		Category(org.eclipse.lsp4e.category,Language Servers,null,true),
		org.eclipse.ui.internal.WorkbenchHandlerServiceHandler@ab2009f,
		,,true),null),
	org.eclipse.ui.defaultAcceleratorConfiguration,
	org.eclipse.ui.contexts.window,,,system)
!SUBENTRY 1 org.eclipse.jface 2 0 2022-02-24 11:03:16.488
!MESSAGE A conflict occurred for ALT+SHIFT+R:
Binding(ALT+SHIFT+R,
	ParameterizedCommand(Command(org.eclipse.jdt.ui.edit.text.java.rename.element,Rename - Refactoring ,
		Rename the selected element,
		Category(org.eclipse.jdt.ui.category.refactoring,Refactor - Java,Java Refactoring Actions,true),
		org.eclipse.ui.internal.WorkbenchHandlerServiceHandler@2a11ae0b,
		,,true),null),
	org.eclipse.ui.defaultAcceleratorConfiguration,
	org.eclipse.ui.contexts.window,,,system)
Binding(ALT+SHIFT+R,
	ParameterizedCommand(Command(org.eclipse.ui.edit.rename,Rename,
		Rename the selected item,
		Category(org.eclipse.ui.category.file,File,null,true),
		org.eclipse.ui.internal.WorkbenchHandlerServiceHandler@1e4d8770,
		,,true),null),
	org.eclipse.ui.defaultAcceleratorConfiguration,
	org.eclipse.ui.contexts.window,,,system)

!ENTRY org.eclipse.egit.ui 2 0 2022-02-24 11:03:18.764
!MESSAGE Warning: The environment variable HOME is not set. The following directory will be used to store the Git
user global configuration and to define the default location to store repositories: 'C:\Users\Alejandro Fernández'. If this is
not correct please set the HOME environment variable and restart Eclipse. Otherwise Git for Windows and
EGit might behave differently since they see different configuration options.
This warning can be switched off on the Team > Git > Confirmations and Warnings preference page.
!SESSION 2022-02-27 17:06:37.116 -----------------------------------------------
eclipse.buildId=4.22.0.I20211124-1800
java.version=17.0.1
java.vendor=Eclipse Adoptium
BootLoader constants: OS=win32, ARCH=x86_64, WS=win32, NL=es_ES
Framework arguments:  -product org.eclipse.epp.package.java.product
Command-line arguments:  -os win32 -ws win32 -arch x86_64 -product org.eclipse.epp.package.java.product

!ENTRY org.eclipse.core.resources 4 567 2022-02-27 17:07:46.540
!MESSAGE Workspace restored, but some problems occurred.
!SUBENTRY 1 org.eclipse.core.resources 4 567 2022-02-27 17:07:46.540
!MESSAGE Could not read metadata for '.org.eclipse.egit.core.cmp'.
!STACK 1
org.eclipse.core.internal.resources.ResourceException(/.org.eclipse.egit.core.cmp)[567]: java.lang.Exception: The project description file (.project) for '.org.eclipse.egit.core.cmp' is missing.  This file contains important information about the project.  The project will not function properly until this file is restored.
	at org.eclipse.core.internal.resources.ResourceException.provideStackTrace(ResourceException.java:42)
	at org.eclipse.core.internal.resources.ResourceException.<init>(ResourceException.java:38)
	at org.eclipse.core.internal.localstore.FileSystemResourceManager.read(FileSystemResourceManager.java:908)
	at org.eclipse.core.internal.resources.SaveManager.restoreMetaInfo(SaveManager.java:888)
	at org.eclipse.core.internal.resources.SaveManager.restoreMetaInfo(SaveManager.java:868)
	at org.eclipse.core.internal.resources.SaveManager.restore(SaveManager.java:724)
	at org.eclipse.core.internal.resources.SaveManager.startup(SaveManager.java:1555)
	at org.eclipse.core.internal.resources.Workspace.startup(Workspace.java:2480)
	at org.eclipse.core.internal.resources.Workspace.open(Workspace.java:2231)
	at org.eclipse.core.resources.ResourcesPlugin.start(ResourcesPlugin.java:475)
	at org.eclipse.osgi.internal.framework.BundleContextImpl.lambda$2(BundleContextImpl.java:808)
	at java.base/java.security.AccessController.doPrivileged(AccessController.java:569)
	at org.eclipse.osgi.internal.framework.BundleContextImpl.startActivator(BundleContextImpl.java:802)
	at org.eclipse.osgi.internal.framework.BundleContextImpl.start(BundleContextImpl.java:759)
	at org.eclipse.osgi.internal.framework.EquinoxBundle.startWorker0(EquinoxBundle.java:1019)
	at org.eclipse.osgi.internal.framework.EquinoxBundle$EquinoxModule.startWorker(EquinoxBundle.java:365)
	at org.eclipse.osgi.container.Module.doStart(Module.java:605)
	at org.eclipse.osgi.container.Module.start(Module.java:468)
	at org.eclipse.osgi.framework.util.SecureAction.start(SecureAction.java:404)
	at org.eclipse.osgi.internal.hooks.EclipseLazyStarter.postFindLocalClass(EclipseLazyStarter.java:117)
	at org.eclipse.osgi.internal.loader.classpath.ClasspathManager.findLocalClass(ClasspathManager.java:570)
	at org.eclipse.osgi.internal.loader.ModuleClassLoader.findLocalClass(ModuleClassLoader.java:335)
	at org.eclipse.osgi.internal.loader.BundleLoader.findLocalClass(BundleLoader.java:384)
	at org.eclipse.osgi.internal.loader.sources.SingleSourcePackage.loadClass(SingleSourcePackage.java:41)
	at org.eclipse.osgi.internal.loader.BundleLoader.findClass0(BundleLoader.java:471)
	at org.eclipse.osgi.internal.loader.BundleLoader.findClass(BundleLoader.java:403)
	at org.eclipse.osgi.internal.loader.ModuleClassLoader.loadClass(ModuleClassLoader.java:168)
	at java.base/java.lang.ClassLoader.loadClass(ClassLoader.java:520)
	at org.eclipse.ui.internal.ide.application.IDEApplication.start(IDEApplication.java:153)
	at org.eclipse.equinox.internal.app.EclipseAppHandle.run(EclipseAppHandle.java:203)
	at org.eclipse.core.runtime.internal.adaptor.EclipseAppLauncher.runApplication(EclipseAppLauncher.java:136)
	at org.eclipse.core.runtime.internal.adaptor.EclipseAppLauncher.start(EclipseAppLauncher.java:104)
	at org.eclipse.core.runtime.adaptor.EclipseStarter.run(EclipseStarter.java:401)
	at org.eclipse.core.runtime.adaptor.EclipseStarter.run(EclipseStarter.java:255)
	at java.base/jdk.internal.reflect.NativeMethodAccessorImpl.invoke0(Native Method)
	at java.base/jdk.internal.reflect.NativeMethodAccessorImpl.invoke(NativeMethodAccessorImpl.java:77)
	at java.base/jdk.internal.reflect.DelegatingMethodAccessorImpl.invoke(DelegatingMethodAccessorImpl.java:43)
	at java.base/java.lang.reflect.Method.invoke(Method.java:568)
	at org.eclipse.equinox.launcher.Main.invokeFramework(Main.java:659)
	at org.eclipse.equinox.launcher.Main.basicRun(Main.java:596)
	at org.eclipse.equinox.launcher.Main.run(Main.java:1467)
!SUBENTRY 2 org.eclipse.core.resources 4 567 2022-02-27 17:07:46.540
!MESSAGE The project description file (.project) for '.org.eclipse.egit.core.cmp' is missing.  This file contains important information about the project.  The project will not function properly until this file is restored.
!STACK 0
java.lang.Exception: The project description file (.project) for '.org.eclipse.egit.core.cmp' is missing.  This file contains important information about the project.  The project will not function properly until this file is restored.
	at org.eclipse.core.internal.resources.ResourceException.provideStackTrace(ResourceException.java:42)
	at org.eclipse.core.internal.resources.ResourceException.<init>(ResourceException.java:38)
	at org.eclipse.core.internal.localstore.FileSystemResourceManager.read(FileSystemResourceManager.java:908)
	at org.eclipse.core.internal.resources.SaveManager.restoreMetaInfo(SaveManager.java:888)
	at org.eclipse.core.internal.resources.SaveManager.restoreMetaInfo(SaveManager.java:868)
	at org.eclipse.core.internal.resources.SaveManager.restore(SaveManager.java:724)
	at org.eclipse.core.internal.resources.SaveManager.startup(SaveManager.java:1555)
	at org.eclipse.core.internal.resources.Workspace.startup(Workspace.java:2480)
	at org.eclipse.core.internal.resources.Workspace.open(Workspace.java:2231)
	at org.eclipse.core.resources.ResourcesPlugin.start(ResourcesPlugin.java:475)
	at org.eclipse.osgi.internal.framework.BundleContextImpl.lambda$2(BundleContextImpl.java:808)
	at java.base/java.security.AccessController.doPrivileged(AccessController.java:569)
	at org.eclipse.osgi.internal.framework.BundleContextImpl.startActivator(BundleContextImpl.java:802)
	at org.eclipse.osgi.internal.framework.BundleContextImpl.start(BundleContextImpl.java:759)
	at org.eclipse.osgi.internal.framework.EquinoxBundle.startWorker0(EquinoxBundle.java:1019)
	at org.eclipse.osgi.internal.framework.EquinoxBundle$EquinoxModule.startWorker(EquinoxBundle.java:365)
	at org.eclipse.osgi.container.Module.doStart(Module.java:605)
	at org.eclipse.osgi.container.Module.start(Module.java:468)
	at org.eclipse.osgi.framework.util.SecureAction.start(SecureAction.java:404)
	at org.eclipse.osgi.internal.hooks.EclipseLazyStarter.postFindLocalClass(EclipseLazyStarter.java:117)
	at org.eclipse.osgi.internal.loader.classpath.ClasspathManager.findLocalClass(ClasspathManager.java:570)
	at org.eclipse.osgi.internal.loader.ModuleClassLoader.findLocalClass(ModuleClassLoader.java:335)
	at org.eclipse.osgi.internal.loader.BundleLoader.findLocalClass(BundleLoader.java:384)
	at org.eclipse.osgi.internal.loader.sources.SingleSourcePackage.loadClass(SingleSourcePackage.java:41)
	at org.eclipse.osgi.internal.loader.BundleLoader.findClass0(BundleLoader.java:471)
	at org.eclipse.osgi.internal.loader.BundleLoader.findClass(BundleLoader.java:403)
	at org.eclipse.osgi.internal.loader.ModuleClassLoader.loadClass(ModuleClassLoader.java:168)
	at java.base/java.lang.ClassLoader.loadClass(ClassLoader.java:520)
	at org.eclipse.ui.internal.ide.application.IDEApplication.start(IDEApplication.java:153)
	at org.eclipse.equinox.internal.app.EclipseAppHandle.run(EclipseAppHandle.java:203)
	at org.eclipse.core.runtime.internal.adaptor.EclipseAppLauncher.runApplication(EclipseAppLauncher.java:136)
	at org.eclipse.core.runtime.internal.adaptor.EclipseAppLauncher.start(EclipseAppLauncher.java:104)
	at org.eclipse.core.runtime.adaptor.EclipseStarter.run(EclipseStarter.java:401)
	at org.eclipse.core.runtime.adaptor.EclipseStarter.run(EclipseStarter.java:255)
	at java.base/jdk.internal.reflect.NativeMethodAccessorImpl.invoke0(Native Method)
	at java.base/jdk.internal.reflect.NativeMethodAccessorImpl.invoke(NativeMethodAccessorImpl.java:77)
	at java.base/jdk.internal.reflect.DelegatingMethodAccessorImpl.invoke(DelegatingMethodAccessorImpl.java:43)
	at java.base/java.lang.reflect.Method.invoke(Method.java:568)
	at org.eclipse.equinox.launcher.Main.invokeFramework(Main.java:659)
	at org.eclipse.equinox.launcher.Main.basicRun(Main.java:596)
	at org.eclipse.equinox.launcher.Main.run(Main.java:1467)

!ENTRY org.eclipse.jface 2 0 2022-02-27 17:07:50.402
!MESSAGE Keybinding conflicts occurred.  They may interfere with normal accelerator operation.
!SUBENTRY 1 org.eclipse.jface 2 0 2022-02-27 17:07:50.402
!MESSAGE A conflict occurred for CTRL+SHIFT+T:
Binding(CTRL+SHIFT+T,
	ParameterizedCommand(Command(org.eclipse.jdt.ui.navigate.open.type,Open Type,
		Open a type in a Java editor,
		Category(org.eclipse.ui.category.navigate,Navigate,null,true),
		org.eclipse.ui.internal.WorkbenchHandlerServiceHandler@17f41739,
		,,true),null),
	org.eclipse.ui.defaultAcceleratorConfiguration,
	org.eclipse.ui.contexts.window,,,system)
Binding(CTRL+SHIFT+T,
	ParameterizedCommand(Command(org.eclipse.lsp4e.symbolinworkspace,Go to Symbol in Workspace,
		,
		Category(org.eclipse.lsp4e.category,Language Servers,null,true),
		org.eclipse.ui.internal.WorkbenchHandlerServiceHandler@2b3b1124,
		,,true),null),
	org.eclipse.ui.defaultAcceleratorConfiguration,
	org.eclipse.ui.contexts.window,,,system)
!SUBENTRY 1 org.eclipse.jface 2 0 2022-02-27 17:07:50.402
!MESSAGE A conflict occurred for ALT+SHIFT+R:
Binding(ALT+SHIFT+R,
	ParameterizedCommand(Command(org.eclipse.jdt.ui.edit.text.java.rename.element,Rename - Refactoring ,
		Rename the selected element,
		Category(org.eclipse.jdt.ui.category.refactoring,Refactor - Java,Java Refactoring Actions,true),
		org.eclipse.ui.internal.WorkbenchHandlerServiceHandler@54286339,
		,,true),null),
	org.eclipse.ui.defaultAcceleratorConfiguration,
	org.eclipse.ui.contexts.window,,,system)
Binding(ALT+SHIFT+R,
	ParameterizedCommand(Command(org.eclipse.ui.edit.rename,Rename,
		Rename the selected item,
		Category(org.eclipse.ui.category.file,File,null,true),
		org.eclipse.ui.internal.WorkbenchHandlerServiceHandler@507f47f9,
		,,true),null),
	org.eclipse.ui.defaultAcceleratorConfiguration,
	org.eclipse.ui.contexts.window,,,system)

!ENTRY org.eclipse.egit.ui 2 0 2022-02-27 17:07:55.832
!MESSAGE Warning: The environment variable HOME is not set. The following directory will be used to store the Git
user global configuration and to define the default location to store repositories: 'C:\Users\aleja'. If this is
not correct please set the HOME environment variable and restart Eclipse. Otherwise Git for Windows and
EGit might behave differently since they see different configuration options.
This warning can be switched off on the Team > Git > Confirmations and Warnings preference page.
!SESSION 2022-02-27 17:10:06.692 -----------------------------------------------
eclipse.buildId=4.22.0.I20211124-1800
java.version=17.0.1
java.vendor=Eclipse Adoptium
BootLoader constants: OS=win32, ARCH=x86_64, WS=win32, NL=es_ES
Framework arguments:  -product org.eclipse.epp.package.java.product -product org.eclipse.epp.package.java.product
Command-line arguments:  -os win32 -ws win32 -arch x86_64 -product org.eclipse.epp.package.java.product -data C:\Users\Alejandro Fernández\OneDrive - UNIVERSIDAD DE SEVILLA\Ing. Informatíca\CODE\JAVA -product org.eclipse.epp.package.java.product

!ENTRY org.eclipse.core.resources 2 10035 2022-02-27 17:10:07.953
!MESSAGE The workspace exited with unsaved changes in the previous session; refreshing workspace to recover changes.

!ENTRY org.eclipse.core.resources 4 567 2022-02-27 17:10:09.156
!MESSAGE Workspace restored, but some problems occurred.
!SUBENTRY 1 org.eclipse.core.resources 4 567 2022-02-27 17:10:09.156
!MESSAGE Could not read metadata for '.org.eclipse.egit.core.cmp'.
!STACK 1
org.eclipse.core.internal.resources.ResourceException(/.org.eclipse.egit.core.cmp)[567]: java.lang.Exception: The project description file (.project) for '.org.eclipse.egit.core.cmp' is missing.  This file contains important information about the project.  The project will not function properly until this file is restored.
	at org.eclipse.core.internal.resources.ResourceException.provideStackTrace(ResourceException.java:42)
	at org.eclipse.core.internal.resources.ResourceException.<init>(ResourceException.java:38)
	at org.eclipse.core.internal.localstore.FileSystemResourceManager.read(FileSystemResourceManager.java:908)
	at org.eclipse.core.internal.resources.SaveManager.restoreMetaInfo(SaveManager.java:888)
	at org.eclipse.core.internal.resources.SaveManager.restoreMetaInfo(SaveManager.java:868)
	at org.eclipse.core.internal.resources.SaveManager.restore(SaveManager.java:724)
	at org.eclipse.core.internal.resources.SaveManager.startup(SaveManager.java:1555)
	at org.eclipse.core.internal.resources.Workspace.startup(Workspace.java:2480)
	at org.eclipse.core.internal.resources.Workspace.open(Workspace.java:2231)
	at org.eclipse.core.resources.ResourcesPlugin.start(ResourcesPlugin.java:475)
	at org.eclipse.osgi.internal.framework.BundleContextImpl.lambda$2(BundleContextImpl.java:808)
	at java.base/java.security.AccessController.doPrivileged(AccessController.java:569)
	at org.eclipse.osgi.internal.framework.BundleContextImpl.startActivator(BundleContextImpl.java:802)
	at org.eclipse.osgi.internal.framework.BundleContextImpl.start(BundleContextImpl.java:759)
	at org.eclipse.osgi.internal.framework.EquinoxBundle.startWorker0(EquinoxBundle.java:1019)
	at org.eclipse.osgi.internal.framework.EquinoxBundle$EquinoxModule.startWorker(EquinoxBundle.java:365)
	at org.eclipse.osgi.container.Module.doStart(Module.java:605)
	at org.eclipse.osgi.container.Module.start(Module.java:468)
	at org.eclipse.osgi.framework.util.SecureAction.start(SecureAction.java:404)
	at org.eclipse.osgi.internal.hooks.EclipseLazyStarter.postFindLocalClass(EclipseLazyStarter.java:117)
	at org.eclipse.osgi.internal.loader.classpath.ClasspathManager.findLocalClass(ClasspathManager.java:570)
	at org.eclipse.osgi.internal.loader.ModuleClassLoader.findLocalClass(ModuleClassLoader.java:335)
	at org.eclipse.osgi.internal.loader.BundleLoader.findLocalClass(BundleLoader.java:384)
	at org.eclipse.osgi.internal.loader.sources.SingleSourcePackage.loadClass(SingleSourcePackage.java:41)
	at org.eclipse.osgi.internal.loader.BundleLoader.findClass0(BundleLoader.java:471)
	at org.eclipse.osgi.internal.loader.BundleLoader.findClass(BundleLoader.java:403)
	at org.eclipse.osgi.internal.loader.ModuleClassLoader.loadClass(ModuleClassLoader.java:168)
	at java.base/java.lang.ClassLoader.loadClass(ClassLoader.java:520)
	at org.eclipse.ui.internal.ide.application.IDEApplication.start(IDEApplication.java:153)
	at org.eclipse.equinox.internal.app.EclipseAppHandle.run(EclipseAppHandle.java:203)
	at org.eclipse.core.runtime.internal.adaptor.EclipseAppLauncher.runApplication(EclipseAppLauncher.java:136)
	at org.eclipse.core.runtime.internal.adaptor.EclipseAppLauncher.start(EclipseAppLauncher.java:104)
	at org.eclipse.core.runtime.adaptor.EclipseStarter.run(EclipseStarter.java:401)
	at org.eclipse.core.runtime.adaptor.EclipseStarter.run(EclipseStarter.java:255)
	at java.base/jdk.internal.reflect.NativeMethodAccessorImpl.invoke0(Native Method)
	at java.base/jdk.internal.reflect.NativeMethodAccessorImpl.invoke(NativeMethodAccessorImpl.java:77)
	at java.base/jdk.internal.reflect.DelegatingMethodAccessorImpl.invoke(DelegatingMethodAccessorImpl.java:43)
	at java.base/java.lang.reflect.Method.invoke(Method.java:568)
	at org.eclipse.equinox.launcher.Main.invokeFramework(Main.java:659)
	at org.eclipse.equinox.launcher.Main.basicRun(Main.java:596)
	at org.eclipse.equinox.launcher.Main.run(Main.java:1467)
!SUBENTRY 2 org.eclipse.core.resources 4 567 2022-02-27 17:10:09.156
!MESSAGE The project description file (.project) for '.org.eclipse.egit.core.cmp' is missing.  This file contains important information about the project.  The project will not function properly until this file is restored.
!STACK 0
java.lang.Exception: The project description file (.project) for '.org.eclipse.egit.core.cmp' is missing.  This file contains important information about the project.  The project will not function properly until this file is restored.
	at org.eclipse.core.internal.resources.ResourceException.provideStackTrace(ResourceException.java:42)
	at org.eclipse.core.internal.resources.ResourceException.<init>(ResourceException.java:38)
	at org.eclipse.core.internal.localstore.FileSystemResourceManager.read(FileSystemResourceManager.java:908)
	at org.eclipse.core.internal.resources.SaveManager.restoreMetaInfo(SaveManager.java:888)
	at org.eclipse.core.internal.resources.SaveManager.restoreMetaInfo(SaveManager.java:868)
	at org.eclipse.core.internal.resources.SaveManager.restore(SaveManager.java:724)
	at org.eclipse.core.internal.resources.SaveManager.startup(SaveManager.java:1555)
	at org.eclipse.core.internal.resources.Workspace.startup(Workspace.java:2480)
	at org.eclipse.core.internal.resources.Workspace.open(Workspace.java:2231)
	at org.eclipse.core.resources.ResourcesPlugin.start(ResourcesPlugin.java:475)
	at org.eclipse.osgi.internal.framework.BundleContextImpl.lambda$2(BundleContextImpl.java:808)
	at java.base/java.security.AccessController.doPrivileged(AccessController.java:569)
	at org.eclipse.osgi.internal.framework.BundleContextImpl.startActivator(BundleContextImpl.java:802)
	at org.eclipse.osgi.internal.framework.BundleContextImpl.start(BundleContextImpl.java:759)
	at org.eclipse.osgi.internal.framework.EquinoxBundle.startWorker0(EquinoxBundle.java:1019)
	at org.eclipse.osgi.internal.framework.EquinoxBundle$EquinoxModule.startWorker(EquinoxBundle.java:365)
	at org.eclipse.osgi.container.Module.doStart(Module.java:605)
	at org.eclipse.osgi.container.Module.start(Module.java:468)
	at org.eclipse.osgi.framework.util.SecureAction.start(SecureAction.java:404)
	at org.eclipse.osgi.internal.hooks.EclipseLazyStarter.postFindLocalClass(EclipseLazyStarter.java:117)
	at org.eclipse.osgi.internal.loader.classpath.ClasspathManager.findLocalClass(ClasspathManager.java:570)
	at org.eclipse.osgi.internal.loader.ModuleClassLoader.findLocalClass(ModuleClassLoader.java:335)
	at org.eclipse.osgi.internal.loader.BundleLoader.findLocalClass(BundleLoader.java:384)
	at org.eclipse.osgi.internal.loader.sources.SingleSourcePackage.loadClass(SingleSourcePackage.java:41)
	at org.eclipse.osgi.internal.loader.BundleLoader.findClass0(BundleLoader.java:471)
	at org.eclipse.osgi.internal.loader.BundleLoader.findClass(BundleLoader.java:403)
	at org.eclipse.osgi.internal.loader.ModuleClassLoader.loadClass(ModuleClassLoader.java:168)
	at java.base/java.lang.ClassLoader.loadClass(ClassLoader.java:520)
	at org.eclipse.ui.internal.ide.application.IDEApplication.start(IDEApplication.java:153)
	at org.eclipse.equinox.internal.app.EclipseAppHandle.run(EclipseAppHandle.java:203)
	at org.eclipse.core.runtime.internal.adaptor.EclipseAppLauncher.runApplication(EclipseAppLauncher.java:136)
	at org.eclipse.core.runtime.internal.adaptor.EclipseAppLauncher.start(EclipseAppLauncher.java:104)
	at org.eclipse.core.runtime.adaptor.EclipseStarter.run(EclipseStarter.java:401)
	at org.eclipse.core.runtime.adaptor.EclipseStarter.run(EclipseStarter.java:255)
	at java.base/jdk.internal.reflect.NativeMethodAccessorImpl.invoke0(Native Method)
	at java.base/jdk.internal.reflect.NativeMethodAccessorImpl.invoke(NativeMethodAccessorImpl.java:77)
	at java.base/jdk.internal.reflect.DelegatingMethodAccessorImpl.invoke(DelegatingMethodAccessorImpl.java:43)
	at java.base/java.lang.reflect.Method.invoke(Method.java:568)
	at org.eclipse.equinox.launcher.Main.invokeFramework(Main.java:659)
	at org.eclipse.equinox.launcher.Main.basicRun(Main.java:596)
	at org.eclipse.equinox.launcher.Main.run(Main.java:1467)

!ENTRY org.eclipse.jface 2 0 2022-02-27 17:10:10.458
!MESSAGE Keybinding conflicts occurred.  They may interfere with normal accelerator operation.
!SUBENTRY 1 org.eclipse.jface 2 0 2022-02-27 17:10:10.458
!MESSAGE A conflict occurred for CTRL+SHIFT+T:
Binding(CTRL+SHIFT+T,
	ParameterizedCommand(Command(org.eclipse.jdt.ui.navigate.open.type,Open Type,
		Open a type in a Java editor,
		Category(org.eclipse.ui.category.navigate,Navigate,null,true),
		org.eclipse.ui.internal.WorkbenchHandlerServiceHandler@48692405,
		,,true),null),
	org.eclipse.ui.defaultAcceleratorConfiguration,
	org.eclipse.ui.contexts.window,,,system)
Binding(CTRL+SHIFT+T,
	ParameterizedCommand(Command(org.eclipse.lsp4e.symbolinworkspace,Go to Symbol in Workspace,
		,
		Category(org.eclipse.lsp4e.category,Language Servers,null,true),
		org.eclipse.ui.internal.WorkbenchHandlerServiceHandler@151659dd,
		,,true),null),
	org.eclipse.ui.defaultAcceleratorConfiguration,
	org.eclipse.ui.contexts.window,,,system)
!SUBENTRY 1 org.eclipse.jface 2 0 2022-02-27 17:10:10.458
!MESSAGE A conflict occurred for ALT+SHIFT+R:
Binding(ALT+SHIFT+R,
	ParameterizedCommand(Command(org.eclipse.jdt.ui.edit.text.java.rename.element,Rename - Refactoring ,
		Rename the selected element,
		Category(org.eclipse.jdt.ui.category.refactoring,Refactor - Java,Java Refactoring Actions,true),
		org.eclipse.ui.internal.WorkbenchHandlerServiceHandler@4a58e0e9,
		,,true),null),
	org.eclipse.ui.defaultAcceleratorConfiguration,
	org.eclipse.ui.contexts.window,,,system)
Binding(ALT+SHIFT+R,
	ParameterizedCommand(Command(org.eclipse.ui.edit.rename,Rename,
		Rename the selected item,
		Category(org.eclipse.ui.category.file,File,null,true),
		org.eclipse.ui.internal.WorkbenchHandlerServiceHandler@e8c84eb,
		,,true),null),
	org.eclipse.ui.defaultAcceleratorConfiguration,
	org.eclipse.ui.contexts.window,,,system)

!ENTRY org.eclipse.egit.ui 2 0 2022-02-27 17:10:13.145
!MESSAGE Warning: The environment variable HOME is not set. The following directory will be used to store the Git
user global configuration and to define the default location to store repositories: 'C:\Users\Alejandro Fernández'. If this is
not correct please set the HOME environment variable and restart Eclipse. Otherwise Git for Windows and
EGit might behave differently since they see different configuration options.
This warning can be switched off on the Team > Git > Confirmations and Warnings preference page.

!ENTRY org.eclipse.oomph.ui 4 0 2022-02-27 17:10:18.415
!MESSAGE java.lang.ExceptionInInitializerError
!STACK 0
java.lang.ExceptionInInitializerError
	at org.eclipse.oomph.setup.ui.recorder.RecorderManager.<clinit>(RecorderManager.java:121)
	at org.eclipse.oomph.setup.ui.SetupUIPlugin.performStartup(SetupUIPlugin.java:216)
	at org.eclipse.oomph.setup.ui.EarlyStartup.earlyStartup(EarlyStartup.java:22)
	at org.eclipse.oomph.internal.ui.EarlyStart.run(EarlyStart.java:118)
	at org.eclipse.oomph.internal.ui.EarlyStart$1.run(EarlyStart.java:97)
	at org.eclipse.core.internal.jobs.Worker.run(Worker.java:63)
Caused by: java.lang.NullPointerException: Cannot invoke "org.osgi.framework.BundleContext.getServiceReference(java.lang.Class)" because "context" is null
	at org.eclipse.oomph.p2.internal.core.AgentManagerImpl.getCurrentAgent(AgentManagerImpl.java:168)
	at org.eclipse.oomph.p2.core.P2Util.getCurrentProvisioningAgent(P2Util.java:84)
	at org.eclipse.oomph.setup.internal.core.util.SetupCoreUtil.<clinit>(SetupCoreUtil.java:162)
	... 6 more
!SESSION 2022-03-01 11:40:44.833 -----------------------------------------------
eclipse.buildId=4.22.0.I20211124-1800
java.version=17.0.1
java.vendor=Eclipse Adoptium
BootLoader constants: OS=win32, ARCH=x86_64, WS=win32, NL=es_ES
Framework arguments:  -product org.eclipse.epp.package.java.product
Command-line arguments:  -os win32 -ws win32 -arch x86_64 -product org.eclipse.epp.package.java.product

!ENTRY org.eclipse.core.resources 4 567 2022-03-01 11:40:48.038
!MESSAGE Workspace restored, but some problems occurred.
!SUBENTRY 1 org.eclipse.core.resources 4 567 2022-03-01 11:40:48.038
!MESSAGE Could not read metadata for '.org.eclipse.egit.core.cmp'.
!STACK 1
org.eclipse.core.internal.resources.ResourceException(/.org.eclipse.egit.core.cmp)[567]: java.lang.Exception: The project description file (.project) for '.org.eclipse.egit.core.cmp' is missing.  This file contains important information about the project.  The project will not function properly until this file is restored.
	at org.eclipse.core.internal.resources.ResourceException.provideStackTrace(ResourceException.java:42)
	at org.eclipse.core.internal.resources.ResourceException.<init>(ResourceException.java:38)
	at org.eclipse.core.internal.localstore.FileSystemResourceManager.read(FileSystemResourceManager.java:908)
	at org.eclipse.core.internal.resources.SaveManager.restoreMetaInfo(SaveManager.java:888)
	at org.eclipse.core.internal.resources.SaveManager.restoreMetaInfo(SaveManager.java:868)
	at org.eclipse.core.internal.resources.SaveManager.restore(SaveManager.java:724)
	at org.eclipse.core.internal.resources.SaveManager.startup(SaveManager.java:1555)
	at org.eclipse.core.internal.resources.Workspace.startup(Workspace.java:2480)
	at org.eclipse.core.internal.resources.Workspace.open(Workspace.java:2231)
	at org.eclipse.core.resources.ResourcesPlugin.start(ResourcesPlugin.java:475)
	at org.eclipse.osgi.internal.framework.BundleContextImpl.lambda$2(BundleContextImpl.java:808)
	at java.base/java.security.AccessController.doPrivileged(AccessController.java:569)
	at org.eclipse.osgi.internal.framework.BundleContextImpl.startActivator(BundleContextImpl.java:802)
	at org.eclipse.osgi.internal.framework.BundleContextImpl.start(BundleContextImpl.java:759)
	at org.eclipse.osgi.internal.framework.EquinoxBundle.startWorker0(EquinoxBundle.java:1019)
	at org.eclipse.osgi.internal.framework.EquinoxBundle$EquinoxModule.startWorker(EquinoxBundle.java:365)
	at org.eclipse.osgi.container.Module.doStart(Module.java:605)
	at org.eclipse.osgi.container.Module.start(Module.java:468)
	at org.eclipse.osgi.framework.util.SecureAction.start(SecureAction.java:404)
	at org.eclipse.osgi.internal.hooks.EclipseLazyStarter.postFindLocalClass(EclipseLazyStarter.java:117)
	at org.eclipse.osgi.internal.loader.classpath.ClasspathManager.findLocalClass(ClasspathManager.java:570)
	at org.eclipse.osgi.internal.loader.ModuleClassLoader.findLocalClass(ModuleClassLoader.java:335)
	at org.eclipse.osgi.internal.loader.BundleLoader.findLocalClass(BundleLoader.java:384)
	at org.eclipse.osgi.internal.loader.sources.SingleSourcePackage.loadClass(SingleSourcePackage.java:41)
	at org.eclipse.osgi.internal.loader.BundleLoader.findClass0(BundleLoader.java:471)
	at org.eclipse.osgi.internal.loader.BundleLoader.findClass(BundleLoader.java:403)
	at org.eclipse.osgi.internal.loader.ModuleClassLoader.loadClass(ModuleClassLoader.java:168)
	at java.base/java.lang.ClassLoader.loadClass(ClassLoader.java:520)
	at org.eclipse.ui.internal.ide.application.IDEApplication.start(IDEApplication.java:153)
	at org.eclipse.equinox.internal.app.EclipseAppHandle.run(EclipseAppHandle.java:203)
	at org.eclipse.core.runtime.internal.adaptor.EclipseAppLauncher.runApplication(EclipseAppLauncher.java:136)
	at org.eclipse.core.runtime.internal.adaptor.EclipseAppLauncher.start(EclipseAppLauncher.java:104)
	at org.eclipse.core.runtime.adaptor.EclipseStarter.run(EclipseStarter.java:401)
	at org.eclipse.core.runtime.adaptor.EclipseStarter.run(EclipseStarter.java:255)
	at java.base/jdk.internal.reflect.NativeMethodAccessorImpl.invoke0(Native Method)
	at java.base/jdk.internal.reflect.NativeMethodAccessorImpl.invoke(NativeMethodAccessorImpl.java:77)
	at java.base/jdk.internal.reflect.DelegatingMethodAccessorImpl.invoke(DelegatingMethodAccessorImpl.java:43)
	at java.base/java.lang.reflect.Method.invoke(Method.java:568)
	at org.eclipse.equinox.launcher.Main.invokeFramework(Main.java:659)
	at org.eclipse.equinox.launcher.Main.basicRun(Main.java:596)
	at org.eclipse.equinox.launcher.Main.run(Main.java:1467)
!SUBENTRY 2 org.eclipse.core.resources 4 567 2022-03-01 11:40:48.038
!MESSAGE The project description file (.project) for '.org.eclipse.egit.core.cmp' is missing.  This file contains important information about the project.  The project will not function properly until this file is restored.
!STACK 0
java.lang.Exception: The project description file (.project) for '.org.eclipse.egit.core.cmp' is missing.  This file contains important information about the project.  The project will not function properly until this file is restored.
	at org.eclipse.core.internal.resources.ResourceException.provideStackTrace(ResourceException.java:42)
	at org.eclipse.core.internal.resources.ResourceException.<init>(ResourceException.java:38)
	at org.eclipse.core.internal.localstore.FileSystemResourceManager.read(FileSystemResourceManager.java:908)
	at org.eclipse.core.internal.resources.SaveManager.restoreMetaInfo(SaveManager.java:888)
	at org.eclipse.core.internal.resources.SaveManager.restoreMetaInfo(SaveManager.java:868)
	at org.eclipse.core.internal.resources.SaveManager.restore(SaveManager.java:724)
	at org.eclipse.core.internal.resources.SaveManager.startup(SaveManager.java:1555)
	at org.eclipse.core.internal.resources.Workspace.startup(Workspace.java:2480)
	at org.eclipse.core.internal.resources.Workspace.open(Workspace.java:2231)
	at org.eclipse.core.resources.ResourcesPlugin.start(ResourcesPlugin.java:475)
	at org.eclipse.osgi.internal.framework.BundleContextImpl.lambda$2(BundleContextImpl.java:808)
	at java.base/java.security.AccessController.doPrivileged(AccessController.java:569)
	at org.eclipse.osgi.internal.framework.BundleContextImpl.startActivator(BundleContextImpl.java:802)
	at org.eclipse.osgi.internal.framework.BundleContextImpl.start(BundleContextImpl.java:759)
	at org.eclipse.osgi.internal.framework.EquinoxBundle.startWorker0(EquinoxBundle.java:1019)
	at org.eclipse.osgi.internal.framework.EquinoxBundle$EquinoxModule.startWorker(EquinoxBundle.java:365)
	at org.eclipse.osgi.container.Module.doStart(Module.java:605)
	at org.eclipse.osgi.container.Module.start(Module.java:468)
	at org.eclipse.osgi.framework.util.SecureAction.start(SecureAction.java:404)
	at org.eclipse.osgi.internal.hooks.EclipseLazyStarter.postFindLocalClass(EclipseLazyStarter.java:117)
	at org.eclipse.osgi.internal.loader.classpath.ClasspathManager.findLocalClass(ClasspathManager.java:570)
	at org.eclipse.osgi.internal.loader.ModuleClassLoader.findLocalClass(ModuleClassLoader.java:335)
	at org.eclipse.osgi.internal.loader.BundleLoader.findLocalClass(BundleLoader.java:384)
	at org.eclipse.osgi.internal.loader.sources.SingleSourcePackage.loadClass(SingleSourcePackage.java:41)
	at org.eclipse.osgi.internal.loader.BundleLoader.findClass0(BundleLoader.java:471)
	at org.eclipse.osgi.internal.loader.BundleLoader.findClass(BundleLoader.java:403)
	at org.eclipse.osgi.internal.loader.ModuleClassLoader.loadClass(ModuleClassLoader.java:168)
	at java.base/java.lang.ClassLoader.loadClass(ClassLoader.java:520)
	at org.eclipse.ui.internal.ide.application.IDEApplication.start(IDEApplication.java:153)
	at org.eclipse.equinox.internal.app.EclipseAppHandle.run(EclipseAppHandle.java:203)
	at org.eclipse.core.runtime.internal.adaptor.EclipseAppLauncher.runApplication(EclipseAppLauncher.java:136)
	at org.eclipse.core.runtime.internal.adaptor.EclipseAppLauncher.start(EclipseAppLauncher.java:104)
	at org.eclipse.core.runtime.adaptor.EclipseStarter.run(EclipseStarter.java:401)
	at org.eclipse.core.runtime.adaptor.EclipseStarter.run(EclipseStarter.java:255)
	at java.base/jdk.internal.reflect.NativeMethodAccessorImpl.invoke0(Native Method)
	at java.base/jdk.internal.reflect.NativeMethodAccessorImpl.invoke(NativeMethodAccessorImpl.java:77)
	at java.base/jdk.internal.reflect.DelegatingMethodAccessorImpl.invoke(DelegatingMethodAccessorImpl.java:43)
	at java.base/java.lang.reflect.Method.invoke(Method.java:568)
	at org.eclipse.equinox.launcher.Main.invokeFramework(Main.java:659)
	at org.eclipse.equinox.launcher.Main.basicRun(Main.java:596)
	at org.eclipse.equinox.launcher.Main.run(Main.java:1467)

!ENTRY org.eclipse.jface 2 0 2022-03-01 11:40:53.711
!MESSAGE Keybinding conflicts occurred.  They may interfere with normal accelerator operation.
!SUBENTRY 1 org.eclipse.jface 2 0 2022-03-01 11:40:53.711
!MESSAGE A conflict occurred for CTRL+SHIFT+T:
Binding(CTRL+SHIFT+T,
	ParameterizedCommand(Command(org.eclipse.jdt.ui.navigate.open.type,Open Type,
		Open a type in a Java editor,
		Category(org.eclipse.ui.category.navigate,Navigate,null,true),
		org.eclipse.ui.internal.WorkbenchHandlerServiceHandler@10f8e2d2,
		,,true),null),
	org.eclipse.ui.defaultAcceleratorConfiguration,
	org.eclipse.ui.contexts.window,,,system)
Binding(CTRL+SHIFT+T,
	ParameterizedCommand(Command(org.eclipse.lsp4e.symbolinworkspace,Go to Symbol in Workspace,
		,
		Category(org.eclipse.lsp4e.category,Language Servers,null,true),
		org.eclipse.ui.internal.WorkbenchHandlerServiceHandler@66048ac4,
		,,true),null),
	org.eclipse.ui.defaultAcceleratorConfiguration,
	org.eclipse.ui.contexts.window,,,system)
!SUBENTRY 1 org.eclipse.jface 2 0 2022-03-01 11:40:53.711
!MESSAGE A conflict occurred for ALT+SHIFT+R:
Binding(ALT+SHIFT+R,
	ParameterizedCommand(Command(org.eclipse.jdt.ui.edit.text.java.rename.element,Rename - Refactoring ,
		Rename the selected element,
		Category(org.eclipse.jdt.ui.category.refactoring,Refactor - Java,Java Refactoring Actions,true),
		org.eclipse.ui.internal.WorkbenchHandlerServiceHandler@4f525e13,
		,,true),null),
	org.eclipse.ui.defaultAcceleratorConfiguration,
	org.eclipse.ui.contexts.window,,,system)
Binding(ALT+SHIFT+R,
	ParameterizedCommand(Command(org.eclipse.ui.edit.rename,Rename,
		Rename the selected item,
		Category(org.eclipse.ui.category.file,File,null,true),
		org.eclipse.ui.internal.WorkbenchHandlerServiceHandler@5d404a3c,
		,,true),null),
	org.eclipse.ui.defaultAcceleratorConfiguration,
	org.eclipse.ui.contexts.window,,,system)

!ENTRY org.eclipse.egit.ui 2 0 2022-03-01 11:40:57.263
!MESSAGE Warning: The environment variable HOME is not set. The following directory will be used to store the Git
user global configuration and to define the default location to store repositories: 'C:\Users\aleja'. If this is
not correct please set the HOME environment variable and restart Eclipse. Otherwise Git for Windows and
EGit might behave differently since they see different configuration options.
This warning can be switched off on the Team > Git > Confirmations and Warnings preference page.
!SESSION 2022-03-01 16:00:37.893 -----------------------------------------------
eclipse.buildId=4.22.0.I20211124-1800
java.version=17.0.1
java.vendor=Eclipse Adoptium
BootLoader constants: OS=win32, ARCH=x86_64, WS=win32, NL=es_ES
Framework arguments:  -product org.eclipse.epp.package.java.product
Command-line arguments:  -os win32 -ws win32 -arch x86_64 -product org.eclipse.epp.package.java.product

!ENTRY org.eclipse.jface 2 0 2022-03-01 16:00:41.066
!MESSAGE Keybinding conflicts occurred.  They may interfere with normal accelerator operation.
!SUBENTRY 1 org.eclipse.jface 2 0 2022-03-01 16:00:41.066
!MESSAGE A conflict occurred for CTRL+SHIFT+T:
Binding(CTRL+SHIFT+T,
	ParameterizedCommand(Command(org.eclipse.jdt.ui.navigate.open.type,Open Type,
		Open a type in a Java editor,
		Category(org.eclipse.ui.category.navigate,Navigate,null,true),
		org.eclipse.ui.internal.WorkbenchHandlerServiceHandler@1fc5c0b2,
		,,true),null),
	org.eclipse.ui.defaultAcceleratorConfiguration,
	org.eclipse.ui.contexts.window,,,system)
Binding(CTRL+SHIFT+T,
	ParameterizedCommand(Command(org.eclipse.lsp4e.symbolinworkspace,Go to Symbol in Workspace,
		,
		Category(org.eclipse.lsp4e.category,Language Servers,null,true),
		org.eclipse.ui.internal.WorkbenchHandlerServiceHandler@45ad3cd8,
		,,true),null),
	org.eclipse.ui.defaultAcceleratorConfiguration,
	org.eclipse.ui.contexts.window,,,system)
!SUBENTRY 1 org.eclipse.jface 2 0 2022-03-01 16:00:41.066
!MESSAGE A conflict occurred for ALT+SHIFT+R:
Binding(ALT+SHIFT+R,
	ParameterizedCommand(Command(org.eclipse.jdt.ui.edit.text.java.rename.element,Rename - Refactoring ,
		Rename the selected element,
		Category(org.eclipse.jdt.ui.category.refactoring,Refactor - Java,Java Refactoring Actions,true),
		org.eclipse.ui.internal.WorkbenchHandlerServiceHandler@2b90cc1,
		,,true),null),
	org.eclipse.ui.defaultAcceleratorConfiguration,
	org.eclipse.ui.contexts.window,,,system)
Binding(ALT+SHIFT+R,
	ParameterizedCommand(Command(org.eclipse.ui.edit.rename,Rename,
		Rename the selected item,
		Category(org.eclipse.ui.category.file,File,null,true),
		org.eclipse.ui.internal.WorkbenchHandlerServiceHandler@5a2f401a,
		,,true),null),
	org.eclipse.ui.defaultAcceleratorConfiguration,
	org.eclipse.ui.contexts.window,,,system)

!ENTRY org.eclipse.egit.ui 2 0 2022-03-01 16:00:44.100
!MESSAGE Warning: The environment variable HOME is not set. The following directory will be used to store the Git
user global configuration and to define the default location to store repositories: 'C:\Users\aleja'. If this is
not correct please set the HOME environment variable and restart Eclipse. Otherwise Git for Windows and
EGit might behave differently since they see different configuration options.
This warning can be switched off on the Team > Git > Confirmations and Warnings preference page.
!SESSION 2022-03-01 19:47:53.938 -----------------------------------------------
eclipse.buildId=4.22.0.I20211124-1800
java.version=17.0.1
java.vendor=Eclipse Adoptium
BootLoader constants: OS=win32, ARCH=x86_64, WS=win32, NL=es_ES
Framework arguments:  -product org.eclipse.epp.package.java.product
Command-line arguments:  -os win32 -ws win32 -arch x86_64 -product org.eclipse.epp.package.java.product

!ENTRY org.eclipse.jface 2 0 2022-03-01 19:48:02.570
!MESSAGE Keybinding conflicts occurred.  They may interfere with normal accelerator operation.
!SUBENTRY 1 org.eclipse.jface 2 0 2022-03-01 19:48:02.570
!MESSAGE A conflict occurred for CTRL+SHIFT+T:
Binding(CTRL+SHIFT+T,
	ParameterizedCommand(Command(org.eclipse.jdt.ui.navigate.open.type,Open Type,
		Open a type in a Java editor,
		Category(org.eclipse.ui.category.navigate,Navigate,null,true),
		org.eclipse.ui.internal.WorkbenchHandlerServiceHandler@2b90cc1,
		,,true),null),
	org.eclipse.ui.defaultAcceleratorConfiguration,
	org.eclipse.ui.contexts.window,,,system)
Binding(CTRL+SHIFT+T,
	ParameterizedCommand(Command(org.eclipse.lsp4e.symbolinworkspace,Go to Symbol in Workspace,
		,
		Category(org.eclipse.lsp4e.category,Language Servers,null,true),
		org.eclipse.ui.internal.WorkbenchHandlerServiceHandler@5a2f401a,
		,,true),null),
	org.eclipse.ui.defaultAcceleratorConfiguration,
	org.eclipse.ui.contexts.window,,,system)
!SUBENTRY 1 org.eclipse.jface 2 0 2022-03-01 19:48:02.571
!MESSAGE A conflict occurred for ALT+SHIFT+R:
Binding(ALT+SHIFT+R,
	ParameterizedCommand(Command(org.eclipse.jdt.ui.edit.text.java.rename.element,Rename - Refactoring ,
		Rename the selected element,
		Category(org.eclipse.jdt.ui.category.refactoring,Refactor - Java,Java Refactoring Actions,true),
		org.eclipse.ui.internal.WorkbenchHandlerServiceHandler@6bdedbbd,
		,,true),null),
	org.eclipse.ui.defaultAcceleratorConfiguration,
	org.eclipse.ui.contexts.window,,,system)
Binding(ALT+SHIFT+R,
	ParameterizedCommand(Command(org.eclipse.ui.edit.rename,Rename,
		Rename the selected item,
		Category(org.eclipse.ui.category.file,File,null,true),
		org.eclipse.ui.internal.WorkbenchHandlerServiceHandler@47b961e2,
		,,true),null),
	org.eclipse.ui.defaultAcceleratorConfiguration,
	org.eclipse.ui.contexts.window,,,system)

!ENTRY org.eclipse.egit.ui 2 0 2022-03-01 19:48:05.017
!MESSAGE Warning: The environment variable HOME is not set. The following directory will be used to store the Git
user global configuration and to define the default location to store repositories: 'C:\Users\aleja'. If this is
not correct please set the HOME environment variable and restart Eclipse. Otherwise Git for Windows and
EGit might behave differently since they see different configuration options.
This warning can be switched off on the Team > Git > Confirmations and Warnings preference page.
!SESSION 2022-03-02 11:13:44.230 -----------------------------------------------
eclipse.buildId=4.22.0.I20211124-1800
java.version=17.0.1
java.vendor=Eclipse Adoptium
BootLoader constants: OS=win32, ARCH=x86_64, WS=win32, NL=es_ES
Framework arguments:  -product org.eclipse.epp.package.java.product
Command-line arguments:  -os win32 -ws win32 -arch x86_64 -product org.eclipse.epp.package.java.product

!ENTRY org.eclipse.jface 2 0 2022-03-02 11:13:52.595
!MESSAGE Keybinding conflicts occurred.  They may interfere with normal accelerator operation.
!SUBENTRY 1 org.eclipse.jface 2 0 2022-03-02 11:13:52.595
!MESSAGE A conflict occurred for CTRL+SHIFT+T:
Binding(CTRL+SHIFT+T,
	ParameterizedCommand(Command(org.eclipse.jdt.ui.navigate.open.type,Open Type,
		Open a type in a Java editor,
		Category(org.eclipse.ui.category.navigate,Navigate,null,true),
		org.eclipse.ui.internal.WorkbenchHandlerServiceHandler@7962a746,
		,,true),null),
	org.eclipse.ui.defaultAcceleratorConfiguration,
	org.eclipse.ui.contexts.window,,,system)
Binding(CTRL+SHIFT+T,
	ParameterizedCommand(Command(org.eclipse.lsp4e.symbolinworkspace,Go to Symbol in Workspace,
		,
		Category(org.eclipse.lsp4e.category,Language Servers,null,true),
		org.eclipse.ui.internal.WorkbenchHandlerServiceHandler@1c31de5d,
		,,true),null),
	org.eclipse.ui.defaultAcceleratorConfiguration,
	org.eclipse.ui.contexts.window,,,system)
!SUBENTRY 1 org.eclipse.jface 2 0 2022-03-02 11:13:52.595
!MESSAGE A conflict occurred for ALT+SHIFT+R:
Binding(ALT+SHIFT+R,
	ParameterizedCommand(Command(org.eclipse.jdt.ui.edit.text.java.rename.element,Rename - Refactoring ,
		Rename the selected element,
		Category(org.eclipse.jdt.ui.category.refactoring,Refactor - Java,Java Refactoring Actions,true),
		org.eclipse.ui.internal.WorkbenchHandlerServiceHandler@7a7f9d45,
		,,true),null),
	org.eclipse.ui.defaultAcceleratorConfiguration,
	org.eclipse.ui.contexts.window,,,system)
Binding(ALT+SHIFT+R,
	ParameterizedCommand(Command(org.eclipse.ui.edit.rename,Rename,
		Rename the selected item,
		Category(org.eclipse.ui.category.file,File,null,true),
		org.eclipse.ui.internal.WorkbenchHandlerServiceHandler@772cf46b,
		,,true),null),
	org.eclipse.ui.defaultAcceleratorConfiguration,
	org.eclipse.ui.contexts.window,,,system)

!ENTRY org.eclipse.egit.ui 2 0 2022-03-02 11:13:54.675
!MESSAGE Warning: The environment variable HOME is not set. The following directory will be used to store the Git
user global configuration and to define the default location to store repositories: 'C:\Users\aleja'. If this is
not correct please set the HOME environment variable and restart Eclipse. Otherwise Git for Windows and
EGit might behave differently since they see different configuration options.
This warning can be switched off on the Team > Git > Confirmations and Warnings preference page.
!SESSION 2022-03-02 20:12:16.094 -----------------------------------------------
eclipse.buildId=4.22.0.I20211124-1800
java.version=17.0.1
java.vendor=Eclipse Adoptium
BootLoader constants: OS=win32, ARCH=x86_64, WS=win32, NL=es_ES
Framework arguments:  -product org.eclipse.epp.package.java.product
Command-line arguments:  -os win32 -ws win32 -arch x86_64 -product org.eclipse.epp.package.java.product

!ENTRY org.eclipse.core.resources 2 10035 2022-03-02 20:12:17.505
!MESSAGE The workspace exited with unsaved changes in the previous session; refreshing workspace to recover changes.

!ENTRY org.eclipse.jface 2 0 2022-03-02 20:12:19.107
!MESSAGE Keybinding conflicts occurred.  They may interfere with normal accelerator operation.
!SUBENTRY 1 org.eclipse.jface 2 0 2022-03-02 20:12:19.107
!MESSAGE A conflict occurred for CTRL+SHIFT+T:
Binding(CTRL+SHIFT+T,
	ParameterizedCommand(Command(org.eclipse.jdt.ui.navigate.open.type,Open Type,
		Open a type in a Java editor,
		Category(org.eclipse.ui.category.navigate,Navigate,null,true),
		org.eclipse.ui.internal.WorkbenchHandlerServiceHandler@73ddb7ef,
		,,true),null),
	org.eclipse.ui.defaultAcceleratorConfiguration,
	org.eclipse.ui.contexts.window,,,system)
Binding(CTRL+SHIFT+T,
	ParameterizedCommand(Command(org.eclipse.lsp4e.symbolinworkspace,Go to Symbol in Workspace,
		,
		Category(org.eclipse.lsp4e.category,Language Servers,null,true),
		org.eclipse.ui.internal.WorkbenchHandlerServiceHandler@67f8f5a6,
		,,true),null),
	org.eclipse.ui.defaultAcceleratorConfiguration,
	org.eclipse.ui.contexts.window,,,system)
!SUBENTRY 1 org.eclipse.jface 2 0 2022-03-02 20:12:19.107
!MESSAGE A conflict occurred for ALT+SHIFT+R:
Binding(ALT+SHIFT+R,
	ParameterizedCommand(Command(org.eclipse.jdt.ui.edit.text.java.rename.element,Rename - Refactoring ,
		Rename the selected element,
		Category(org.eclipse.jdt.ui.category.refactoring,Refactor - Java,Java Refactoring Actions,true),
		org.eclipse.ui.internal.WorkbenchHandlerServiceHandler@141b011a,
		,,true),null),
	org.eclipse.ui.defaultAcceleratorConfiguration,
	org.eclipse.ui.contexts.window,,,system)
Binding(ALT+SHIFT+R,
	ParameterizedCommand(Command(org.eclipse.ui.edit.rename,Rename,
		Rename the selected item,
		Category(org.eclipse.ui.category.file,File,null,true),
		org.eclipse.ui.internal.WorkbenchHandlerServiceHandler@7976e536,
		,,true),null),
	org.eclipse.ui.defaultAcceleratorConfiguration,
	org.eclipse.ui.contexts.window,,,system)

!ENTRY org.eclipse.egit.ui 2 0 2022-03-02 20:12:21.920
!MESSAGE Warning: The environment variable HOME is not set. The following directory will be used to store the Git
user global configuration and to define the default location to store repositories: 'C:\Users\aleja'. If this is
not correct please set the HOME environment variable and restart Eclipse. Otherwise Git for Windows and
EGit might behave differently since they see different configuration options.
This warning can be switched off on the Team > Git > Confirmations and Warnings preference page.
!SESSION 2022-03-03 10:44:39.041 -----------------------------------------------
eclipse.buildId=4.22.0.I20211124-1800
java.version=17.0.1
java.vendor=Eclipse Adoptium
BootLoader constants: OS=win32, ARCH=x86_64, WS=win32, NL=es_ES
Framework arguments:  -product org.eclipse.epp.package.java.product
Command-line arguments:  -os win32 -ws win32 -arch x86_64 -product org.eclipse.epp.package.java.product

!ENTRY org.eclipse.jface 2 0 2022-03-03 10:44:49.445
!MESSAGE Keybinding conflicts occurred.  They may interfere with normal accelerator operation.
!SUBENTRY 1 org.eclipse.jface 2 0 2022-03-03 10:44:49.445
!MESSAGE A conflict occurred for CTRL+SHIFT+T:
Binding(CTRL+SHIFT+T,
	ParameterizedCommand(Command(org.eclipse.jdt.ui.navigate.open.type,Open Type,
		Open a type in a Java editor,
		Category(org.eclipse.ui.category.navigate,Navigate,null,true),
		org.eclipse.ui.internal.WorkbenchHandlerServiceHandler@6bdedbbd,
		,,true),null),
	org.eclipse.ui.defaultAcceleratorConfiguration,
	org.eclipse.ui.contexts.window,,,system)
Binding(CTRL+SHIFT+T,
	ParameterizedCommand(Command(org.eclipse.lsp4e.symbolinworkspace,Go to Symbol in Workspace,
		,
		Category(org.eclipse.lsp4e.category,Language Servers,null,true),
		org.eclipse.ui.internal.WorkbenchHandlerServiceHandler@47b961e2,
		,,true),null),
	org.eclipse.ui.defaultAcceleratorConfiguration,
	org.eclipse.ui.contexts.window,,,system)
!SUBENTRY 1 org.eclipse.jface 2 0 2022-03-03 10:44:49.445
!MESSAGE A conflict occurred for ALT+SHIFT+R:
Binding(ALT+SHIFT+R,
	ParameterizedCommand(Command(org.eclipse.jdt.ui.edit.text.java.rename.element,Rename - Refactoring ,
		Rename the selected element,
		Category(org.eclipse.jdt.ui.category.refactoring,Refactor - Java,Java Refactoring Actions,true),
		org.eclipse.ui.internal.WorkbenchHandlerServiceHandler@d2cb2d0,
		,,true),null),
	org.eclipse.ui.defaultAcceleratorConfiguration,
	org.eclipse.ui.contexts.window,,,system)
Binding(ALT+SHIFT+R,
	ParameterizedCommand(Command(org.eclipse.ui.edit.rename,Rename,
		Rename the selected item,
		Category(org.eclipse.ui.category.file,File,null,true),
		org.eclipse.ui.internal.WorkbenchHandlerServiceHandler@2d230cff,
		,,true),null),
	org.eclipse.ui.defaultAcceleratorConfiguration,
	org.eclipse.ui.contexts.window,,,system)

!ENTRY org.eclipse.egit.ui 2 0 2022-03-03 10:44:53.043
!MESSAGE Warning: The environment variable HOME is not set. The following directory will be used to store the Git
user global configuration and to define the default location to store repositories: 'C:\Users\aleja'. If this is
not correct please set the HOME environment variable and restart Eclipse. Otherwise Git for Windows and
EGit might behave differently since they see different configuration options.
This warning can be switched off on the Team > Git > Confirmations and Warnings preference page.
!SESSION 2022-03-03 10:56:46.599 -----------------------------------------------
eclipse.buildId=4.22.0.I20211124-1800
java.version=17.0.1
java.vendor=Eclipse Adoptium
BootLoader constants: OS=win32, ARCH=x86_64, WS=win32, NL=es_ES
Framework arguments:  -product org.eclipse.epp.package.java.product
Command-line arguments:  -os win32 -ws win32 -arch x86_64 -product org.eclipse.epp.package.java.product

!ENTRY org.eclipse.jface 2 0 2022-03-03 10:56:49.391
!MESSAGE Keybinding conflicts occurred.  They may interfere with normal accelerator operation.
!SUBENTRY 1 org.eclipse.jface 2 0 2022-03-03 10:56:49.391
!MESSAGE A conflict occurred for CTRL+SHIFT+T:
Binding(CTRL+SHIFT+T,
	ParameterizedCommand(Command(org.eclipse.jdt.ui.navigate.open.type,Open Type,
		Open a type in a Java editor,
		Category(org.eclipse.ui.category.navigate,Navigate,null,true),
		org.eclipse.ui.internal.WorkbenchHandlerServiceHandler@1c31de5d,
		,,true),null),
	org.eclipse.ui.defaultAcceleratorConfiguration,
	org.eclipse.ui.contexts.window,,,system)
Binding(CTRL+SHIFT+T,
	ParameterizedCommand(Command(org.eclipse.lsp4e.symbolinworkspace,Go to Symbol in Workspace,
		,
		Category(org.eclipse.lsp4e.category,Language Servers,null,true),
		org.eclipse.ui.internal.WorkbenchHandlerServiceHandler@7a7f9d45,
		,,true),null),
	org.eclipse.ui.defaultAcceleratorConfiguration,
	org.eclipse.ui.contexts.window,,,system)
!SUBENTRY 1 org.eclipse.jface 2 0 2022-03-03 10:56:49.391
!MESSAGE A conflict occurred for ALT+SHIFT+R:
Binding(ALT+SHIFT+R,
	ParameterizedCommand(Command(org.eclipse.jdt.ui.edit.text.java.rename.element,Rename - Refactoring ,
		Rename the selected element,
		Category(org.eclipse.jdt.ui.category.refactoring,Refactor - Java,Java Refactoring Actions,true),
		org.eclipse.ui.internal.WorkbenchHandlerServiceHandler@772cf46b,
		,,true),null),
	org.eclipse.ui.defaultAcceleratorConfiguration,
	org.eclipse.ui.contexts.window,,,system)
Binding(ALT+SHIFT+R,
	ParameterizedCommand(Command(org.eclipse.ui.edit.rename,Rename,
		Rename the selected item,
		Category(org.eclipse.ui.category.file,File,null,true),
		org.eclipse.ui.internal.WorkbenchHandlerServiceHandler@1b98355f,
		,,true),null),
	org.eclipse.ui.defaultAcceleratorConfiguration,
	org.eclipse.ui.contexts.window,,,system)

!ENTRY org.eclipse.egit.ui 2 0 2022-03-03 10:56:51.069
!MESSAGE Warning: The environment variable HOME is not set. The following directory will be used to store the Git
user global configuration and to define the default location to store repositories: 'C:\Users\aleja'. If this is
not correct please set the HOME environment variable and restart Eclipse. Otherwise Git for Windows and
EGit might behave differently since they see different configuration options.
This warning can be switched off on the Team > Git > Confirmations and Warnings preference page.

!ENTRY org.eclipse.ui 4 4 2022-03-03 13:01:17.924
!MESSAGE Conflicting handlers for org.eclipse.ui.edit.findNext: {ActionHandler(org.eclipse.ui.texteditor.FindNextAction@3b59d246)} vs {ActionHandler(org.eclipse.ui.texteditor.FindNextAction@3b59d246)} in: PartImpl (org.eclipse.e4.ui.compatibility.editor)  removeOnHide org.eclipse.mylyn.wikitext.ui.editor.markupEditorContext
!STACK 0
java.lang.IllegalStateException: Conflicting handlers: {[ActionHandler(org.eclipse.ui.texteditor.FindNextAction@3b59d246),  for 'org.eclipse.ui.edit.findNext',  in PartImpl (org.eclipse.e4.ui.compatibility.editor)  removeOnHide org.eclipse.mylyn.wikitext.ui.editor.markupEditorContext, activeWhen=ActivePartExpression(org.eclipse.mylyn.internal.wikitext.ui.editor.MarkupEditor@1e26bf55), active=true, sourcePriority=1048576, participating=true]} vs {[ActionHandler(org.eclipse.ui.texteditor.FindNextAction@3b59d246),  for 'org.eclipse.ui.edit.findNext',  in PartImpl (org.eclipse.e4.ui.compatibility.editor)  removeOnHide org.eclipse.mylyn.wikitext.ui.editor.markupEditorContext, activeWhen=ActivePartExpression(org.eclipse.mylyn.internal.wikitext.ui.editor.MarkupEditor@1e26bf55), active=true, sourcePriority=1048576, participating=true]} in: PartImpl (org.eclipse.e4.ui.compatibility.editor)  removeOnHide org.eclipse.mylyn.wikitext.ui.editor.markupEditorContext
	at org.eclipse.ui.internal.handlers.LegacyHandlerService$HandlerSelectionFunction.compute(LegacyHandlerService.java:145)
	at org.eclipse.e4.core.internal.contexts.ValueComputation.get(ValueComputation.java:70)
	at org.eclipse.e4.core.internal.contexts.EclipseContext.internalGet(EclipseContext.java:263)
	at org.eclipse.e4.core.internal.contexts.EclipseContext.get(EclipseContext.java:228)
	at org.eclipse.e4.core.commands.internal.HandlerServiceImpl.lookUpHandler(HandlerServiceImpl.java:103)
	at org.eclipse.ui.internal.handlers.E4HandlerProxy.handlerChanged(E4HandlerProxy.java:114)
	at org.eclipse.core.commands.AbstractHandler.fireHandlerChanged(AbstractHandler.java:77)
	at org.eclipse.jface.commands.ActionHandler.lambda$0(ActionHandler.java:81)
	at org.eclipse.jface.action.AbstractAction.firePropertyChange(AbstractAction.java:52)
	at org.eclipse.jface.action.AbstractAction.firePropertyChange(AbstractAction.java:75)
	at org.eclipse.jface.action.Action.setEnabled(Action.java:541)
	at org.eclipse.ui.texteditor.FindNextAction.update(FindNextAction.java:238)
	at org.eclipse.ui.texteditor.AbstractTextEditor.updateAction(AbstractTextEditor.java:5353)
	at org.eclipse.ui.texteditor.AbstractTextEditor.updateContentDependentActions(AbstractTextEditor.java:5437)
	at org.eclipse.ui.texteditor.AbstractTextEditor$TextListener.lambda$0(AbstractTextEditor.java:618)
	at org.eclipse.swt.widgets.RunnableLock.run(RunnableLock.java:40)
	at org.eclipse.swt.widgets.Synchronizer.runAsyncMessages(Synchronizer.java:185)
	at org.eclipse.swt.widgets.Display.runAsyncMessages(Display.java:4035)
	at org.eclipse.swt.widgets.Display.readAndDispatch(Display.java:3635)
	at org.eclipse.e4.ui.internal.workbench.swt.PartRenderingEngine$5.run(PartRenderingEngine.java:1154)
	at org.eclipse.core.databinding.observable.Realm.runWithDefault(Realm.java:338)
	at org.eclipse.e4.ui.internal.workbench.swt.PartRenderingEngine.run(PartRenderingEngine.java:1045)
	at org.eclipse.e4.ui.internal.workbench.E4Workbench.createAndRunUI(E4Workbench.java:155)
	at org.eclipse.ui.internal.Workbench.lambda$3(Workbench.java:644)
	at org.eclipse.core.databinding.observable.Realm.runWithDefault(Realm.java:338)
	at org.eclipse.ui.internal.Workbench.createAndRunWorkbench(Workbench.java:551)
	at org.eclipse.ui.PlatformUI.createAndRunWorkbench(PlatformUI.java:156)
	at org.eclipse.ui.internal.ide.application.IDEApplication.start(IDEApplication.java:152)
	at org.eclipse.equinox.internal.app.EclipseAppHandle.run(EclipseAppHandle.java:203)
	at org.eclipse.core.runtime.internal.adaptor.EclipseAppLauncher.runApplication(EclipseAppLauncher.java:136)
	at org.eclipse.core.runtime.internal.adaptor.EclipseAppLauncher.start(EclipseAppLauncher.java:104)
	at org.eclipse.core.runtime.adaptor.EclipseStarter.run(EclipseStarter.java:401)
	at org.eclipse.core.runtime.adaptor.EclipseStarter.run(EclipseStarter.java:255)
	at java.base/jdk.internal.reflect.NativeMethodAccessorImpl.invoke0(Native Method)
	at java.base/jdk.internal.reflect.NativeMethodAccessorImpl.invoke(NativeMethodAccessorImpl.java:77)
	at java.base/jdk.internal.reflect.DelegatingMethodAccessorImpl.invoke(DelegatingMethodAccessorImpl.java:43)
	at java.base/java.lang.reflect.Method.invoke(Method.java:568)
	at org.eclipse.equinox.launcher.Main.invokeFramework(Main.java:659)
	at org.eclipse.equinox.launcher.Main.basicRun(Main.java:596)
	at org.eclipse.equinox.launcher.Main.run(Main.java:1467)

!ENTRY org.eclipse.ui 4 4 2022-03-03 13:01:17.925
!MESSAGE Conflicting handlers for org.eclipse.ui.edit.findPrevious: {ActionHandler(org.eclipse.ui.texteditor.FindNextAction@3fbf4614)} vs {ActionHandler(org.eclipse.ui.texteditor.FindNextAction@3fbf4614)} in: PartImpl (org.eclipse.e4.ui.compatibility.editor)  removeOnHide org.eclipse.mylyn.wikitext.ui.editor.markupEditorContext
!STACK 0
java.lang.IllegalStateException: Conflicting handlers: {[ActionHandler(org.eclipse.ui.texteditor.FindNextAction@3fbf4614),  for 'org.eclipse.ui.edit.findPrevious',  in PartImpl (org.eclipse.e4.ui.compatibility.editor)  removeOnHide org.eclipse.mylyn.wikitext.ui.editor.markupEditorContext, activeWhen=ActivePartExpression(org.eclipse.mylyn.internal.wikitext.ui.editor.MarkupEditor@1e26bf55), active=true, sourcePriority=1048576, participating=true]} vs {[ActionHandler(org.eclipse.ui.texteditor.FindNextAction@3fbf4614),  for 'org.eclipse.ui.edit.findPrevious',  in PartImpl (org.eclipse.e4.ui.compatibility.editor)  removeOnHide org.eclipse.mylyn.wikitext.ui.editor.markupEditorContext, activeWhen=ActivePartExpression(org.eclipse.mylyn.internal.wikitext.ui.editor.MarkupEditor@1e26bf55), active=true, sourcePriority=1048576, participating=true]} in: PartImpl (org.eclipse.e4.ui.compatibility.editor)  removeOnHide org.eclipse.mylyn.wikitext.ui.editor.markupEditorContext
	at org.eclipse.ui.internal.handlers.LegacyHandlerService$HandlerSelectionFunction.compute(LegacyHandlerService.java:145)
	at org.eclipse.e4.core.internal.contexts.ValueComputation.get(ValueComputation.java:70)
	at org.eclipse.e4.core.internal.contexts.EclipseContext.internalGet(EclipseContext.java:263)
	at org.eclipse.e4.core.internal.contexts.EclipseContext.get(EclipseContext.java:228)
	at org.eclipse.e4.core.commands.internal.HandlerServiceImpl.lookUpHandler(HandlerServiceImpl.java:103)
	at org.eclipse.ui.internal.handlers.E4HandlerProxy.handlerChanged(E4HandlerProxy.java:114)
	at org.eclipse.core.commands.AbstractHandler.fireHandlerChanged(AbstractHandler.java:77)
	at org.eclipse.jface.commands.ActionHandler.lambda$0(ActionHandler.java:81)
	at org.eclipse.jface.action.AbstractAction.firePropertyChange(AbstractAction.java:52)
	at org.eclipse.jface.action.AbstractAction.firePropertyChange(AbstractAction.java:75)
	at org.eclipse.jface.action.Action.setEnabled(Action.java:541)
	at org.eclipse.ui.texteditor.FindNextAction.update(FindNextAction.java:238)
	at org.eclipse.ui.texteditor.AbstractTextEditor.updateAction(AbstractTextEditor.java:5353)
	at org.eclipse.ui.texteditor.AbstractTextEditor.updateContentDependentActions(AbstractTextEditor.java:5437)
	at org.eclipse.ui.texteditor.AbstractTextEditor$TextListener.lambda$0(AbstractTextEditor.java:618)
	at org.eclipse.swt.widgets.RunnableLock.run(RunnableLock.java:40)
	at org.eclipse.swt.widgets.Synchronizer.runAsyncMessages(Synchronizer.java:185)
	at org.eclipse.swt.widgets.Display.runAsyncMessages(Display.java:4035)
	at org.eclipse.swt.widgets.Display.readAndDispatch(Display.java:3635)
	at org.eclipse.e4.ui.internal.workbench.swt.PartRenderingEngine$5.run(PartRenderingEngine.java:1154)
	at org.eclipse.core.databinding.observable.Realm.runWithDefault(Realm.java:338)
	at org.eclipse.e4.ui.internal.workbench.swt.PartRenderingEngine.run(PartRenderingEngine.java:1045)
	at org.eclipse.e4.ui.internal.workbench.E4Workbench.createAndRunUI(E4Workbench.java:155)
	at org.eclipse.ui.internal.Workbench.lambda$3(Workbench.java:644)
	at org.eclipse.core.databinding.observable.Realm.runWithDefault(Realm.java:338)
	at org.eclipse.ui.internal.Workbench.createAndRunWorkbench(Workbench.java:551)
	at org.eclipse.ui.PlatformUI.createAndRunWorkbench(PlatformUI.java:156)
	at org.eclipse.ui.internal.ide.application.IDEApplication.start(IDEApplication.java:152)
	at org.eclipse.equinox.internal.app.EclipseAppHandle.run(EclipseAppHandle.java:203)
	at org.eclipse.core.runtime.internal.adaptor.EclipseAppLauncher.runApplication(EclipseAppLauncher.java:136)
	at org.eclipse.core.runtime.internal.adaptor.EclipseAppLauncher.start(EclipseAppLauncher.java:104)
	at org.eclipse.core.runtime.adaptor.EclipseStarter.run(EclipseStarter.java:401)
	at org.eclipse.core.runtime.adaptor.EclipseStarter.run(EclipseStarter.java:255)
	at java.base/jdk.internal.reflect.NativeMethodAccessorImpl.invoke0(Native Method)
	at java.base/jdk.internal.reflect.NativeMethodAccessorImpl.invoke(NativeMethodAccessorImpl.java:77)
	at java.base/jdk.internal.reflect.DelegatingMethodAccessorImpl.invoke(DelegatingMethodAccessorImpl.java:43)
	at java.base/java.lang.reflect.Method.invoke(Method.java:568)
	at org.eclipse.equinox.launcher.Main.invokeFramework(Main.java:659)
	at org.eclipse.equinox.launcher.Main.basicRun(Main.java:596)
	at org.eclipse.equinox.launcher.Main.run(Main.java:1467)

!ENTRY org.eclipse.ui 4 4 2022-03-03 13:01:17.926
!MESSAGE Conflicting handlers for org.eclipse.ui.edit.findIncremental: {ActionHandler(org.eclipse.ui.texteditor.IncrementalFindAction@64ca0be0)} vs {ActionHandler(org.eclipse.ui.texteditor.IncrementalFindAction@64ca0be0)} in: PartImpl (org.eclipse.e4.ui.compatibility.editor)  removeOnHide org.eclipse.mylyn.wikitext.ui.editor.markupEditorContext
!STACK 0
java.lang.IllegalStateException: Conflicting handlers: {[ActionHandler(org.eclipse.ui.texteditor.IncrementalFindAction@64ca0be0),  for 'org.eclipse.ui.edit.findIncremental',  in PartImpl (org.eclipse.e4.ui.compatibility.editor)  removeOnHide org.eclipse.mylyn.wikitext.ui.editor.markupEditorContext, activeWhen=ActivePartExpression(org.eclipse.mylyn.internal.wikitext.ui.editor.MarkupEditor@1e26bf55), active=true, sourcePriority=1048576, participating=true]} vs {[ActionHandler(org.eclipse.ui.texteditor.IncrementalFindAction@64ca0be0),  for 'org.eclipse.ui.edit.findIncremental',  in PartImpl (org.eclipse.e4.ui.compatibility.editor)  removeOnHide org.eclipse.mylyn.wikitext.ui.editor.markupEditorContext, activeWhen=ActivePartExpression(org.eclipse.mylyn.internal.wikitext.ui.editor.MarkupEditor@1e26bf55), active=true, sourcePriority=1048576, participating=true]} in: PartImpl (org.eclipse.e4.ui.compatibility.editor)  removeOnHide org.eclipse.mylyn.wikitext.ui.editor.markupEditorContext
	at org.eclipse.ui.internal.handlers.LegacyHandlerService$HandlerSelectionFunction.compute(LegacyHandlerService.java:145)
	at org.eclipse.e4.core.internal.contexts.ValueComputation.get(ValueComputation.java:70)
	at org.eclipse.e4.core.internal.contexts.EclipseContext.internalGet(EclipseContext.java:263)
	at org.eclipse.e4.core.internal.contexts.EclipseContext.get(EclipseContext.java:228)
	at org.eclipse.e4.core.commands.internal.HandlerServiceImpl.lookUpHandler(HandlerServiceImpl.java:103)
	at org.eclipse.ui.internal.handlers.E4HandlerProxy.handlerChanged(E4HandlerProxy.java:114)
	at org.eclipse.core.commands.AbstractHandler.fireHandlerChanged(AbstractHandler.java:77)
	at org.eclipse.jface.commands.ActionHandler.lambda$0(ActionHandler.java:81)
	at org.eclipse.jface.action.AbstractAction.firePropertyChange(AbstractAction.java:52)
	at org.eclipse.jface.action.AbstractAction.firePropertyChange(AbstractAction.java:75)
	at org.eclipse.jface.action.Action.setEnabled(Action.java:541)
	at org.eclipse.ui.texteditor.IncrementalFindAction.update(IncrementalFindAction.java:118)
	at org.eclipse.ui.texteditor.AbstractTextEditor.updateAction(AbstractTextEditor.java:5353)
	at org.eclipse.ui.texteditor.AbstractTextEditor.updateContentDependentActions(AbstractTextEditor.java:5437)
	at org.eclipse.ui.texteditor.AbstractTextEditor$TextListener.lambda$0(AbstractTextEditor.java:618)
	at org.eclipse.swt.widgets.RunnableLock.run(RunnableLock.java:40)
	at org.eclipse.swt.widgets.Synchronizer.runAsyncMessages(Synchronizer.java:185)
	at org.eclipse.swt.widgets.Display.runAsyncMessages(Display.java:4035)
	at org.eclipse.swt.widgets.Display.readAndDispatch(Display.java:3635)
	at org.eclipse.e4.ui.internal.workbench.swt.PartRenderingEngine$5.run(PartRenderingEngine.java:1154)
	at org.eclipse.core.databinding.observable.Realm.runWithDefault(Realm.java:338)
	at org.eclipse.e4.ui.internal.workbench.swt.PartRenderingEngine.run(PartRenderingEngine.java:1045)
	at org.eclipse.e4.ui.internal.workbench.E4Workbench.createAndRunUI(E4Workbench.java:155)
	at org.eclipse.ui.internal.Workbench.lambda$3(Workbench.java:644)
	at org.eclipse.core.databinding.observable.Realm.runWithDefault(Realm.java:338)
	at org.eclipse.ui.internal.Workbench.createAndRunWorkbench(Workbench.java:551)
	at org.eclipse.ui.PlatformUI.createAndRunWorkbench(PlatformUI.java:156)
	at org.eclipse.ui.internal.ide.application.IDEApplication.start(IDEApplication.java:152)
	at org.eclipse.equinox.internal.app.EclipseAppHandle.run(EclipseAppHandle.java:203)
	at org.eclipse.core.runtime.internal.adaptor.EclipseAppLauncher.runApplication(EclipseAppLauncher.java:136)
	at org.eclipse.core.runtime.internal.adaptor.EclipseAppLauncher.start(EclipseAppLauncher.java:104)
	at org.eclipse.core.runtime.adaptor.EclipseStarter.run(EclipseStarter.java:401)
	at org.eclipse.core.runtime.adaptor.EclipseStarter.run(EclipseStarter.java:255)
	at java.base/jdk.internal.reflect.NativeMethodAccessorImpl.invoke0(Native Method)
	at java.base/jdk.internal.reflect.NativeMethodAccessorImpl.invoke(NativeMethodAccessorImpl.java:77)
	at java.base/jdk.internal.reflect.DelegatingMethodAccessorImpl.invoke(DelegatingMethodAccessorImpl.java:43)
	at java.base/java.lang.reflect.Method.invoke(Method.java:568)
	at org.eclipse.equinox.launcher.Main.invokeFramework(Main.java:659)
	at org.eclipse.equinox.launcher.Main.basicRun(Main.java:596)
	at org.eclipse.equinox.launcher.Main.run(Main.java:1467)

!ENTRY org.eclipse.ui 4 4 2022-03-03 13:01:17.926
!MESSAGE Conflicting handlers for org.eclipse.ui.edit.findIncrementalReverse: {ActionHandler(org.eclipse.ui.texteditor.IncrementalFindAction@550fe9d7)} vs {ActionHandler(org.eclipse.ui.texteditor.IncrementalFindAction@550fe9d7)} in: PartImpl (org.eclipse.e4.ui.compatibility.editor)  removeOnHide org.eclipse.mylyn.wikitext.ui.editor.markupEditorContext
!STACK 0
java.lang.IllegalStateException: Conflicting handlers: {[ActionHandler(org.eclipse.ui.texteditor.IncrementalFindAction@550fe9d7),  for 'org.eclipse.ui.edit.findIncrementalReverse',  in PartImpl (org.eclipse.e4.ui.compatibility.editor)  removeOnHide org.eclipse.mylyn.wikitext.ui.editor.markupEditorContext, activeWhen=ActivePartExpression(org.eclipse.mylyn.internal.wikitext.ui.editor.MarkupEditor@1e26bf55), active=true, sourcePriority=1048576, participating=true]} vs {[ActionHandler(org.eclipse.ui.texteditor.IncrementalFindAction@550fe9d7),  for 'org.eclipse.ui.edit.findIncrementalReverse',  in PartImpl (org.eclipse.e4.ui.compatibility.editor)  removeOnHide org.eclipse.mylyn.wikitext.ui.editor.markupEditorContext, activeWhen=ActivePartExpression(org.eclipse.mylyn.internal.wikitext.ui.editor.MarkupEditor@1e26bf55), active=true, sourcePriority=1048576, participating=true]} in: PartImpl (org.eclipse.e4.ui.compatibility.editor)  removeOnHide org.eclipse.mylyn.wikitext.ui.editor.markupEditorContext
	at org.eclipse.ui.internal.handlers.LegacyHandlerService$HandlerSelectionFunction.compute(LegacyHandlerService.java:145)
	at org.eclipse.e4.core.internal.contexts.ValueComputation.get(ValueComputation.java:70)
	at org.eclipse.e4.core.internal.contexts.EclipseContext.internalGet(EclipseContext.java:263)
	at org.eclipse.e4.core.internal.contexts.EclipseContext.get(EclipseContext.java:228)
	at org.eclipse.e4.core.commands.internal.HandlerServiceImpl.lookUpHandler(HandlerServiceImpl.java:103)
	at org.eclipse.ui.internal.handlers.E4HandlerProxy.handlerChanged(E4HandlerProxy.java:114)
	at org.eclipse.core.commands.AbstractHandler.fireHandlerChanged(AbstractHandler.java:77)
	at org.eclipse.jface.commands.ActionHandler.lambda$0(ActionHandler.java:81)
	at org.eclipse.jface.action.AbstractAction.firePropertyChange(AbstractAction.java:52)
	at org.eclipse.jface.action.AbstractAction.firePropertyChange(AbstractAction.java:75)
	at org.eclipse.jface.action.Action.setEnabled(Action.java:541)
	at org.eclipse.ui.texteditor.IncrementalFindAction.update(IncrementalFindAction.java:118)
	at org.eclipse.ui.texteditor.AbstractTextEditor.updateAction(AbstractTextEditor.java:5353)
	at org.eclipse.ui.texteditor.AbstractTextEditor.updateContentDependentActions(AbstractTextEditor.java:5437)
	at org.eclipse.ui.texteditor.AbstractTextEditor$TextListener.lambda$0(AbstractTextEditor.java:618)
	at org.eclipse.swt.widgets.RunnableLock.run(RunnableLock.java:40)
	at org.eclipse.swt.widgets.Synchronizer.runAsyncMessages(Synchronizer.java:185)
	at org.eclipse.swt.widgets.Display.runAsyncMessages(Display.java:4035)
	at org.eclipse.swt.widgets.Display.readAndDispatch(Display.java:3635)
	at org.eclipse.e4.ui.internal.workbench.swt.PartRenderingEngine$5.run(PartRenderingEngine.java:1154)
	at org.eclipse.core.databinding.observable.Realm.runWithDefault(Realm.java:338)
	at org.eclipse.e4.ui.internal.workbench.swt.PartRenderingEngine.run(PartRenderingEngine.java:1045)
	at org.eclipse.e4.ui.internal.workbench.E4Workbench.createAndRunUI(E4Workbench.java:155)
	at org.eclipse.ui.internal.Workbench.lambda$3(Workbench.java:644)
	at org.eclipse.core.databinding.observable.Realm.runWithDefault(Realm.java:338)
	at org.eclipse.ui.internal.Workbench.createAndRunWorkbench(Workbench.java:551)
	at org.eclipse.ui.PlatformUI.createAndRunWorkbench(PlatformUI.java:156)
	at org.eclipse.ui.internal.ide.application.IDEApplication.start(IDEApplication.java:152)
	at org.eclipse.equinox.internal.app.EclipseAppHandle.run(EclipseAppHandle.java:203)
	at org.eclipse.core.runtime.internal.adaptor.EclipseAppLauncher.runApplication(EclipseAppLauncher.java:136)
	at org.eclipse.core.runtime.internal.adaptor.EclipseAppLauncher.start(EclipseAppLauncher.java:104)
	at org.eclipse.core.runtime.adaptor.EclipseStarter.run(EclipseStarter.java:401)
	at org.eclipse.core.runtime.adaptor.EclipseStarter.run(EclipseStarter.java:255)
	at java.base/jdk.internal.reflect.NativeMethodAccessorImpl.invoke0(Native Method)
	at java.base/jdk.internal.reflect.NativeMethodAccessorImpl.invoke(NativeMethodAccessorImpl.java:77)
	at java.base/jdk.internal.reflect.DelegatingMethodAccessorImpl.invoke(DelegatingMethodAccessorImpl.java:43)
	at java.base/java.lang.reflect.Method.invoke(Method.java:568)
	at org.eclipse.equinox.launcher.Main.invokeFramework(Main.java:659)
	at org.eclipse.equinox.launcher.Main.basicRun(Main.java:596)
	at org.eclipse.equinox.launcher.Main.run(Main.java:1467)
!SESSION 2022-03-04 08:48:18.504 -----------------------------------------------
eclipse.buildId=4.22.0.I20211124-1800
java.version=17.0.1
java.vendor=Eclipse Adoptium
BootLoader constants: OS=win32, ARCH=x86_64, WS=win32, NL=es_ES
Framework arguments:  -product org.eclipse.epp.package.java.product
Command-line arguments:  -os win32 -ws win32 -arch x86_64 -product org.eclipse.epp.package.java.product

!ENTRY org.eclipse.jface 2 0 2022-03-04 08:48:29.267
!MESSAGE Keybinding conflicts occurred.  They may interfere with normal accelerator operation.
!SUBENTRY 1 org.eclipse.jface 2 0 2022-03-04 08:48:29.267
!MESSAGE A conflict occurred for CTRL+SHIFT+T:
Binding(CTRL+SHIFT+T,
	ParameterizedCommand(Command(org.eclipse.jdt.ui.navigate.open.type,Open Type,
		Open a type in a Java editor,
		Category(org.eclipse.ui.category.navigate,Navigate,null,true),
		org.eclipse.ui.internal.WorkbenchHandlerServiceHandler@45ad3cd8,
		,,true),null),
	org.eclipse.ui.defaultAcceleratorConfiguration,
	org.eclipse.ui.contexts.window,,,system)
Binding(CTRL+SHIFT+T,
	ParameterizedCommand(Command(org.eclipse.lsp4e.symbolinworkspace,Go to Symbol in Workspace,
		,
		Category(org.eclipse.lsp4e.category,Language Servers,null,true),
		org.eclipse.ui.internal.WorkbenchHandlerServiceHandler@2b90cc1,
		,,true),null),
	org.eclipse.ui.defaultAcceleratorConfiguration,
	org.eclipse.ui.contexts.window,,,system)
!SUBENTRY 1 org.eclipse.jface 2 0 2022-03-04 08:48:29.267
!MESSAGE A conflict occurred for ALT+SHIFT+R:
Binding(ALT+SHIFT+R,
	ParameterizedCommand(Command(org.eclipse.jdt.ui.edit.text.java.rename.element,Rename - Refactoring ,
		Rename the selected element,
		Category(org.eclipse.jdt.ui.category.refactoring,Refactor - Java,Java Refactoring Actions,true),
		org.eclipse.ui.internal.WorkbenchHandlerServiceHandler@5a2f401a,
		,,true),null),
	org.eclipse.ui.defaultAcceleratorConfiguration,
	org.eclipse.ui.contexts.window,,,system)
Binding(ALT+SHIFT+R,
	ParameterizedCommand(Command(org.eclipse.ui.edit.rename,Rename,
		Rename the selected item,
		Category(org.eclipse.ui.category.file,File,null,true),
		org.eclipse.ui.internal.WorkbenchHandlerServiceHandler@6bdedbbd,
		,,true),null),
	org.eclipse.ui.defaultAcceleratorConfiguration,
	org.eclipse.ui.contexts.window,,,system)

!ENTRY org.eclipse.ui 4 4 2022-03-04 08:48:33.007
!MESSAGE Conflicting handlers for org.eclipse.ui.editors.quickdiff.revertLine: {ActionHandler(org.eclipse.ui.internal.editors.quickdiff.RevertLineAction@3bb6b9ab)} vs {ActionHandler(org.eclipse.ui.internal.editors.quickdiff.RevertLineAction@3bb6b9ab)} in: PartImpl (org.eclipse.e4.ui.compatibility.editor)  removeOnHide org.eclipse.mylyn.wikitext.ui.editor.markupEditor active activeOnClose (README.md) Context
!STACK 0
java.lang.IllegalStateException: Conflicting handlers: {[ActionHandler(org.eclipse.ui.internal.editors.quickdiff.RevertLineAction@3bb6b9ab),  for 'org.eclipse.ui.editors.quickdiff.revertLine',  in PartImpl (org.eclipse.e4.ui.compatibility.editor)  removeOnHide org.eclipse.mylyn.wikitext.ui.editor.markupEditor active activeOnClose (README.md) Context, activeWhen=ActivePartExpression(org.eclipse.mylyn.internal.wikitext.ui.editor.MarkupEditor@78a46d7b), active=true, sourcePriority=1048576, participating=true]} vs {[ActionHandler(org.eclipse.ui.internal.editors.quickdiff.RevertLineAction@3bb6b9ab),  for 'org.eclipse.ui.editors.quickdiff.revertLine',  in PartImpl (org.eclipse.e4.ui.compatibility.editor)  removeOnHide org.eclipse.mylyn.wikitext.ui.editor.markupEditor active activeOnClose (README.md) Context, activeWhen=ActivePartExpression(org.eclipse.mylyn.internal.wikitext.ui.editor.MarkupEditor@78a46d7b), active=true, sourcePriority=1048576, participating=true]} in: PartImpl (org.eclipse.e4.ui.compatibility.editor)  removeOnHide org.eclipse.mylyn.wikitext.ui.editor.markupEditor active activeOnClose (README.md) Context
	at org.eclipse.ui.internal.handlers.LegacyHandlerService$HandlerSelectionFunction.compute(LegacyHandlerService.java:145)
	at org.eclipse.e4.core.internal.contexts.ValueComputation.get(ValueComputation.java:70)
	at org.eclipse.e4.core.internal.contexts.EclipseContext.internalGet(EclipseContext.java:263)
	at org.eclipse.e4.core.internal.contexts.EclipseContext.get(EclipseContext.java:228)
	at org.eclipse.e4.core.commands.internal.HandlerServiceImpl.lookUpHandler(HandlerServiceImpl.java:103)
	at org.eclipse.ui.internal.handlers.E4HandlerProxy.handlerChanged(E4HandlerProxy.java:114)
	at org.eclipse.core.commands.AbstractHandler.fireHandlerChanged(AbstractHandler.java:77)
	at org.eclipse.jface.commands.ActionHandler.lambda$0(ActionHandler.java:81)
	at org.eclipse.jface.action.AbstractAction.firePropertyChange(AbstractAction.java:52)
	at org.eclipse.jface.action.AbstractAction.firePropertyChange(AbstractAction.java:75)
	at org.eclipse.jface.action.Action.setEnabled(Action.java:541)
	at org.eclipse.ui.texteditor.TextEditorAction.update(TextEditorAction.java:99)
	at org.eclipse.ui.internal.editors.quickdiff.QuickDiffRestoreAction.update(QuickDiffRestoreAction.java:96)
	at org.eclipse.ui.internal.editors.quickdiff.QuickDiffRestoreAction.selectionChanged(QuickDiffRestoreAction.java:103)
	at org.eclipse.jface.text.TextViewer.firePostSelectionChanged(TextViewer.java:2714)
	at org.eclipse.jface.text.TextViewer.firePostSelectionChanged(TextViewer.java:2644)
	at org.eclipse.jface.text.TextViewer$2.run(TextViewer.java:2623)
	at org.eclipse.swt.widgets.Display.runTimer(Display.java:4158)
	at org.eclipse.swt.widgets.Display.messageProc(Display.java:3262)
	at org.eclipse.equinox.launcher.JNIBridge._takedown_splash(Native Method)
	at org.eclipse.equinox.launcher.JNIBridge.takeDownSplash(JNIBridge.java:173)
	at org.eclipse.equinox.launcher.Main.takeDownSplash(Main.java:2182)
	at org.eclipse.equinox.launcher.Main$SplashHandler.run(Main.java:122)
	at org.eclipse.core.runtime.internal.adaptor.DefaultStartupMonitor.applicationRunning(DefaultStartupMonitor.java:71)
	at org.eclipse.equinox.internal.app.EclipseAppHandle$1.run(EclipseAppHandle.java:279)
	at org.eclipse.core.runtime.SafeRunner.run(SafeRunner.java:45)
	at org.eclipse.equinox.internal.app.EclipseAppHandle.applicationRunning(EclipseAppHandle.java:267)
	at org.eclipse.e4.ui.internal.workbench.swt.PartRenderingEngine$5.run(PartRenderingEngine.java:1091)
	at org.eclipse.core.databinding.observable.Realm.runWithDefault(Realm.java:338)
	at org.eclipse.e4.ui.internal.workbench.swt.PartRenderingEngine.run(PartRenderingEngine.java:1045)
	at org.eclipse.e4.ui.internal.workbench.E4Workbench.createAndRunUI(E4Workbench.java:155)
	at org.eclipse.ui.internal.Workbench.lambda$3(Workbench.java:644)
	at org.eclipse.core.databinding.observable.Realm.runWithDefault(Realm.java:338)
	at org.eclipse.ui.internal.Workbench.createAndRunWorkbench(Workbench.java:551)
	at org.eclipse.ui.PlatformUI.createAndRunWorkbench(PlatformUI.java:156)
	at org.eclipse.ui.internal.ide.application.IDEApplication.start(IDEApplication.java:152)
	at org.eclipse.equinox.internal.app.EclipseAppHandle.run(EclipseAppHandle.java:203)
	at org.eclipse.core.runtime.internal.adaptor.EclipseAppLauncher.runApplication(EclipseAppLauncher.java:136)
	at org.eclipse.core.runtime.internal.adaptor.EclipseAppLauncher.start(EclipseAppLauncher.java:104)
	at org.eclipse.core.runtime.adaptor.EclipseStarter.run(EclipseStarter.java:401)
	at org.eclipse.core.runtime.adaptor.EclipseStarter.run(EclipseStarter.java:255)
	at java.base/jdk.internal.reflect.NativeMethodAccessorImpl.invoke0(Native Method)
	at java.base/jdk.internal.reflect.NativeMethodAccessorImpl.invoke(NativeMethodAccessorImpl.java:77)
	at java.base/jdk.internal.reflect.DelegatingMethodAccessorImpl.invoke(DelegatingMethodAccessorImpl.java:43)
	at java.base/java.lang.reflect.Method.invoke(Method.java:568)
	at org.eclipse.equinox.launcher.Main.invokeFramework(Main.java:659)
	at org.eclipse.equinox.launcher.Main.basicRun(Main.java:596)
	at org.eclipse.equinox.launcher.Main.run(Main.java:1467)

!ENTRY org.eclipse.egit.ui 2 0 2022-03-04 08:48:33.042
!MESSAGE Warning: The environment variable HOME is not set. The following directory will be used to store the Git
user global configuration and to define the default location to store repositories: 'C:\Users\aleja'. If this is
not correct please set the HOME environment variable and restart Eclipse. Otherwise Git for Windows and
EGit might behave differently since they see different configuration options.
This warning can be switched off on the Team > Git > Confirmations and Warnings preference page.

!ENTRY org.eclipse.ui 4 4 2022-03-04 08:48:34.838
!MESSAGE Conflicting handlers for org.eclipse.ui.edit.findNext: {ActionHandler(org.eclipse.ui.texteditor.FindNextAction@3f6fd33b)} vs {ActionHandler(org.eclipse.ui.texteditor.FindNextAction@3f6fd33b)} in: PartImpl (org.eclipse.e4.ui.compatibility.editor)  removeOnHide org.eclipse.mylyn.wikitext.ui.editor.markupEditor active activeOnClose (README.md) Context
!STACK 0
java.lang.IllegalStateException: Conflicting handlers: {[ActionHandler(org.eclipse.ui.texteditor.FindNextAction@3f6fd33b),  for 'org.eclipse.ui.edit.findNext',  in PartImpl (org.eclipse.e4.ui.compatibility.editor)  removeOnHide org.eclipse.mylyn.wikitext.ui.editor.markupEditor active activeOnClose (README.md) Context, activeWhen=ActivePartExpression(org.eclipse.mylyn.internal.wikitext.ui.editor.MarkupEditor@78a46d7b), active=true, sourcePriority=1048576, participating=true]} vs {[ActionHandler(org.eclipse.ui.texteditor.FindNextAction@3f6fd33b),  for 'org.eclipse.ui.edit.findNext',  in PartImpl (org.eclipse.e4.ui.compatibility.editor)  removeOnHide org.eclipse.mylyn.wikitext.ui.editor.markupEditor active activeOnClose (README.md) Context, activeWhen=ActivePartExpression(org.eclipse.mylyn.internal.wikitext.ui.editor.MarkupEditor@78a46d7b), active=true, sourcePriority=1048576, participating=true]} in: PartImpl (org.eclipse.e4.ui.compatibility.editor)  removeOnHide org.eclipse.mylyn.wikitext.ui.editor.markupEditor active activeOnClose (README.md) Context
	at org.eclipse.ui.internal.handlers.LegacyHandlerService$HandlerSelectionFunction.compute(LegacyHandlerService.java:145)
	at org.eclipse.e4.core.internal.contexts.ValueComputation.get(ValueComputation.java:70)
	at org.eclipse.e4.core.internal.contexts.EclipseContext.internalGet(EclipseContext.java:263)
	at org.eclipse.e4.core.internal.contexts.EclipseContext.get(EclipseContext.java:228)
	at org.eclipse.e4.core.commands.internal.HandlerServiceImpl.lookUpHandler(HandlerServiceImpl.java:103)
	at org.eclipse.ui.internal.handlers.E4HandlerProxy.handlerChanged(E4HandlerProxy.java:114)
	at org.eclipse.core.commands.AbstractHandler.fireHandlerChanged(AbstractHandler.java:77)
	at org.eclipse.jface.commands.ActionHandler.lambda$0(ActionHandler.java:81)
	at org.eclipse.jface.action.AbstractAction.firePropertyChange(AbstractAction.java:52)
	at org.eclipse.jface.action.AbstractAction.firePropertyChange(AbstractAction.java:75)
	at org.eclipse.jface.action.Action.setEnabled(Action.java:541)
	at org.eclipse.ui.texteditor.FindNextAction.update(FindNextAction.java:238)
	at org.eclipse.ui.texteditor.AbstractTextEditor.updateAction(AbstractTextEditor.java:5353)
	at org.eclipse.ui.texteditor.AbstractTextEditor.updateContentDependentActions(AbstractTextEditor.java:5437)
	at org.eclipse.ui.texteditor.AbstractTextEditor$TextListener.lambda$0(AbstractTextEditor.java:618)
	at org.eclipse.swt.widgets.RunnableLock.run(RunnableLock.java:40)
	at org.eclipse.swt.widgets.Synchronizer.runAsyncMessages(Synchronizer.java:185)
	at org.eclipse.swt.widgets.Display.runAsyncMessages(Display.java:4035)
	at org.eclipse.swt.widgets.Display.readAndDispatch(Display.java:3635)
	at org.eclipse.e4.ui.internal.workbench.swt.PartRenderingEngine$5.run(PartRenderingEngine.java:1154)
	at org.eclipse.core.databinding.observable.Realm.runWithDefault(Realm.java:338)
	at org.eclipse.e4.ui.internal.workbench.swt.PartRenderingEngine.run(PartRenderingEngine.java:1045)
	at org.eclipse.e4.ui.internal.workbench.E4Workbench.createAndRunUI(E4Workbench.java:155)
	at org.eclipse.ui.internal.Workbench.lambda$3(Workbench.java:644)
	at org.eclipse.core.databinding.observable.Realm.runWithDefault(Realm.java:338)
	at org.eclipse.ui.internal.Workbench.createAndRunWorkbench(Workbench.java:551)
	at org.eclipse.ui.PlatformUI.createAndRunWorkbench(PlatformUI.java:156)
	at org.eclipse.ui.internal.ide.application.IDEApplication.start(IDEApplication.java:152)
	at org.eclipse.equinox.internal.app.EclipseAppHandle.run(EclipseAppHandle.java:203)
	at org.eclipse.core.runtime.internal.adaptor.EclipseAppLauncher.runApplication(EclipseAppLauncher.java:136)
	at org.eclipse.core.runtime.internal.adaptor.EclipseAppLauncher.start(EclipseAppLauncher.java:104)
	at org.eclipse.core.runtime.adaptor.EclipseStarter.run(EclipseStarter.java:401)
	at org.eclipse.core.runtime.adaptor.EclipseStarter.run(EclipseStarter.java:255)
	at java.base/jdk.internal.reflect.NativeMethodAccessorImpl.invoke0(Native Method)
	at java.base/jdk.internal.reflect.NativeMethodAccessorImpl.invoke(NativeMethodAccessorImpl.java:77)
	at java.base/jdk.internal.reflect.DelegatingMethodAccessorImpl.invoke(DelegatingMethodAccessorImpl.java:43)
	at java.base/java.lang.reflect.Method.invoke(Method.java:568)
	at org.eclipse.equinox.launcher.Main.invokeFramework(Main.java:659)
	at org.eclipse.equinox.launcher.Main.basicRun(Main.java:596)
	at org.eclipse.equinox.launcher.Main.run(Main.java:1467)

!ENTRY org.eclipse.ui 4 4 2022-03-04 08:48:34.840
!MESSAGE Conflicting handlers for org.eclipse.ui.edit.findPrevious: {ActionHandler(org.eclipse.ui.texteditor.FindNextAction@34c050a1)} vs {ActionHandler(org.eclipse.ui.texteditor.FindNextAction@34c050a1)} in: PartImpl (org.eclipse.e4.ui.compatibility.editor)  removeOnHide org.eclipse.mylyn.wikitext.ui.editor.markupEditor active activeOnClose (README.md) Context
!STACK 0
java.lang.IllegalStateException: Conflicting handlers: {[ActionHandler(org.eclipse.ui.texteditor.FindNextAction@34c050a1),  for 'org.eclipse.ui.edit.findPrevious',  in PartImpl (org.eclipse.e4.ui.compatibility.editor)  removeOnHide org.eclipse.mylyn.wikitext.ui.editor.markupEditor active activeOnClose (README.md) Context, activeWhen=ActivePartExpression(org.eclipse.mylyn.internal.wikitext.ui.editor.MarkupEditor@78a46d7b), active=true, sourcePriority=1048576, participating=true]} vs {[ActionHandler(org.eclipse.ui.texteditor.FindNextAction@34c050a1),  for 'org.eclipse.ui.edit.findPrevious',  in PartImpl (org.eclipse.e4.ui.compatibility.editor)  removeOnHide org.eclipse.mylyn.wikitext.ui.editor.markupEditor active activeOnClose (README.md) Context, activeWhen=ActivePartExpression(org.eclipse.mylyn.internal.wikitext.ui.editor.MarkupEditor@78a46d7b), active=true, sourcePriority=1048576, participating=true]} in: PartImpl (org.eclipse.e4.ui.compatibility.editor)  removeOnHide org.eclipse.mylyn.wikitext.ui.editor.markupEditor active activeOnClose (README.md) Context
	at org.eclipse.ui.internal.handlers.LegacyHandlerService$HandlerSelectionFunction.compute(LegacyHandlerService.java:145)
	at org.eclipse.e4.core.internal.contexts.ValueComputation.get(ValueComputation.java:70)
	at org.eclipse.e4.core.internal.contexts.EclipseContext.internalGet(EclipseContext.java:263)
	at org.eclipse.e4.core.internal.contexts.EclipseContext.get(EclipseContext.java:228)
	at org.eclipse.e4.core.commands.internal.HandlerServiceImpl.lookUpHandler(HandlerServiceImpl.java:103)
	at org.eclipse.ui.internal.handlers.E4HandlerProxy.handlerChanged(E4HandlerProxy.java:114)
	at org.eclipse.core.commands.AbstractHandler.fireHandlerChanged(AbstractHandler.java:77)
	at org.eclipse.jface.commands.ActionHandler.lambda$0(ActionHandler.java:81)
	at org.eclipse.jface.action.AbstractAction.firePropertyChange(AbstractAction.java:52)
	at org.eclipse.jface.action.AbstractAction.firePropertyChange(AbstractAction.java:75)
	at org.eclipse.jface.action.Action.setEnabled(Action.java:541)
	at org.eclipse.ui.texteditor.FindNextAction.update(FindNextAction.java:238)
	at org.eclipse.ui.texteditor.AbstractTextEditor.updateAction(AbstractTextEditor.java:5353)
	at org.eclipse.ui.texteditor.AbstractTextEditor.updateContentDependentActions(AbstractTextEditor.java:5437)
	at org.eclipse.ui.texteditor.AbstractTextEditor$TextListener.lambda$0(AbstractTextEditor.java:618)
	at org.eclipse.swt.widgets.RunnableLock.run(RunnableLock.java:40)
	at org.eclipse.swt.widgets.Synchronizer.runAsyncMessages(Synchronizer.java:185)
	at org.eclipse.swt.widgets.Display.runAsyncMessages(Display.java:4035)
	at org.eclipse.swt.widgets.Display.readAndDispatch(Display.java:3635)
	at org.eclipse.e4.ui.internal.workbench.swt.PartRenderingEngine$5.run(PartRenderingEngine.java:1154)
	at org.eclipse.core.databinding.observable.Realm.runWithDefault(Realm.java:338)
	at org.eclipse.e4.ui.internal.workbench.swt.PartRenderingEngine.run(PartRenderingEngine.java:1045)
	at org.eclipse.e4.ui.internal.workbench.E4Workbench.createAndRunUI(E4Workbench.java:155)
	at org.eclipse.ui.internal.Workbench.lambda$3(Workbench.java:644)
	at org.eclipse.core.databinding.observable.Realm.runWithDefault(Realm.java:338)
	at org.eclipse.ui.internal.Workbench.createAndRunWorkbench(Workbench.java:551)
	at org.eclipse.ui.PlatformUI.createAndRunWorkbench(PlatformUI.java:156)
	at org.eclipse.ui.internal.ide.application.IDEApplication.start(IDEApplication.java:152)
	at org.eclipse.equinox.internal.app.EclipseAppHandle.run(EclipseAppHandle.java:203)
	at org.eclipse.core.runtime.internal.adaptor.EclipseAppLauncher.runApplication(EclipseAppLauncher.java:136)
	at org.eclipse.core.runtime.internal.adaptor.EclipseAppLauncher.start(EclipseAppLauncher.java:104)
	at org.eclipse.core.runtime.adaptor.EclipseStarter.run(EclipseStarter.java:401)
	at org.eclipse.core.runtime.adaptor.EclipseStarter.run(EclipseStarter.java:255)
	at java.base/jdk.internal.reflect.NativeMethodAccessorImpl.invoke0(Native Method)
	at java.base/jdk.internal.reflect.NativeMethodAccessorImpl.invoke(NativeMethodAccessorImpl.java:77)
	at java.base/jdk.internal.reflect.DelegatingMethodAccessorImpl.invoke(DelegatingMethodAccessorImpl.java:43)
	at java.base/java.lang.reflect.Method.invoke(Method.java:568)
	at org.eclipse.equinox.launcher.Main.invokeFramework(Main.java:659)
	at org.eclipse.equinox.launcher.Main.basicRun(Main.java:596)
	at org.eclipse.equinox.launcher.Main.run(Main.java:1467)

!ENTRY org.eclipse.ui 4 4 2022-03-04 08:48:34.841
!MESSAGE Conflicting handlers for org.eclipse.ui.edit.findIncremental: {ActionHandler(org.eclipse.ui.texteditor.IncrementalFindAction@73f6ffb1)} vs {ActionHandler(org.eclipse.ui.texteditor.IncrementalFindAction@73f6ffb1)} in: PartImpl (org.eclipse.e4.ui.compatibility.editor)  removeOnHide org.eclipse.mylyn.wikitext.ui.editor.markupEditor active activeOnClose (README.md) Context
!STACK 0
java.lang.IllegalStateException: Conflicting handlers: {[ActionHandler(org.eclipse.ui.texteditor.IncrementalFindAction@73f6ffb1),  for 'org.eclipse.ui.edit.findIncremental',  in PartImpl (org.eclipse.e4.ui.compatibility.editor)  removeOnHide org.eclipse.mylyn.wikitext.ui.editor.markupEditor active activeOnClose (README.md) Context, activeWhen=ActivePartExpression(org.eclipse.mylyn.internal.wikitext.ui.editor.MarkupEditor@78a46d7b), active=true, sourcePriority=1048576, participating=true]} vs {[ActionHandler(org.eclipse.ui.texteditor.IncrementalFindAction@73f6ffb1),  for 'org.eclipse.ui.edit.findIncremental',  in PartImpl (org.eclipse.e4.ui.compatibility.editor)  removeOnHide org.eclipse.mylyn.wikitext.ui.editor.markupEditor active activeOnClose (README.md) Context, activeWhen=ActivePartExpression(org.eclipse.mylyn.internal.wikitext.ui.editor.MarkupEditor@78a46d7b), active=true, sourcePriority=1048576, participating=true]} in: PartImpl (org.eclipse.e4.ui.compatibility.editor)  removeOnHide org.eclipse.mylyn.wikitext.ui.editor.markupEditor active activeOnClose (README.md) Context
	at org.eclipse.ui.internal.handlers.LegacyHandlerService$HandlerSelectionFunction.compute(LegacyHandlerService.java:145)
	at org.eclipse.e4.core.internal.contexts.ValueComputation.get(ValueComputation.java:70)
	at org.eclipse.e4.core.internal.contexts.EclipseContext.internalGet(EclipseContext.java:263)
	at org.eclipse.e4.core.internal.contexts.EclipseContext.get(EclipseContext.java:228)
	at org.eclipse.e4.core.commands.internal.HandlerServiceImpl.lookUpHandler(HandlerServiceImpl.java:103)
	at org.eclipse.ui.internal.handlers.E4HandlerProxy.handlerChanged(E4HandlerProxy.java:114)
	at org.eclipse.core.commands.AbstractHandler.fireHandlerChanged(AbstractHandler.java:77)
	at org.eclipse.jface.commands.ActionHandler.lambda$0(ActionHandler.java:81)
	at org.eclipse.jface.action.AbstractAction.firePropertyChange(AbstractAction.java:52)
	at org.eclipse.jface.action.AbstractAction.firePropertyChange(AbstractAction.java:75)
	at org.eclipse.jface.action.Action.setEnabled(Action.java:541)
	at org.eclipse.ui.texteditor.IncrementalFindAction.update(IncrementalFindAction.java:118)
	at org.eclipse.ui.texteditor.AbstractTextEditor.updateAction(AbstractTextEditor.java:5353)
	at org.eclipse.ui.texteditor.AbstractTextEditor.updateContentDependentActions(AbstractTextEditor.java:5437)
	at org.eclipse.ui.texteditor.AbstractTextEditor$TextListener.lambda$0(AbstractTextEditor.java:618)
	at org.eclipse.swt.widgets.RunnableLock.run(RunnableLock.java:40)
	at org.eclipse.swt.widgets.Synchronizer.runAsyncMessages(Synchronizer.java:185)
	at org.eclipse.swt.widgets.Display.runAsyncMessages(Display.java:4035)
	at org.eclipse.swt.widgets.Display.readAndDispatch(Display.java:3635)
	at org.eclipse.e4.ui.internal.workbench.swt.PartRenderingEngine$5.run(PartRenderingEngine.java:1154)
	at org.eclipse.core.databinding.observable.Realm.runWithDefault(Realm.java:338)
	at org.eclipse.e4.ui.internal.workbench.swt.PartRenderingEngine.run(PartRenderingEngine.java:1045)
	at org.eclipse.e4.ui.internal.workbench.E4Workbench.createAndRunUI(E4Workbench.java:155)
	at org.eclipse.ui.internal.Workbench.lambda$3(Workbench.java:644)
	at org.eclipse.core.databinding.observable.Realm.runWithDefault(Realm.java:338)
	at org.eclipse.ui.internal.Workbench.createAndRunWorkbench(Workbench.java:551)
	at org.eclipse.ui.PlatformUI.createAndRunWorkbench(PlatformUI.java:156)
	at org.eclipse.ui.internal.ide.application.IDEApplication.start(IDEApplication.java:152)
	at org.eclipse.equinox.internal.app.EclipseAppHandle.run(EclipseAppHandle.java:203)
	at org.eclipse.core.runtime.internal.adaptor.EclipseAppLauncher.runApplication(EclipseAppLauncher.java:136)
	at org.eclipse.core.runtime.internal.adaptor.EclipseAppLauncher.start(EclipseAppLauncher.java:104)
	at org.eclipse.core.runtime.adaptor.EclipseStarter.run(EclipseStarter.java:401)
	at org.eclipse.core.runtime.adaptor.EclipseStarter.run(EclipseStarter.java:255)
	at java.base/jdk.internal.reflect.NativeMethodAccessorImpl.invoke0(Native Method)
	at java.base/jdk.internal.reflect.NativeMethodAccessorImpl.invoke(NativeMethodAccessorImpl.java:77)
	at java.base/jdk.internal.reflect.DelegatingMethodAccessorImpl.invoke(DelegatingMethodAccessorImpl.java:43)
	at java.base/java.lang.reflect.Method.invoke(Method.java:568)
	at org.eclipse.equinox.launcher.Main.invokeFramework(Main.java:659)
	at org.eclipse.equinox.launcher.Main.basicRun(Main.java:596)
	at org.eclipse.equinox.launcher.Main.run(Main.java:1467)

!ENTRY org.eclipse.ui 4 4 2022-03-04 08:48:34.841
!MESSAGE Conflicting handlers for org.eclipse.ui.edit.findIncrementalReverse: {ActionHandler(org.eclipse.ui.texteditor.IncrementalFindAction@4505ec36)} vs {ActionHandler(org.eclipse.ui.texteditor.IncrementalFindAction@4505ec36)} in: PartImpl (org.eclipse.e4.ui.compatibility.editor)  removeOnHide org.eclipse.mylyn.wikitext.ui.editor.markupEditor active activeOnClose (README.md) Context
!STACK 0
java.lang.IllegalStateException: Conflicting handlers: {[ActionHandler(org.eclipse.ui.texteditor.IncrementalFindAction@4505ec36),  for 'org.eclipse.ui.edit.findIncrementalReverse',  in PartImpl (org.eclipse.e4.ui.compatibility.editor)  removeOnHide org.eclipse.mylyn.wikitext.ui.editor.markupEditor active activeOnClose (README.md) Context, activeWhen=ActivePartExpression(org.eclipse.mylyn.internal.wikitext.ui.editor.MarkupEditor@78a46d7b), active=true, sourcePriority=1048576, participating=true]} vs {[ActionHandler(org.eclipse.ui.texteditor.IncrementalFindAction@4505ec36),  for 'org.eclipse.ui.edit.findIncrementalReverse',  in PartImpl (org.eclipse.e4.ui.compatibility.editor)  removeOnHide org.eclipse.mylyn.wikitext.ui.editor.markupEditor active activeOnClose (README.md) Context, activeWhen=ActivePartExpression(org.eclipse.mylyn.internal.wikitext.ui.editor.MarkupEditor@78a46d7b), active=true, sourcePriority=1048576, participating=true]} in: PartImpl (org.eclipse.e4.ui.compatibility.editor)  removeOnHide org.eclipse.mylyn.wikitext.ui.editor.markupEditor active activeOnClose (README.md) Context
	at org.eclipse.ui.internal.handlers.LegacyHandlerService$HandlerSelectionFunction.compute(LegacyHandlerService.java:145)
	at org.eclipse.e4.core.internal.contexts.ValueComputation.get(ValueComputation.java:70)
	at org.eclipse.e4.core.internal.contexts.EclipseContext.internalGet(EclipseContext.java:263)
	at org.eclipse.e4.core.internal.contexts.EclipseContext.get(EclipseContext.java:228)
	at org.eclipse.e4.core.commands.internal.HandlerServiceImpl.lookUpHandler(HandlerServiceImpl.java:103)
	at org.eclipse.ui.internal.handlers.E4HandlerProxy.handlerChanged(E4HandlerProxy.java:114)
	at org.eclipse.core.commands.AbstractHandler.fireHandlerChanged(AbstractHandler.java:77)
	at org.eclipse.jface.commands.ActionHandler.lambda$0(ActionHandler.java:81)
	at org.eclipse.jface.action.AbstractAction.firePropertyChange(AbstractAction.java:52)
	at org.eclipse.jface.action.AbstractAction.firePropertyChange(AbstractAction.java:75)
	at org.eclipse.jface.action.Action.setEnabled(Action.java:541)
	at org.eclipse.ui.texteditor.IncrementalFindAction.update(IncrementalFindAction.java:118)
	at org.eclipse.ui.texteditor.AbstractTextEditor.updateAction(AbstractTextEditor.java:5353)
	at org.eclipse.ui.texteditor.AbstractTextEditor.updateContentDependentActions(AbstractTextEditor.java:5437)
	at org.eclipse.ui.texteditor.AbstractTextEditor$TextListener.lambda$0(AbstractTextEditor.java:618)
	at org.eclipse.swt.widgets.RunnableLock.run(RunnableLock.java:40)
	at org.eclipse.swt.widgets.Synchronizer.runAsyncMessages(Synchronizer.java:185)
	at org.eclipse.swt.widgets.Display.runAsyncMessages(Display.java:4035)
	at org.eclipse.swt.widgets.Display.readAndDispatch(Display.java:3635)
	at org.eclipse.e4.ui.internal.workbench.swt.PartRenderingEngine$5.run(PartRenderingEngine.java:1154)
	at org.eclipse.core.databinding.observable.Realm.runWithDefault(Realm.java:338)
	at org.eclipse.e4.ui.internal.workbench.swt.PartRenderingEngine.run(PartRenderingEngine.java:1045)
	at org.eclipse.e4.ui.internal.workbench.E4Workbench.createAndRunUI(E4Workbench.java:155)
	at org.eclipse.ui.internal.Workbench.lambda$3(Workbench.java:644)
	at org.eclipse.core.databinding.observable.Realm.runWithDefault(Realm.java:338)
	at org.eclipse.ui.internal.Workbench.createAndRunWorkbench(Workbench.java:551)
	at org.eclipse.ui.PlatformUI.createAndRunWorkbench(PlatformUI.java:156)
	at org.eclipse.ui.internal.ide.application.IDEApplication.start(IDEApplication.java:152)
	at org.eclipse.equinox.internal.app.EclipseAppHandle.run(EclipseAppHandle.java:203)
	at org.eclipse.core.runtime.internal.adaptor.EclipseAppLauncher.runApplication(EclipseAppLauncher.java:136)
	at org.eclipse.core.runtime.internal.adaptor.EclipseAppLauncher.start(EclipseAppLauncher.java:104)
	at org.eclipse.core.runtime.adaptor.EclipseStarter.run(EclipseStarter.java:401)
	at org.eclipse.core.runtime.adaptor.EclipseStarter.run(EclipseStarter.java:255)
	at java.base/jdk.internal.reflect.NativeMethodAccessorImpl.invoke0(Native Method)
	at java.base/jdk.internal.reflect.NativeMethodAccessorImpl.invoke(NativeMethodAccessorImpl.java:77)
	at java.base/jdk.internal.reflect.DelegatingMethodAccessorImpl.invoke(DelegatingMethodAccessorImpl.java:43)
	at java.base/java.lang.reflect.Method.invoke(Method.java:568)
	at org.eclipse.equinox.launcher.Main.invokeFramework(Main.java:659)
	at org.eclipse.equinox.launcher.Main.basicRun(Main.java:596)
	at org.eclipse.equinox.launcher.Main.run(Main.java:1467)
!SESSION 2022-03-04 10:09:15.985 -----------------------------------------------
eclipse.buildId=4.22.0.I20211124-1800
java.version=17.0.1
java.vendor=Eclipse Adoptium
BootLoader constants: OS=win32, ARCH=x86_64, WS=win32, NL=es_ES
Framework arguments:  -product org.eclipse.epp.package.java.product
Command-line arguments:  -os win32 -ws win32 -arch x86_64 -product org.eclipse.epp.package.java.product

!ENTRY org.eclipse.jface 2 0 2022-03-04 10:09:18.525
!MESSAGE Keybinding conflicts occurred.  They may interfere with normal accelerator operation.
!SUBENTRY 1 org.eclipse.jface 2 0 2022-03-04 10:09:18.525
!MESSAGE A conflict occurred for CTRL+SHIFT+T:
Binding(CTRL+SHIFT+T,
	ParameterizedCommand(Command(org.eclipse.jdt.ui.navigate.open.type,Open Type,
		Open a type in a Java editor,
		Category(org.eclipse.ui.category.navigate,Navigate,null,true),
		org.eclipse.ui.internal.WorkbenchHandlerServiceHandler@45ad3cd8,
		,,true),null),
	org.eclipse.ui.defaultAcceleratorConfiguration,
	org.eclipse.ui.contexts.window,,,system)
Binding(CTRL+SHIFT+T,
	ParameterizedCommand(Command(org.eclipse.lsp4e.symbolinworkspace,Go to Symbol in Workspace,
		,
		Category(org.eclipse.lsp4e.category,Language Servers,null,true),
		org.eclipse.ui.internal.WorkbenchHandlerServiceHandler@2b90cc1,
		,,true),null),
	org.eclipse.ui.defaultAcceleratorConfiguration,
	org.eclipse.ui.contexts.window,,,system)
!SUBENTRY 1 org.eclipse.jface 2 0 2022-03-04 10:09:18.525
!MESSAGE A conflict occurred for ALT+SHIFT+R:
Binding(ALT+SHIFT+R,
	ParameterizedCommand(Command(org.eclipse.jdt.ui.edit.text.java.rename.element,Rename - Refactoring ,
		Rename the selected element,
		Category(org.eclipse.jdt.ui.category.refactoring,Refactor - Java,Java Refactoring Actions,true),
		org.eclipse.ui.internal.WorkbenchHandlerServiceHandler@5a2f401a,
		,,true),null),
	org.eclipse.ui.defaultAcceleratorConfiguration,
	org.eclipse.ui.contexts.window,,,system)
Binding(ALT+SHIFT+R,
	ParameterizedCommand(Command(org.eclipse.ui.edit.rename,Rename,
		Rename the selected item,
		Category(org.eclipse.ui.category.file,File,null,true),
		org.eclipse.ui.internal.WorkbenchHandlerServiceHandler@6bdedbbd,
		,,true),null),
	org.eclipse.ui.defaultAcceleratorConfiguration,
	org.eclipse.ui.contexts.window,,,system)

!ENTRY org.eclipse.egit.ui 2 0 2022-03-04 10:09:20.026
!MESSAGE Warning: The environment variable HOME is not set. The following directory will be used to store the Git
user global configuration and to define the default location to store repositories: 'C:\Users\aleja'. If this is
not correct please set the HOME environment variable and restart Eclipse. Otherwise Git for Windows and
EGit might behave differently since they see different configuration options.
This warning can be switched off on the Team > Git > Confirmations and Warnings preference page.
!SESSION 2022-03-10 10:40:22.795 -----------------------------------------------
eclipse.buildId=4.22.0.I20211124-1800
java.version=17.0.1
java.vendor=Eclipse Adoptium
BootLoader constants: OS=win32, ARCH=x86_64, WS=win32, NL=es_ES
Framework arguments:  -product org.eclipse.epp.package.java.product
Command-line arguments:  -os win32 -ws win32 -arch x86_64 -product org.eclipse.epp.package.java.product

!ENTRY org.eclipse.jface 2 0 2022-03-10 10:40:33.434
!MESSAGE Keybinding conflicts occurred.  They may interfere with normal accelerator operation.
!SUBENTRY 1 org.eclipse.jface 2 0 2022-03-10 10:40:33.434
!MESSAGE A conflict occurred for CTRL+SHIFT+T:
Binding(CTRL+SHIFT+T,
	ParameterizedCommand(Command(org.eclipse.jdt.ui.navigate.open.type,Open Type,
		Open a type in a Java editor,
		Category(org.eclipse.ui.category.navigate,Navigate,null,true),
		org.eclipse.ui.internal.WorkbenchHandlerServiceHandler@45ad3cd8,
		,,true),null),
	org.eclipse.ui.defaultAcceleratorConfiguration,
	org.eclipse.ui.contexts.window,,,system)
Binding(CTRL+SHIFT+T,
	ParameterizedCommand(Command(org.eclipse.lsp4e.symbolinworkspace,Go to Symbol in Workspace,
		,
		Category(org.eclipse.lsp4e.category,Language Servers,null,true),
		org.eclipse.ui.internal.WorkbenchHandlerServiceHandler@2b90cc1,
		,,true),null),
	org.eclipse.ui.defaultAcceleratorConfiguration,
	org.eclipse.ui.contexts.window,,,system)
!SUBENTRY 1 org.eclipse.jface 2 0 2022-03-10 10:40:33.434
!MESSAGE A conflict occurred for ALT+SHIFT+R:
Binding(ALT+SHIFT+R,
	ParameterizedCommand(Command(org.eclipse.jdt.ui.edit.text.java.rename.element,Rename - Refactoring ,
		Rename the selected element,
		Category(org.eclipse.jdt.ui.category.refactoring,Refactor - Java,Java Refactoring Actions,true),
		org.eclipse.ui.internal.WorkbenchHandlerServiceHandler@5a2f401a,
		,,true),null),
	org.eclipse.ui.defaultAcceleratorConfiguration,
	org.eclipse.ui.contexts.window,,,system)
Binding(ALT+SHIFT+R,
	ParameterizedCommand(Command(org.eclipse.ui.edit.rename,Rename,
		Rename the selected item,
		Category(org.eclipse.ui.category.file,File,null,true),
		org.eclipse.ui.internal.WorkbenchHandlerServiceHandler@6bdedbbd,
		,,true),null),
	org.eclipse.ui.defaultAcceleratorConfiguration,
	org.eclipse.ui.contexts.window,,,system)

!ENTRY org.eclipse.egit.ui 2 0 2022-03-10 10:40:37.528
!MESSAGE Warning: The environment variable HOME is not set. The following directory will be used to store the Git
user global configuration and to define the default location to store repositories: 'C:\Users\aleja'. If this is
not correct please set the HOME environment variable and restart Eclipse. Otherwise Git for Windows and
EGit might behave differently since they see different configuration options.
This warning can be switched off on the Team > Git > Confirmations and Warnings preference page.
!SESSION 2022-03-10 17:53:24.413 -----------------------------------------------
eclipse.buildId=4.22.0.I20211124-1800
java.version=17.0.1
java.vendor=Eclipse Adoptium
BootLoader constants: OS=win32, ARCH=x86_64, WS=win32, NL=es_ES
Framework arguments:  -product org.eclipse.epp.package.java.product
Command-line arguments:  -os win32 -ws win32 -arch x86_64 -product org.eclipse.epp.package.java.product

!ENTRY org.eclipse.jface 2 0 2022-03-10 17:53:28.052
!MESSAGE Keybinding conflicts occurred.  They may interfere with normal accelerator operation.
!SUBENTRY 1 org.eclipse.jface 2 0 2022-03-10 17:53:28.052
!MESSAGE A conflict occurred for CTRL+SHIFT+T:
Binding(CTRL+SHIFT+T,
	ParameterizedCommand(Command(org.eclipse.jdt.ui.navigate.open.type,Open Type,
		Open a type in a Java editor,
		Category(org.eclipse.ui.category.navigate,Navigate,null,true),
		org.eclipse.ui.internal.WorkbenchHandlerServiceHandler@47b961e2,
		,,true),null),
	org.eclipse.ui.defaultAcceleratorConfiguration,
	org.eclipse.ui.contexts.window,,,system)
Binding(CTRL+SHIFT+T,
	ParameterizedCommand(Command(org.eclipse.lsp4e.symbolinworkspace,Go to Symbol in Workspace,
		,
		Category(org.eclipse.lsp4e.category,Language Servers,null,true),
		org.eclipse.ui.internal.WorkbenchHandlerServiceHandler@d2cb2d0,
		,,true),null),
	org.eclipse.ui.defaultAcceleratorConfiguration,
	org.eclipse.ui.contexts.window,,,system)
!SUBENTRY 1 org.eclipse.jface 2 0 2022-03-10 17:53:28.052
!MESSAGE A conflict occurred for ALT+SHIFT+R:
Binding(ALT+SHIFT+R,
	ParameterizedCommand(Command(org.eclipse.jdt.ui.edit.text.java.rename.element,Rename - Refactoring ,
		Rename the selected element,
		Category(org.eclipse.jdt.ui.category.refactoring,Refactor - Java,Java Refactoring Actions,true),
		org.eclipse.ui.internal.WorkbenchHandlerServiceHandler@2d230cff,
		,,true),null),
	org.eclipse.ui.defaultAcceleratorConfiguration,
	org.eclipse.ui.contexts.window,,,system)
Binding(ALT+SHIFT+R,
	ParameterizedCommand(Command(org.eclipse.ui.edit.rename,Rename,
		Rename the selected item,
		Category(org.eclipse.ui.category.file,File,null,true),
		org.eclipse.ui.internal.WorkbenchHandlerServiceHandler@30bd39d5,
		,,true),null),
	org.eclipse.ui.defaultAcceleratorConfiguration,
	org.eclipse.ui.contexts.window,,,system)

!ENTRY org.eclipse.egit.ui 2 0 2022-03-10 17:53:31.016
!MESSAGE Warning: The environment variable HOME is not set. The following directory will be used to store the Git
user global configuration and to define the default location to store repositories: 'C:\Users\aleja'. If this is
not correct please set the HOME environment variable and restart Eclipse. Otherwise Git for Windows and
EGit might behave differently since they see different configuration options.
This warning can be switched off on the Team > Git > Confirmations and Warnings preference page.
!SESSION 2022-03-14 12:14:28.537 -----------------------------------------------
eclipse.buildId=4.22.0.I20211124-1800
java.version=17.0.1
java.vendor=Eclipse Adoptium
BootLoader constants: OS=win32, ARCH=x86_64, WS=win32, NL=es_ES
Framework arguments:  -product org.eclipse.epp.package.java.product
Command-line arguments:  -os win32 -ws win32 -arch x86_64 -product org.eclipse.epp.package.java.product

!ENTRY org.eclipse.jface 2 0 2022-03-14 12:14:40.097
!MESSAGE Keybinding conflicts occurred.  They may interfere with normal accelerator operation.
!SUBENTRY 1 org.eclipse.jface 2 0 2022-03-14 12:14:40.097
!MESSAGE A conflict occurred for CTRL+SHIFT+T:
Binding(CTRL+SHIFT+T,
	ParameterizedCommand(Command(org.eclipse.jdt.ui.navigate.open.type,Open Type,
		Open a type in a Java editor,
		Category(org.eclipse.ui.category.navigate,Navigate,null,true),
		org.eclipse.ui.internal.WorkbenchHandlerServiceHandler@6bdedbbd,
		,,true),null),
	org.eclipse.ui.defaultAcceleratorConfiguration,
	org.eclipse.ui.contexts.window,,,system)
Binding(CTRL+SHIFT+T,
	ParameterizedCommand(Command(org.eclipse.lsp4e.symbolinworkspace,Go to Symbol in Workspace,
		,
		Category(org.eclipse.lsp4e.category,Language Servers,null,true),
		org.eclipse.ui.internal.WorkbenchHandlerServiceHandler@47b961e2,
		,,true),null),
	org.eclipse.ui.defaultAcceleratorConfiguration,
	org.eclipse.ui.contexts.window,,,system)
!SUBENTRY 1 org.eclipse.jface 2 0 2022-03-14 12:14:40.097
!MESSAGE A conflict occurred for ALT+SHIFT+R:
Binding(ALT+SHIFT+R,
	ParameterizedCommand(Command(org.eclipse.jdt.ui.edit.text.java.rename.element,Rename - Refactoring ,
		Rename the selected element,
		Category(org.eclipse.jdt.ui.category.refactoring,Refactor - Java,Java Refactoring Actions,true),
		org.eclipse.ui.internal.WorkbenchHandlerServiceHandler@d2cb2d0,
		,,true),null),
	org.eclipse.ui.defaultAcceleratorConfiguration,
	org.eclipse.ui.contexts.window,,,system)
Binding(ALT+SHIFT+R,
	ParameterizedCommand(Command(org.eclipse.ui.edit.rename,Rename,
		Rename the selected item,
		Category(org.eclipse.ui.category.file,File,null,true),
		org.eclipse.ui.internal.WorkbenchHandlerServiceHandler@2d230cff,
		,,true),null),
	org.eclipse.ui.defaultAcceleratorConfiguration,
	org.eclipse.ui.contexts.window,,,system)

!ENTRY org.eclipse.egit.ui 2 0 2022-03-14 12:14:44.116
!MESSAGE Warning: The environment variable HOME is not set. The following directory will be used to store the Git
user global configuration and to define the default location to store repositories: 'C:\Users\aleja'. If this is
not correct please set the HOME environment variable and restart Eclipse. Otherwise Git for Windows and
EGit might behave differently since they see different configuration options.
This warning can be switched off on the Team > Git > Confirmations and Warnings preference page.

!ENTRY org.eclipse.ui 4 4 2022-03-14 14:20:32.712
!MESSAGE Conflicting handlers for org.eclipse.ui.edit.findNext: {ActionHandler(org.eclipse.ui.texteditor.FindNextAction@4b4c4648)} vs {ActionHandler(org.eclipse.ui.texteditor.FindNextAction@4b4c4648)} in: PartImpl (org.eclipse.e4.ui.compatibility.editor)  removeOnHide org.eclipse.mylyn.wikitext.ui.editor.markupEditorContext
!STACK 0
java.lang.IllegalStateException: Conflicting handlers: {[ActionHandler(org.eclipse.ui.texteditor.FindNextAction@4b4c4648),  for 'org.eclipse.ui.edit.findNext',  in PartImpl (org.eclipse.e4.ui.compatibility.editor)  removeOnHide org.eclipse.mylyn.wikitext.ui.editor.markupEditorContext, activeWhen=ActivePartExpression(org.eclipse.mylyn.internal.wikitext.ui.editor.MarkupEditor@49bffb25), active=true, sourcePriority=1048576, participating=true]} vs {[ActionHandler(org.eclipse.ui.texteditor.FindNextAction@4b4c4648),  for 'org.eclipse.ui.edit.findNext',  in PartImpl (org.eclipse.e4.ui.compatibility.editor)  removeOnHide org.eclipse.mylyn.wikitext.ui.editor.markupEditorContext, activeWhen=ActivePartExpression(org.eclipse.mylyn.internal.wikitext.ui.editor.MarkupEditor@49bffb25), active=true, sourcePriority=1048576, participating=true]} in: PartImpl (org.eclipse.e4.ui.compatibility.editor)  removeOnHide org.eclipse.mylyn.wikitext.ui.editor.markupEditorContext
	at org.eclipse.ui.internal.handlers.LegacyHandlerService$HandlerSelectionFunction.compute(LegacyHandlerService.java:145)
	at org.eclipse.e4.core.internal.contexts.ValueComputation.get(ValueComputation.java:70)
	at org.eclipse.e4.core.internal.contexts.EclipseContext.internalGet(EclipseContext.java:263)
	at org.eclipse.e4.core.internal.contexts.EclipseContext.get(EclipseContext.java:228)
	at org.eclipse.e4.core.commands.internal.HandlerServiceImpl.lookUpHandler(HandlerServiceImpl.java:103)
	at org.eclipse.ui.internal.handlers.E4HandlerProxy.handlerChanged(E4HandlerProxy.java:114)
	at org.eclipse.core.commands.AbstractHandler.fireHandlerChanged(AbstractHandler.java:77)
	at org.eclipse.jface.commands.ActionHandler.lambda$0(ActionHandler.java:81)
	at org.eclipse.jface.action.AbstractAction.firePropertyChange(AbstractAction.java:52)
	at org.eclipse.jface.action.AbstractAction.firePropertyChange(AbstractAction.java:75)
	at org.eclipse.jface.action.Action.setEnabled(Action.java:541)
	at org.eclipse.ui.texteditor.FindNextAction.update(FindNextAction.java:238)
	at org.eclipse.ui.texteditor.AbstractTextEditor.updateAction(AbstractTextEditor.java:5353)
	at org.eclipse.ui.texteditor.AbstractTextEditor.updateContentDependentActions(AbstractTextEditor.java:5437)
	at org.eclipse.ui.texteditor.AbstractTextEditor$TextListener.lambda$0(AbstractTextEditor.java:618)
	at org.eclipse.swt.widgets.RunnableLock.run(RunnableLock.java:40)
	at org.eclipse.swt.widgets.Synchronizer.runAsyncMessages(Synchronizer.java:185)
	at org.eclipse.swt.widgets.Display.runAsyncMessages(Display.java:4035)
	at org.eclipse.swt.widgets.Display.readAndDispatch(Display.java:3635)
	at org.eclipse.e4.ui.internal.workbench.swt.PartRenderingEngine$5.run(PartRenderingEngine.java:1154)
	at org.eclipse.core.databinding.observable.Realm.runWithDefault(Realm.java:338)
	at org.eclipse.e4.ui.internal.workbench.swt.PartRenderingEngine.run(PartRenderingEngine.java:1045)
	at org.eclipse.e4.ui.internal.workbench.E4Workbench.createAndRunUI(E4Workbench.java:155)
	at org.eclipse.ui.internal.Workbench.lambda$3(Workbench.java:644)
	at org.eclipse.core.databinding.observable.Realm.runWithDefault(Realm.java:338)
	at org.eclipse.ui.internal.Workbench.createAndRunWorkbench(Workbench.java:551)
	at org.eclipse.ui.PlatformUI.createAndRunWorkbench(PlatformUI.java:156)
	at org.eclipse.ui.internal.ide.application.IDEApplication.start(IDEApplication.java:152)
	at org.eclipse.equinox.internal.app.EclipseAppHandle.run(EclipseAppHandle.java:203)
	at org.eclipse.core.runtime.internal.adaptor.EclipseAppLauncher.runApplication(EclipseAppLauncher.java:136)
	at org.eclipse.core.runtime.internal.adaptor.EclipseAppLauncher.start(EclipseAppLauncher.java:104)
	at org.eclipse.core.runtime.adaptor.EclipseStarter.run(EclipseStarter.java:401)
	at org.eclipse.core.runtime.adaptor.EclipseStarter.run(EclipseStarter.java:255)
	at java.base/jdk.internal.reflect.NativeMethodAccessorImpl.invoke0(Native Method)
	at java.base/jdk.internal.reflect.NativeMethodAccessorImpl.invoke(NativeMethodAccessorImpl.java:77)
	at java.base/jdk.internal.reflect.DelegatingMethodAccessorImpl.invoke(DelegatingMethodAccessorImpl.java:43)
	at java.base/java.lang.reflect.Method.invoke(Method.java:568)
	at org.eclipse.equinox.launcher.Main.invokeFramework(Main.java:659)
	at org.eclipse.equinox.launcher.Main.basicRun(Main.java:596)
	at org.eclipse.equinox.launcher.Main.run(Main.java:1467)

!ENTRY org.eclipse.ui 4 4 2022-03-14 14:20:32.713
!MESSAGE Conflicting handlers for org.eclipse.ui.edit.findPrevious: {ActionHandler(org.eclipse.ui.texteditor.FindNextAction@49369385)} vs {ActionHandler(org.eclipse.ui.texteditor.FindNextAction@49369385)} in: PartImpl (org.eclipse.e4.ui.compatibility.editor)  removeOnHide org.eclipse.mylyn.wikitext.ui.editor.markupEditorContext
!STACK 0
java.lang.IllegalStateException: Conflicting handlers: {[ActionHandler(org.eclipse.ui.texteditor.FindNextAction@49369385),  for 'org.eclipse.ui.edit.findPrevious',  in PartImpl (org.eclipse.e4.ui.compatibility.editor)  removeOnHide org.eclipse.mylyn.wikitext.ui.editor.markupEditorContext, activeWhen=ActivePartExpression(org.eclipse.mylyn.internal.wikitext.ui.editor.MarkupEditor@49bffb25), active=true, sourcePriority=1048576, participating=true]} vs {[ActionHandler(org.eclipse.ui.texteditor.FindNextAction@49369385),  for 'org.eclipse.ui.edit.findPrevious',  in PartImpl (org.eclipse.e4.ui.compatibility.editor)  removeOnHide org.eclipse.mylyn.wikitext.ui.editor.markupEditorContext, activeWhen=ActivePartExpression(org.eclipse.mylyn.internal.wikitext.ui.editor.MarkupEditor@49bffb25), active=true, sourcePriority=1048576, participating=true]} in: PartImpl (org.eclipse.e4.ui.compatibility.editor)  removeOnHide org.eclipse.mylyn.wikitext.ui.editor.markupEditorContext
	at org.eclipse.ui.internal.handlers.LegacyHandlerService$HandlerSelectionFunction.compute(LegacyHandlerService.java:145)
	at org.eclipse.e4.core.internal.contexts.ValueComputation.get(ValueComputation.java:70)
	at org.eclipse.e4.core.internal.contexts.EclipseContext.internalGet(EclipseContext.java:263)
	at org.eclipse.e4.core.internal.contexts.EclipseContext.get(EclipseContext.java:228)
	at org.eclipse.e4.core.commands.internal.HandlerServiceImpl.lookUpHandler(HandlerServiceImpl.java:103)
	at org.eclipse.ui.internal.handlers.E4HandlerProxy.handlerChanged(E4HandlerProxy.java:114)
	at org.eclipse.core.commands.AbstractHandler.fireHandlerChanged(AbstractHandler.java:77)
	at org.eclipse.jface.commands.ActionHandler.lambda$0(ActionHandler.java:81)
	at org.eclipse.jface.action.AbstractAction.firePropertyChange(AbstractAction.java:52)
	at org.eclipse.jface.action.AbstractAction.firePropertyChange(AbstractAction.java:75)
	at org.eclipse.jface.action.Action.setEnabled(Action.java:541)
	at org.eclipse.ui.texteditor.FindNextAction.update(FindNextAction.java:238)
	at org.eclipse.ui.texteditor.AbstractTextEditor.updateAction(AbstractTextEditor.java:5353)
	at org.eclipse.ui.texteditor.AbstractTextEditor.updateContentDependentActions(AbstractTextEditor.java:5437)
	at org.eclipse.ui.texteditor.AbstractTextEditor$TextListener.lambda$0(AbstractTextEditor.java:618)
	at org.eclipse.swt.widgets.RunnableLock.run(RunnableLock.java:40)
	at org.eclipse.swt.widgets.Synchronizer.runAsyncMessages(Synchronizer.java:185)
	at org.eclipse.swt.widgets.Display.runAsyncMessages(Display.java:4035)
	at org.eclipse.swt.widgets.Display.readAndDispatch(Display.java:3635)
	at org.eclipse.e4.ui.internal.workbench.swt.PartRenderingEngine$5.run(PartRenderingEngine.java:1154)
	at org.eclipse.core.databinding.observable.Realm.runWithDefault(Realm.java:338)
	at org.eclipse.e4.ui.internal.workbench.swt.PartRenderingEngine.run(PartRenderingEngine.java:1045)
	at org.eclipse.e4.ui.internal.workbench.E4Workbench.createAndRunUI(E4Workbench.java:155)
	at org.eclipse.ui.internal.Workbench.lambda$3(Workbench.java:644)
	at org.eclipse.core.databinding.observable.Realm.runWithDefault(Realm.java:338)
	at org.eclipse.ui.internal.Workbench.createAndRunWorkbench(Workbench.java:551)
	at org.eclipse.ui.PlatformUI.createAndRunWorkbench(PlatformUI.java:156)
	at org.eclipse.ui.internal.ide.application.IDEApplication.start(IDEApplication.java:152)
	at org.eclipse.equinox.internal.app.EclipseAppHandle.run(EclipseAppHandle.java:203)
	at org.eclipse.core.runtime.internal.adaptor.EclipseAppLauncher.runApplication(EclipseAppLauncher.java:136)
	at org.eclipse.core.runtime.internal.adaptor.EclipseAppLauncher.start(EclipseAppLauncher.java:104)
	at org.eclipse.core.runtime.adaptor.EclipseStarter.run(EclipseStarter.java:401)
	at org.eclipse.core.runtime.adaptor.EclipseStarter.run(EclipseStarter.java:255)
	at java.base/jdk.internal.reflect.NativeMethodAccessorImpl.invoke0(Native Method)
	at java.base/jdk.internal.reflect.NativeMethodAccessorImpl.invoke(NativeMethodAccessorImpl.java:77)
	at java.base/jdk.internal.reflect.DelegatingMethodAccessorImpl.invoke(DelegatingMethodAccessorImpl.java:43)
	at java.base/java.lang.reflect.Method.invoke(Method.java:568)
	at org.eclipse.equinox.launcher.Main.invokeFramework(Main.java:659)
	at org.eclipse.equinox.launcher.Main.basicRun(Main.java:596)
	at org.eclipse.equinox.launcher.Main.run(Main.java:1467)

!ENTRY org.eclipse.ui 4 4 2022-03-14 14:20:32.714
!MESSAGE Conflicting handlers for org.eclipse.ui.edit.findIncremental: {ActionHandler(org.eclipse.ui.texteditor.IncrementalFindAction@72fe440f)} vs {ActionHandler(org.eclipse.ui.texteditor.IncrementalFindAction@72fe440f)} in: PartImpl (org.eclipse.e4.ui.compatibility.editor)  removeOnHide org.eclipse.mylyn.wikitext.ui.editor.markupEditorContext
!STACK 0
java.lang.IllegalStateException: Conflicting handlers: {[ActionHandler(org.eclipse.ui.texteditor.IncrementalFindAction@72fe440f),  for 'org.eclipse.ui.edit.findIncremental',  in PartImpl (org.eclipse.e4.ui.compatibility.editor)  removeOnHide org.eclipse.mylyn.wikitext.ui.editor.markupEditorContext, activeWhen=ActivePartExpression(org.eclipse.mylyn.internal.wikitext.ui.editor.MarkupEditor@49bffb25), active=true, sourcePriority=1048576, participating=true]} vs {[ActionHandler(org.eclipse.ui.texteditor.IncrementalFindAction@72fe440f),  for 'org.eclipse.ui.edit.findIncremental',  in PartImpl (org.eclipse.e4.ui.compatibility.editor)  removeOnHide org.eclipse.mylyn.wikitext.ui.editor.markupEditorContext, activeWhen=ActivePartExpression(org.eclipse.mylyn.internal.wikitext.ui.editor.MarkupEditor@49bffb25), active=true, sourcePriority=1048576, participating=true]} in: PartImpl (org.eclipse.e4.ui.compatibility.editor)  removeOnHide org.eclipse.mylyn.wikitext.ui.editor.markupEditorContext
	at org.eclipse.ui.internal.handlers.LegacyHandlerService$HandlerSelectionFunction.compute(LegacyHandlerService.java:145)
	at org.eclipse.e4.core.internal.contexts.ValueComputation.get(ValueComputation.java:70)
	at org.eclipse.e4.core.internal.contexts.EclipseContext.internalGet(EclipseContext.java:263)
	at org.eclipse.e4.core.internal.contexts.EclipseContext.get(EclipseContext.java:228)
	at org.eclipse.e4.core.commands.internal.HandlerServiceImpl.lookUpHandler(HandlerServiceImpl.java:103)
	at org.eclipse.ui.internal.handlers.E4HandlerProxy.handlerChanged(E4HandlerProxy.java:114)
	at org.eclipse.core.commands.AbstractHandler.fireHandlerChanged(AbstractHandler.java:77)
	at org.eclipse.jface.commands.ActionHandler.lambda$0(ActionHandler.java:81)
	at org.eclipse.jface.action.AbstractAction.firePropertyChange(AbstractAction.java:52)
	at org.eclipse.jface.action.AbstractAction.firePropertyChange(AbstractAction.java:75)
	at org.eclipse.jface.action.Action.setEnabled(Action.java:541)
	at org.eclipse.ui.texteditor.IncrementalFindAction.update(IncrementalFindAction.java:118)
	at org.eclipse.ui.texteditor.AbstractTextEditor.updateAction(AbstractTextEditor.java:5353)
	at org.eclipse.ui.texteditor.AbstractTextEditor.updateContentDependentActions(AbstractTextEditor.java:5437)
	at org.eclipse.ui.texteditor.AbstractTextEditor$TextListener.lambda$0(AbstractTextEditor.java:618)
	at org.eclipse.swt.widgets.RunnableLock.run(RunnableLock.java:40)
	at org.eclipse.swt.widgets.Synchronizer.runAsyncMessages(Synchronizer.java:185)
	at org.eclipse.swt.widgets.Display.runAsyncMessages(Display.java:4035)
	at org.eclipse.swt.widgets.Display.readAndDispatch(Display.java:3635)
	at org.eclipse.e4.ui.internal.workbench.swt.PartRenderingEngine$5.run(PartRenderingEngine.java:1154)
	at org.eclipse.core.databinding.observable.Realm.runWithDefault(Realm.java:338)
	at org.eclipse.e4.ui.internal.workbench.swt.PartRenderingEngine.run(PartRenderingEngine.java:1045)
	at org.eclipse.e4.ui.internal.workbench.E4Workbench.createAndRunUI(E4Workbench.java:155)
	at org.eclipse.ui.internal.Workbench.lambda$3(Workbench.java:644)
	at org.eclipse.core.databinding.observable.Realm.runWithDefault(Realm.java:338)
	at org.eclipse.ui.internal.Workbench.createAndRunWorkbench(Workbench.java:551)
	at org.eclipse.ui.PlatformUI.createAndRunWorkbench(PlatformUI.java:156)
	at org.eclipse.ui.internal.ide.application.IDEApplication.start(IDEApplication.java:152)
	at org.eclipse.equinox.internal.app.EclipseAppHandle.run(EclipseAppHandle.java:203)
	at org.eclipse.core.runtime.internal.adaptor.EclipseAppLauncher.runApplication(EclipseAppLauncher.java:136)
	at org.eclipse.core.runtime.internal.adaptor.EclipseAppLauncher.start(EclipseAppLauncher.java:104)
	at org.eclipse.core.runtime.adaptor.EclipseStarter.run(EclipseStarter.java:401)
	at org.eclipse.core.runtime.adaptor.EclipseStarter.run(EclipseStarter.java:255)
	at java.base/jdk.internal.reflect.NativeMethodAccessorImpl.invoke0(Native Method)
	at java.base/jdk.internal.reflect.NativeMethodAccessorImpl.invoke(NativeMethodAccessorImpl.java:77)
	at java.base/jdk.internal.reflect.DelegatingMethodAccessorImpl.invoke(DelegatingMethodAccessorImpl.java:43)
	at java.base/java.lang.reflect.Method.invoke(Method.java:568)
	at org.eclipse.equinox.launcher.Main.invokeFramework(Main.java:659)
	at org.eclipse.equinox.launcher.Main.basicRun(Main.java:596)
	at org.eclipse.equinox.launcher.Main.run(Main.java:1467)

!ENTRY org.eclipse.ui 4 4 2022-03-14 14:20:32.714
!MESSAGE Conflicting handlers for org.eclipse.ui.edit.findIncrementalReverse: {ActionHandler(org.eclipse.ui.texteditor.IncrementalFindAction@2b6c6a87)} vs {ActionHandler(org.eclipse.ui.texteditor.IncrementalFindAction@2b6c6a87)} in: PartImpl (org.eclipse.e4.ui.compatibility.editor)  removeOnHide org.eclipse.mylyn.wikitext.ui.editor.markupEditorContext
!STACK 0
java.lang.IllegalStateException: Conflicting handlers: {[ActionHandler(org.eclipse.ui.texteditor.IncrementalFindAction@2b6c6a87),  for 'org.eclipse.ui.edit.findIncrementalReverse',  in PartImpl (org.eclipse.e4.ui.compatibility.editor)  removeOnHide org.eclipse.mylyn.wikitext.ui.editor.markupEditorContext, activeWhen=ActivePartExpression(org.eclipse.mylyn.internal.wikitext.ui.editor.MarkupEditor@49bffb25), active=true, sourcePriority=1048576, participating=true]} vs {[ActionHandler(org.eclipse.ui.texteditor.IncrementalFindAction@2b6c6a87),  for 'org.eclipse.ui.edit.findIncrementalReverse',  in PartImpl (org.eclipse.e4.ui.compatibility.editor)  removeOnHide org.eclipse.mylyn.wikitext.ui.editor.markupEditorContext, activeWhen=ActivePartExpression(org.eclipse.mylyn.internal.wikitext.ui.editor.MarkupEditor@49bffb25), active=true, sourcePriority=1048576, participating=true]} in: PartImpl (org.eclipse.e4.ui.compatibility.editor)  removeOnHide org.eclipse.mylyn.wikitext.ui.editor.markupEditorContext
	at org.eclipse.ui.internal.handlers.LegacyHandlerService$HandlerSelectionFunction.compute(LegacyHandlerService.java:145)
	at org.eclipse.e4.core.internal.contexts.ValueComputation.get(ValueComputation.java:70)
	at org.eclipse.e4.core.internal.contexts.EclipseContext.internalGet(EclipseContext.java:263)
	at org.eclipse.e4.core.internal.contexts.EclipseContext.get(EclipseContext.java:228)
	at org.eclipse.e4.core.commands.internal.HandlerServiceImpl.lookUpHandler(HandlerServiceImpl.java:103)
	at org.eclipse.ui.internal.handlers.E4HandlerProxy.handlerChanged(E4HandlerProxy.java:114)
	at org.eclipse.core.commands.AbstractHandler.fireHandlerChanged(AbstractHandler.java:77)
	at org.eclipse.jface.commands.ActionHandler.lambda$0(ActionHandler.java:81)
	at org.eclipse.jface.action.AbstractAction.firePropertyChange(AbstractAction.java:52)
	at org.eclipse.jface.action.AbstractAction.firePropertyChange(AbstractAction.java:75)
	at org.eclipse.jface.action.Action.setEnabled(Action.java:541)
	at org.eclipse.ui.texteditor.IncrementalFindAction.update(IncrementalFindAction.java:118)
	at org.eclipse.ui.texteditor.AbstractTextEditor.updateAction(AbstractTextEditor.java:5353)
	at org.eclipse.ui.texteditor.AbstractTextEditor.updateContentDependentActions(AbstractTextEditor.java:5437)
	at org.eclipse.ui.texteditor.AbstractTextEditor$TextListener.lambda$0(AbstractTextEditor.java:618)
	at org.eclipse.swt.widgets.RunnableLock.run(RunnableLock.java:40)
	at org.eclipse.swt.widgets.Synchronizer.runAsyncMessages(Synchronizer.java:185)
	at org.eclipse.swt.widgets.Display.runAsyncMessages(Display.java:4035)
	at org.eclipse.swt.widgets.Display.readAndDispatch(Display.java:3635)
	at org.eclipse.e4.ui.internal.workbench.swt.PartRenderingEngine$5.run(PartRenderingEngine.java:1154)
	at org.eclipse.core.databinding.observable.Realm.runWithDefault(Realm.java:338)
	at org.eclipse.e4.ui.internal.workbench.swt.PartRenderingEngine.run(PartRenderingEngine.java:1045)
	at org.eclipse.e4.ui.internal.workbench.E4Workbench.createAndRunUI(E4Workbench.java:155)
	at org.eclipse.ui.internal.Workbench.lambda$3(Workbench.java:644)
	at org.eclipse.core.databinding.observable.Realm.runWithDefault(Realm.java:338)
	at org.eclipse.ui.internal.Workbench.createAndRunWorkbench(Workbench.java:551)
	at org.eclipse.ui.PlatformUI.createAndRunWorkbench(PlatformUI.java:156)
	at org.eclipse.ui.internal.ide.application.IDEApplication.start(IDEApplication.java:152)
	at org.eclipse.equinox.internal.app.EclipseAppHandle.run(EclipseAppHandle.java:203)
	at org.eclipse.core.runtime.internal.adaptor.EclipseAppLauncher.runApplication(EclipseAppLauncher.java:136)
	at org.eclipse.core.runtime.internal.adaptor.EclipseAppLauncher.start(EclipseAppLauncher.java:104)
	at org.eclipse.core.runtime.adaptor.EclipseStarter.run(EclipseStarter.java:401)
	at org.eclipse.core.runtime.adaptor.EclipseStarter.run(EclipseStarter.java:255)
	at java.base/jdk.internal.reflect.NativeMethodAccessorImpl.invoke0(Native Method)
	at java.base/jdk.internal.reflect.NativeMethodAccessorImpl.invoke(NativeMethodAccessorImpl.java:77)
	at java.base/jdk.internal.reflect.DelegatingMethodAccessorImpl.invoke(DelegatingMethodAccessorImpl.java:43)
	at java.base/java.lang.reflect.Method.invoke(Method.java:568)
	at org.eclipse.equinox.launcher.Main.invokeFramework(Main.java:659)
	at org.eclipse.equinox.launcher.Main.basicRun(Main.java:596)
	at org.eclipse.equinox.launcher.Main.run(Main.java:1467)
!SESSION 2022-03-15 11:47:31.411 -----------------------------------------------
eclipse.buildId=4.22.0.I20211124-1800
java.version=17.0.1
java.vendor=Eclipse Adoptium
BootLoader constants: OS=win32, ARCH=x86_64, WS=win32, NL=es_ES
Framework arguments:  -product org.eclipse.epp.package.java.product
Command-line arguments:  -os win32 -ws win32 -arch x86_64 -product org.eclipse.epp.package.java.product

!ENTRY org.eclipse.jface 2 0 2022-03-15 11:47:35.235
!MESSAGE Keybinding conflicts occurred.  They may interfere with normal accelerator operation.
!SUBENTRY 1 org.eclipse.jface 2 0 2022-03-15 11:47:35.235
!MESSAGE A conflict occurred for CTRL+SHIFT+T:
Binding(CTRL+SHIFT+T,
	ParameterizedCommand(Command(org.eclipse.jdt.ui.navigate.open.type,Open Type,
		Open a type in a Java editor,
		Category(org.eclipse.ui.category.navigate,Navigate,null,true),
		org.eclipse.ui.internal.WorkbenchHandlerServiceHandler@2d230cff,
		,,true),null),
	org.eclipse.ui.defaultAcceleratorConfiguration,
	org.eclipse.ui.contexts.window,,,system)
Binding(CTRL+SHIFT+T,
	ParameterizedCommand(Command(org.eclipse.lsp4e.symbolinworkspace,Go to Symbol in Workspace,
		,
		Category(org.eclipse.lsp4e.category,Language Servers,null,true),
		org.eclipse.ui.internal.WorkbenchHandlerServiceHandler@30bd39d5,
		,,true),null),
	org.eclipse.ui.defaultAcceleratorConfiguration,
	org.eclipse.ui.contexts.window,,,system)
!SUBENTRY 1 org.eclipse.jface 2 0 2022-03-15 11:47:35.235
!MESSAGE A conflict occurred for ALT+SHIFT+R:
Binding(ALT+SHIFT+R,
	ParameterizedCommand(Command(org.eclipse.jdt.ui.edit.text.java.rename.element,Rename - Refactoring ,
		Rename the selected element,
		Category(org.eclipse.jdt.ui.category.refactoring,Refactor - Java,Java Refactoring Actions,true),
		org.eclipse.ui.internal.WorkbenchHandlerServiceHandler@3c87e851,
		,,true),null),
	org.eclipse.ui.defaultAcceleratorConfiguration,
	org.eclipse.ui.contexts.window,,,system)
Binding(ALT+SHIFT+R,
	ParameterizedCommand(Command(org.eclipse.ui.edit.rename,Rename,
		Rename the selected item,
		Category(org.eclipse.ui.category.file,File,null,true),
		org.eclipse.ui.internal.WorkbenchHandlerServiceHandler@54556723,
		,,true),null),
	org.eclipse.ui.defaultAcceleratorConfiguration,
	org.eclipse.ui.contexts.window,,,system)

!ENTRY org.eclipse.egit.ui 2 0 2022-03-15 11:47:38.294
!MESSAGE Warning: The environment variable HOME is not set. The following directory will be used to store the Git
user global configuration and to define the default location to store repositories: 'C:\Users\aleja'. If this is
not correct please set the HOME environment variable and restart Eclipse. Otherwise Git for Windows and
EGit might behave differently since they see different configuration options.
This warning can be switched off on the Team > Git > Confirmations and Warnings preference page.
