Marca;Dimensiones;Nombre;Fecha revisión;Recomendado;Puntuación;Texto
Gallo;1.0 in x 1.0 in x 1.0 in;Ecco Domani174 Pinot Grigio - 750ml Bottle;2017-08-01T21:13:49.000Z;sí;5;This a fantastic white wine for any occasion!
Fresh Craft Co.;4.25 in x 4.25 in x 5.25 in;Fresh Craft174 Mango Citrus - 4pk / 250ml Bottle;2017-07-10T04:17:34.000Z;sí;5;Tart, not sweet...very refreshing and delicious!
1000 Stories;3.3 in x 3.3 in x 11.79 in;1000 Stories174 Zinfandel - 750ml Bottle;2017-10-02T12:52:27.000Z;sí;5;I was given this wine so it was a delightful surprise to find that it has a flavorful and delicious taste! A new favorite!!!!
1000 Stories;3.3 in x 3.3 in x 11.79 in;1000 Stories174 Zinfandel - 750ml Bottle;2016-11-02T10:00:37.000Z;sí;5;This is a phenomenal wine and my new favorite red.
Wine Cube153;1.0 in x 1.0 in x 1.0 in;Pink Moscato - 3l Bottle - Wine Cube153;2014-11-25T03:37:34.000Z;sí;5;4 750ml bottles for the price of two With way less packaging YES PLEASE! I was nervous it was too good to be true and I wouldn't like the wine but it's fantastic! I have to go a bit out of my way to get it (I live near a state line and it isn't sold in my state due to liquor laws) but it's worth it.
Beck's Na;1.0 in x 1.0 in x 1.0 in;Beck's174 Non Alcoholic Beer - 6pk / 12oz Bottles;2017-09-04T04:35:11.000Z;sí;5;I LOVE Becks NA. It tastes just like a regular ale. It smells like one too. It tastes great. It's the only NA that I drink. My friends love it too. It has a great head when you pour.
Gallo;1.0 in x 1.0 in x 1.0 in;Apothic174 Red Blend - 750ml Bottle;2015-11-22T05:04:03.000Z;sí;3;This wine has a wonderful but strong aroma its a bit bitter has a bite to it but still goodit was worth it in the end
Gallo;1.0 in x 1.0 in x 1.0 in;Apothic174 Red Blend - 750ml Bottle;2015-11-09T04:06:16.000Z;no;2;I would give one more star if it came clean on the bottle and called itself a 'sweet red'. Instead it get's poetic and grandiose about itself when all it is is a blend which (standard practice) gets a dash of grape juice concentrate to sweeten it. It also looses a star for the price, I rather look to the side of my Target's shelves and pick-up a Lambrusco for about 3-4 less.
California Roots;3.06 in x 3.06 in x 12.34 in;California Roots Moscato White Wine - 750ml;2017-09-20T13:13:29.000Z;sí;5;Delicious and very affordable
Charles Charles;1.0 in x 1.0 in x 1.0 in;Charles Charles174 Red Blend - 750ml Bottle;2015-10-15T15:26:07.000Z;sí;5;This is a very smooth red with Aromas of cocoa, coffee, tobacco sweet black cherry. Bold but soft. I highly recommend this one.
Fancy Pants;1.0 in x 1.0 in x 1.0 in;Fancy Pants174 Sauvignon Blanc - 750ml Bottle;2015-04-11T20:59:32.000Z;sí;5;Based on positive reviews, I served all of the Fancy Pants varieties at a recent party. My guests and I loved them! Since I am not a wine expert, I will provide some details on this variety from the Fancy Pants website: ...is like sunshine in the glass. Its brisk and bright, with inviting citrus, melon and passion fruit aromas leading to mouthwatering grapefruit and zesty lime flavors with hints of minerality on the palate. Vibrant acidity and a crisp, clean finish make this wine a versatile partner for a wide range of foodsespecially succulent seafood, Mediterranean-style grilled vegetables, and salads. Served well chilled, our Sauvignon Blanc is fun and friendlythe perfect pour for sunny afternoons and picnics.
Martini Rossi;1.0 in x 1.0 in x 1.0 in;Martini Rossi174 Asti Spumante Sparkling Wine - 750ml Bottle;2011-12-22T03:52:36.000Z;sí;5;Nice fruity and sweet taking sparkling wine. Goes great in mimosa. You have to try it to see how you will like it. Even the guys would enjoy this at your wedding!
603 Brewery;6.5 in x 2.5 in x 9.5 in;603174 Winni Amber Ale - 6pk / 12oz Cans;2016-10-01T03:09:18.000Z;sí;5;A rich amber Ale with a subtle but noticeable hop character. Great beer to pair with food!
603 Brewery;6.5 in x 2.5 in x 9.5 in;603174 White Peaks Ipa - 6pk / 12oz Cans;2016-10-01T03:12:10.000Z;sí;5;This light bodied IPA is dry hopped with cascade for a bold and bright HP aroma, balanced by a refreshing and crisp Ale. Great for a cookout out day at the beach, love it!
603 Brewery;6.5 in x 2.5 in x 9.5 in;603174 White Peaks Ipa - 6pk / 12oz Cans;2016-10-01T03:12:10.000Z;sí;5;This light bodied IPA is dry hopped with cascade for a bold and bright HP aroma, balanced by a refreshing and crisp Ale. Great for a cookout out day at the beach, love it!
Coppola;1.0 in x 1.0 in x 1.0 in;Sofia Coppola174 Riesling - 750ml Bottle;2013-05-11T19:24:51.000Z;sí;5;Great for a perfect summer day or a get together with the girls.
California Roots;3.06 in x 3.06 in x 12.34 in;California Roots Pinot Grigio White Wine - 750ml;2017-09-13T01:54:31.000Z;no;2;I'm not sure if this is a bad bottle or if it was intentionally made effervescent. I don't want bubbles when I drink Pinot Grigio. Goes well with mozzarella string cheese and Cinemasins.
Sancho Libre;1.0 in x 1.0 in x 1.0 in;Sancho Libre174 Peach - 4pk / 12oz Cans;2016-12-08T17:55:50.000Z;sí;5;Obsessed with this new drink----However, it has been sold out at every Target I have been to lately :(
Modern House Wines;3.0 in x 3.0 in x 12.0 in;Modern House174 With Love Red Blend - 750ml Bottle;2014-12-09T22:59:07.000Z;sí;5;This is an excellent red wine, not to dry and not real sweet. More of a red blend. Great go with anything anytime. In the right price point as other known brands on the market.
Estancia;1.0 in x 1.0 in x 1.0 in;Estancia174 Cabernet Sauvignon - 750ml Bottle;2016-01-27T15:47:00.000Z;sí;5;One of the best Cabernets I had in quite sometime......!!!!!!
VOGA Italia;1.0 in x 1.0 in x 1.0 in;Voga Italia174 Pinot Grigio - 750ml Bottle;2017-11-24T21:17:46.000Z;sí;5;This is a great buy for the price. Someone had given me a bottle and I liked the look of it so much that I didn't want to open it. Had no idea it was so nicely priced and so easily available. Finally opened it when I was in a bind, needing white wine for a favorite holiday recipe and this was all I had on hand. It's a nice, smooth Pinot, very nice flavor, pleasurable to the palate. What I especially love about this brand, however, is the bottle itself! Screw off the black top and there is a smaller neck with a cork closure. The beauty is that the black cap is designed so that it will reseal the bottle without the cork needing to be squeezed back in...a really thoughtful design. I almost hate to admit how much I was impressed by it! Will be stopping by Target specifically to buy more to have in the house. Highly recommend.
Michelob Ultra;1.0 in x 1.0 in x 1.0 in;Michelob174 Ultra Light Cider Beer - 6pk / 12oz Bottles;2015-11-30T17:23:24.000Z;sí;5;Gluten free plus lower on calories plus very refreshing!
Wine Cube153;1.0 in x 1.0 in x 1.0 in;Cabernet Shiraz - 3l Bottle - Wine Cube153;2016-05-18T07:15:02.000Z;sí;5;Best of the bunch of all of The wine Cube sku's. Target Wine Buyer: please bring back!
Wine Cube153;1.0 in x 1.0 in x 1.0 in;Cabernet Sauvignon - 3l Bottle - Wine Cube153;2013-05-04T13:26:12.000Z;sí;3;I like the wine and I like the idea of a sealed cube during the week when only drinking a glass or two at a time. But when they re-sized the box a few months ago, it made it impossible to open and setup properly. While I applaud Target for reducing the packaging, this just isn't working.
Risata;1.0 in x 1.0 in x 1.0 in;Risata174 Moscato D'asti - 750ml Bottle;2013-12-31T22:02:31.000Z;sí;5;I have tried my share of Moscato D' Astis before, this has to be the smoothest that I have ever tried. Not too sweet or too fizzy but perfect. I got it for the pretty bottle but was very surprised about the taste. Try it, you won't be disappointed.
Barefoot;3.5 in x 3.3 in x 12.2 in;Barefoot174 Refresh Perfectly Pink - 750ml Bottle;2015-11-04T20:46:33.000Z;sí;5;Highly, highly recommend!! It's sweet but not syrupy- just right! And I love that it's bubbly, I don't have to mix my wine with seltzer anymore!
Tecate;10.75 in x 8.0 in x 9.0 in;Tecate174 Beer - 12pk / 12oz Bottles;2017-11-07T21:38:55.000Z;sí;5;My favorite bottle design. The best cheap lager.
Bud Light;9.1 in x 4.38 in x 6.83 in;Bud Light174 Raz-Ber-Rita - 12pk / 8oz Cans;2017-09-13T20:40:22.000Z;sí;5;Delicious. I hate all the other flavors but this one tastes great. Now if I can only find it in the store.
California Roots;3.06 in x 3.06 in x 12.34 in;California Roots Cabernet Sauvignon Red Wine - 750ml;2017-09-10T00:53:11.000Z;sí;5;This wine is amazing! I'm an avid wine drinker (mom life) and I'll continue to buy this for sure. For 5 it's a steal! Keep this around please, it's just another reason to love target!
Middle Sister;1.0 in x 1.0 in x 1.0 in;Middle Sister174 Red Blend - 750ml Bottle;2012-06-15T01:33:27.000Z;sí;5;Love it that it's not too dry or overly sweet. Also has a good balance of alcohol.
Robert Mondavi Winery;3.21 in x 3.21 in x 11.56 in;Robert Mondavi Private Selection174 Bourbon Cabernet Sauvignon - 750ml Bottle;2016-07-02T22:39:25.000Z;sí;5;This wine was sooooo good. I usually don't like Cabernet but this special fermented wine is very tasty. It did not stay around too long.LOL.
Wine Cube153;1.0 in x 1.0 in x 1.0 in;Riesling - 3l Bottle - Wine Cube153;2015-05-13T13:13:26.000Z;sí;5;Some of the best boxed wine I have ever tasted. Great taste and great value.
Risata;1.0 in x 1.0 in x 1.0 in;Risata174 Pink Moscato - 750ml Bottle;2017-07-08T20:44:31.000Z;sí;5;Love this Moscato and will be purchasing more on my next Target run. Let it chill in the fridge and enjoy on a hot summer day.
Middle Sister;1.0 in x 1.0 in x 1.0 in;Middle Sister174 Moscato - 750ml Bottle;2016-03-26T17:54:45.000Z;sí;4;Had my sissies (sistafriends) over for dinner/planning meeting....and they're still talking about the loving fellowship and the great wine! I hope the store has more than 1 bottle left on its shelves!!!
Love Noir;3.3 in x 3.3 in x 12.0 in;Love Noir174 Ros233 - 750ml Bottle;2017-02-25T01:16:55.000Z;sí;5;Great fruity dry rose!
Handsome Devil;1.0 in x 1.0 in x 1.0 in;Handsome Devil174 Malbec - 750ml Bottle;2015-11-04T03:14:21.000Z;sí;5;Is this the greatest wine in the world, of course not. It is an eminently drinkable wine,as a matter of fact it is my preferred, and go to, table wine. Wine is a personal thing but for me it is my 1 pick in the under 10 category. It is well balanced, subtle, and very easy to sip. Dry without being overpowering. It is not a big bad Cabernet but it is not that in a good way. Goes great by itself or paired with cheese or a dish sauced with something heavier like a bernaise. I always have a bottle on my shelf.
Apothic;1.0 in x 1.0 in x 1.0 in;Apothic174 White Blend - 750ml Bottle;2017-07-29T06:00:56.000Z;sí;5;Delicious white wine! Light, crisp, not too sweet. Almost too good.
Wine Cube153;1.0 in x 1.0 in x 1.0 in;Pinot Noir - 3l Bottle - Wine Cube153;2013-07-27T17:03:13.000Z;no;1;Just bad wine. The worst I have ever had. Try Bota Box Sarah is you are looking for a decent boxed wine.
Love Noir;3.64 in x 3.64 in x 10.5 in;Love Noir174 Pinot Noir - 750ml Bottle;2015-01-05T22:44:50.000Z;sí;5;I am no wine expert by any means, but I love a good red for dinner or a cold night. This is the ticket. Rich, dark, fruity! Just lovely. The hubby liked it too!
Promisqous;1.0 in x 1.0 in x 1.0 in;Promisqous174 Red Blend - 750ml Bottle;2012-11-05T20:23:11.000Z;sí;5;Best wine I ever tasted
Wine Cube153;1.0 in x 1.0 in x 1.0 in;Chardonnay - 3l Bottle - Wine Cube153;2016-06-25T14:29:48.000Z;sí;5;not fruity, very satisfying. my go to chardonnay! excellent product - would expect to pay 10 / bottle for this quality
Wine Cube153;5.05 in x 4.96 in x 5.53 in;Red Blend - 500ml Bottle - Wine Cube153;2015-04-08T06:50:22.000Z;sí;5;Picked some up on a trip to the beach as they are portable non breakable and priced right! I didn't know what to expect, honestly, my expectations were not too high, being boxed wine and all. I was pleasantly surprised! It is very drinkable delicious! When I got home I returned to Target to get the large wine cube box for at home enjoyment!
Wine Cube153;1.0 in x 1.0 in x 1.0 in;Sauvignon Blanc - 3l Bottle - Wine Cube153;2013-08-17T16:07:16.000Z;sí;5;By far the best boxed wine I've found, and comparable to medium-priced bottled sauvignon blancs. A great buy.
Wine Cube153;1.0 in x 1.0 in x 1.0 in;Sauvignon Blanc - 3l Bottle - Wine Cube153;2013-08-17T16:07:16.000Z;sí;5;By far the best boxed wine I've found, and comparable to medium-priced bottled sauvignon blancs. A great buy.
California Roots;3.06 in x 3.06 in x 12.34 in;California Roots Chardonnay White Wine - 750ml;2017-11-12T00:52:24.000Z;no;2;Taste was absolutely fine for a 5 Chardonnay. However, BOTH bottles broke while removing the corkscrew. Second break was far enough I didn't want to risk drinking it because of risk of glass shards. I've bought cheaper wines like yellowtail, etc, and NEVER experienced a bottle breaking.
California Roots;3.06 in x 3.06 in x 12.34 in;California Roots Chardonnay White Wine - 750ml;2017-10-19T01:58:23.000Z;sí;4;I didnt find this to be sweet at all, but everyones taste differs. I usually dont like sweet wines so I gravitate towards Chardonnay and some Sauvignon Blancs and I felt like this one had more of a buttery taste than a sweet citrusy taste like another reviewer stated. For the price, this is definitely a keeper.
Wine Cube153;1.0 in x 1.0 in x 1.0 in;Red Blend - 3l Bottle - Wine Cube153;2016-10-22T02:08:27.000Z;sí;5;My boyfriend brought this home on a whim. We were delighted at how tasty it was. Lasted us a couple weeks - even better!
Disaronno;1.0 in x 1.0 in x 1.0 in;Disaronno174 Almond Liqueur - 750ml Bottle;2012-02-14T12:22:40.000Z;sí;4;I love Disaronno. It has a smooth texture and the flavor is lightly sweet. It's decadent on the rocks or with a little cream.
Wine Cube153;1.0 in x 1.0 in x 1.0 in;Pinot Grigio - 500ml Bottle - Wine Cube153;2015-10-10T05:00:45.000Z;sí;5;I'm surprised how good this is for the price! Tastes more like Sauvignon blanc to me...
California Roots;3.06 in x 3.06 in x 12.34 in;California Roots Red Blend Wine - 750ml;2017-09-18T19:33:35.000Z;sí;5;Nice, light wine - I was not sure what to expect but was surprised how well it tasted for a 5 bottle.
Wine Cube153;2.9 in x 3.2 in x 9.8 in;Chardonnay - 1l Bottle - Wine Cube153;2015-10-24T05:23:35.000Z;sí;4;For as much as we drink white wine, I needed to find a budget bottle. We'd been doing 6-7 dollar bottles, but this beats that. And it's pretty good! You won't impress anyone with this, but for a Monday-Thursday, home and on a budget drinking, this is good.
Fancy Pants;1.0 in x 1.0 in x 1.0 in;Fancy Pants174 Cabernet Sauvignon - 750ml Bottle;2015-04-11T20:51:24.000Z;sí;5;I served this and all the different varieties at a party. My guests and I loved them all. Since I am not a wine expert, I will simply give you some of the notes on this variety from the Fancy Pants website: ...a robust and rich palate with ripe berries, red fruit, and toasty oak flavors. Cherries and vanilla spice on the mouth lead to a long, lingering finish.
Beringer;1.0 in x 1.0 in x 1.0 in;Beringer174 Be. Flirty Pink Moscato - 750ml Bottle;2014-10-03T18:43:40.000Z;sí;5;I tried Beringer, who makes this, Pink Moscato, had no trouble opening it up with a Corkscrew, one which I just bought from Target in-store, really like its sweet, fruity flavor pink looking wine. I plan to stock up for the Holidays.
Fancy Pants;1.0 in x 1.0 in x 1.0 in;Fancy Pants174 Red Blend - 750ml Bottle;2014-05-17T21:21:39.000Z;sí;5;If you like a fruit forward blend of reds with a very smooth finish and jammy taste, you will love this! I think my 9 year search for my favorite red wine has ended!
Josh Cellars;3.256 in x 3.256 in x 12.0 in;Josh Cellars174 Ros233 - 750ml Bottle;2016-07-01T00:28:48.000Z;sí;5;This is a dry Rose, not sweet at all which is perfect for summer!
Coppola;1.0 in x 1.0 in x 1.0 in;Sofia Rose 750ml Bottle;2017-03-31T21:44:08.000Z;sí;5;A wonderful dry wine, and the taste is just divine!
Coppola;1.0 in x 1.0 in x 1.0 in;Sofia Rose 750ml Bottle;2017-03-31T21:44:08.000Z;sí;5;A wonderful dry wine, and the taste is just divine!
Strongbow;7.25 in x 4.85 in x 9.25 in;Strongbow174 Gold Apple Hard Cider - 6pk / 11.2oz Bottles;2016-06-18T18:08:26.000Z;sí;5;Been looking for Strongbow in the US for years
Spikedseltzer;4.25 in x 6.75 in x 6.0 in;Spiked Seltzer174 Indian River Grapefruit - 6pk / 12oz Cans;2017-08-07T16:38:15.000Z;sí;5;Refreshing, nice grapefruit flavor. Not for people that dislike seltzer water. It's good out of the can or poured over ice.
Truly Spiked Sparkling;9.19 in x 4.94 in x 7.71 in;Truly174 Colima Lime - 6pk / 12oz Bottles;2016-08-11T01:58:32.000Z;sí;5;IT IS NOT SWEET,AND I LIKE THAT. IF YOU LIKE THE TASTE OF SPARKLING WATER WITH THE BENEFIT OF 5 ALCOHOL. THIS IS FOR YOU.
Cupcake Vineyards;1.0 in x 1.0 in x 1.0 in;Cupcake Vineyards174 Cabernet Sauvignon - 750ml Bottle;2013-10-08T16:46:23.000Z;sí;5;Best Cabernet I've ever tasted, simple as that.
Truly Spiked Sparkling;9.19 in x 4.94 in x 7.71 in;Truly174 Grapefruit Pomelo - 6pk / 12oz Bottles;2017-05-05T16:52:39.000Z;sí;5;so refreshing! LOVEIT!
Margaritaville;1.0 in x 1.0 in x 1.0 in;Cayman Jack174 Margarita Malt Beverage - 6pk / 11.2oz Bottles;2015-09-13T20:17:00.000Z;sí;5;This Cayman Jack margarita is really good. I found it in a Southern California Target, but I can't find it in Northern California stores. :(
George Killian's;10.5 in x 15.75 in x 9.25 in;George Killian's174 Premium Irish Red - 6pk / 12oz Bottles;2012-07-11T23:42:31.000Z;sí;4;I expected this beer to be on the bitter side the first time I tried it, but I still enjoyed its smooth taste. I'd definitely buy it if I get a chance.
Entwine;1.0 in x 1.0 in x 1.0 in;Entwine174 Cabernet Sauvignon - 750ml Bottle;2016-01-27T00:00:00.000Z;sí;5;Looked like a linear regulator from outside and no reviews on it so I ordered this puppy to put it to the test. definitely a switcher and fairly quiet. Well regulated Just like all of RM Italy products, great quality.
La Marca;1.0 in x 1.0 in x 1.0 in;La Marca174 Prosecco - 750ml Bottle;2016-12-05T01:49:14.000Z;sí;5;I love sparkling wine, but I find that most brands are sweet. I'm aging and no longer want the sweet stufd. This is medium body wine with strong bubbles (I love bubbles ) . The alcohol content offers a nice buzz fairly quickly. So ecstatic I found this brand and Target carries it.
Gallo;1.0 in x 1.0 in x 1.0 in;Alamos174 Malbec - 750ml Bottle;2017-06-25T21:23:20.000Z;sí;5;I served this at my baby shower and everyone went crazy over it. It's an inexpensive gem.
Bogle Vineyards;1.0 in x 1.0 in x 1.0 in;Bogle Vineyards174 Chardonnay - 750ml Bottle;2016-05-15T00:00:00.000Z;sí;5;This wine is full-bodied and delicious.
Black Box;5.0 in x 5.0 in x 9.5 in;Black Box174 Cabernet Sauvignon - 3l Bottle;2017-07-08T00:00:00.000Z;sí;4;Super wine with fruity taste. As a regular wine drinker this is our routine wine of choice. Priced right with good taste.
Black Box;5.0 in x 5.0 in x 9.5 in;Black Box174 Cabernet Sauvignon - 3l Bottle;2016-01-27T00:00:00.000Z;no;1;Had a taste of either being old or spoiled. Stick with the bottle.
Black Box;5.0 in x 5.0 in x 9.5 in;Black Box174 Cabernet Sauvignon - 3l Bottle;2014-02-02T00:00:00.000Z;sí;5;This is our go-to wine for dinner parties. Better than most of the 10 bottles.
Jim Beam;1.0 in x 1.0 in x 1.0 in;Jim Beam174 Bourbon Whiskey - 1.75l Bottle;2017-12-09T08:00:00.000Z;sí;5;I have been enjoying Jim Beam Original for many years. I started mixing JB-O with Slice while wife and I watched Dallas. I have tried other whiskeys, but keep coming back to JB. Now I enjoy it mixed with Diet Pepsi (since I can no longer find Slice).
Jim Beam;1.0 in x 1.0 in x 1.0 in;Jim Beam174 Bourbon Whiskey - 1.75l Bottle;2017-11-26T08:00:00.000Z;sí;5;It goes great in apple cider
Jim Beam;1.0 in x 1.0 in x 1.0 in;Jim Beam174 Bourbon Whiskey - 1.75l Bottle;2017-11-05T08:00:00.000Z;sí;5;Consistent flavor and quality. JB with Dr. Pepper is surprisingly tasty. I highly recommend it. Love your commercials, too. Mila is doing you proud. Keep up the good work.
Jim Beam;1.0 in x 1.0 in x 1.0 in;Jim Beam174 Bourbon Whiskey - 1.75l Bottle;2017-10-16T07:00:00.000Z;sí;5;A true classic of spirits...
Jim Beam;1.0 in x 1.0 in x 1.0 in;Jim Beam174 Bourbon Whiskey - 1.75l Bottle;2017-09-06T07:00:00.000Z;sí;5;I love this Bourbon as it is always my first choice when its time to unwind. Whether its Neat, On Rocks, With a Coke or Ginger Ale, or my Grandpa's Whiskey Sour, nothing tops Jim Beam!!!! Nothing!!!
Jim Beam;1.0 in x 1.0 in x 1.0 in;Jim Beam174 Bourbon Whiskey - 1.75l Bottle;2017-08-24T00:00:00.000Z;sí;5;The white label or the devil's cut dashed with some lemonade and lime cordial is how I enjoy my Jim.
Jim Beam;1.0 in x 1.0 in x 1.0 in;Jim Beam174 Bourbon Whiskey - 1.75l Bottle;2017-08-06T00:00:00.000Z;sí;5;Best Drink you can get
Jim Beam;1.0 in x 1.0 in x 1.0 in;Jim Beam174 Bourbon Whiskey - 1.75l Bottle;2017-08-05T00:00:00.000Z;sí;4;to make manhattens
Jim Beam;1.0 in x 1.0 in x 1.0 in;Jim Beam174 Bourbon Whiskey - 1.75l Bottle;2017-06-13T00:00:00.000Z;sí;5;Best bourbon I have found...have toured distillery and love the brand..
Jim Beam;1.0 in x 1.0 in x 1.0 in;Jim Beam174 Bourbon Whiskey - 1.75l Bottle;2017-06-10T00:00:00.000Z;sí;5;Red Stag and Coke Zero is my go to drink. Only wish more bars and restaurants stocked it. Nothing like a good bourbon with a cherry kick !
Jim Beam;1.0 in x 1.0 in x 1.0 in;Jim Beam174 Bourbon Whiskey - 1.75l Bottle;2017-06-03T00:00:00.000Z;sí;5;I like it with dr.peper to sip and relax
Jim Beam;1.0 in x 1.0 in x 1.0 in;Jim Beam174 Bourbon Whiskey - 1.75l Bottle;2017-06-03T00:00:00.000Z;sí;5;Better than the other's
Jim Beam;1.0 in x 1.0 in x 1.0 in;Jim Beam174 Bourbon Whiskey - 1.75l Bottle;2017-05-28T00:00:00.000Z;sí;5;Drank it for years and always smooth and tasty. Now it is running off the shelves at our liquor store.
Jim Beam;1.0 in x 1.0 in x 1.0 in;Jim Beam174 Bourbon Whiskey - 1.75l Bottle;2017-05-21T00:00:00.000Z;sí;5;I keep Jim Beam on hand every day of the week.
Jim Beam;1.0 in x 1.0 in x 1.0 in;Jim Beam174 Bourbon Whiskey - 1.75l Bottle;2017-05-04T00:00:00.000Z;sí;5;I typically have this neat or with an ice cube. Its light amber appearance, sweet, woody, mossy nose, and its mild moss, white oak, mellow wintergreen mint, and dried, faintly-candied fruit flavor draws the drinker into an exploration of pin-point distilling execution. Jim Beam Original has a gradual finish, with a ghost of chocolate powder, during the fade out. Highly recommended. RJT
Jim Beam;1.0 in x 1.0 in x 1.0 in;Jim Beam174 Bourbon Whiskey - 1.75l Bottle;2017-05-17T00:00:00.000Z;sí;5;It's does have a great toaste to it the only drink I'll drink.
Jim Beam;1.0 in x 1.0 in x 1.0 in;Jim Beam174 Bourbon Whiskey - 1.75l Bottle;2017-05-07T00:00:00.000Z;sí;5;I had a neat 2 finger glass two weeks ago of JB Black label for the first time (I've always drank Jack Daniels) and I loved it! No more Jack for me!
Jim Beam;1.0 in x 1.0 in x 1.0 in;Jim Beam174 Bourbon Whiskey - 1.75l Bottle;2017-05-05T00:00:00.000Z;sí;5;Best tasteing and defenetly the smoothest around I love it!
Jim Beam;1.0 in x 1.0 in x 1.0 in;Jim Beam174 Bourbon Whiskey - 1.75l Bottle;2017-05-02T00:00:00.000Z;sí;5;I always keep a bottle of Jim Bean in my liquor cabinet. Value for price is incredible and it mixes great.
Jim Beam;1.0 in x 1.0 in x 1.0 in;Jim Beam174 Bourbon Whiskey - 1.75l Bottle;2017-01-11T00:00:00.000Z;sí;5;This is our favorite mixed drink whiskey and sams has the best price on a handle. We'll be buying this again
Jim Beam;1.0 in x 1.0 in x 1.0 in;Jim Beam174 Bourbon Whiskey - 1.75l Bottle;2016-12-17T00:00:00.000Z;sí;5;Best whiskey around and a price that can't be beat!!
Jim Beam;1.0 in x 1.0 in x 1.0 in;Jim Beam174 Bourbon Whiskey - 1.75l Bottle;2017-08-05T07:00:00.000Z;sí;4;to make manhattens
Jim Beam;1.0 in x 1.0 in x 1.0 in;Jim Beam174 Bourbon Whiskey - 1.75l Bottle;2017-06-13T07:00:00.000Z;sí;5;Best bourbon I have found...have toured distillery and love the brand..
Yellow Tail;1.0 in x 1.0 in x 1.0 in;Yellow Tail174 Cabernet Sauvignon - 1.5l Bottle Bottle;2015-09-16T17:56:16.000Z;sí;5;I drink Yellow Tail because you can not buy a perfect wine for the price of this one, I JUST LOVE IT!!!!!!
El Jimador;3.16 in x 3.18 in x 9.0 in;El Jimador174 Tequila Reposado - 750ml Bottle;2017-02-19T00:00:00.000Z;sí;5;I always buy this item at Walmart cause they always have it at a Great Price
Basil Hayden's;3.2 in x 3.2 in x 12.0 in;Basil Hayden's174 Bourbon - 750ml Bottle;2017-12-11T08:00:00.000Z;sí;5;As a Scotch drinker, tasting Basil Hayden's for the first time changed my opinion of Bourbons. Now I enjoy both Scotch Bourbon with BH on the top of list for Bourbons!
Basil Hayden's;3.2 in x 3.2 in x 12.0 in;Basil Hayden's174 Bourbon - 750ml Bottle;2017-11-21T08:00:00.000Z;sí;5;Very tasty bourbon!
Basil Hayden's;3.2 in x 3.2 in x 12.0 in;Basil Hayden's174 Bourbon - 750ml Bottle;2017-09-13T07:00:00.000Z;sí;5;Basil Hayden was my gateway to world of Burbon. Ever since I have held its flavor profile as the gold standard when trying others on the market bit I always find myself coming back to my first love.
Basil Hayden's;3.2 in x 3.2 in x 12.0 in;Basil Hayden's174 Bourbon - 750ml Bottle;2017-06-28T07:00:00.000Z;sí;5;Outstanding. Simply an outstanding beverage. Spicy and light with a comforting finish. A staple in my home bar rotation - I never let a bottle get near empty without backfilling it with a fresh one.
Cook's California Champagne;1.0 in x 1.0 in x 1.0 in;Cook's174 Brut Champagne - 750ml Bottle;2011-08-04T00:00:00.000Z;sí;5;I love the Cooks champagne however I cannot drink the brut. Would love Extra dry to become available at Sams in Mobile AL.
Menage A Trois;3.27 in x 3.27 in x 11.79 in;Menage A Trois174 Silk Red Blend - 750ml Bottle;2015-12-24T23:32:01.000Z;sí;5;My favorite red wine has been Menage a Trois for a long time, and this SILK blend is even better than the regular blend. The price has remained affordable while the quality has remained consistently good for these red blends.
Gallo;1.0 in x 1.0 in x 1.0 in;Barefoot174 Riesling - 1.5l Bottle Bottle;2016-08-01T07:14:28.000Z;sí;5;My mother turned me on to Barefoot Riesling a few years back and it had been a reflex to always choose it when given the option.
Davinci;1.0 in x 1.0 in x 1.0 in;Davinci174 Chianti - 750ml Bottle;2015-03-26T20:44:48.000Z;sí;5;Been trying to find a red wine with a smooth finish. This stuff is exactly what I was looking for.
Sauza;3.7 in x 2.72 in x 10.2 in;Hornitos Reposado Tequila - 750ml;2017-02-19T08:00:00.000Z;sí;5;Perfect sipping tequila ... chilled and neat !
Sauza;3.7 in x 2.72 in x 10.2 in;Hornitos Reposado Tequila - 750ml;2017-02-19T00:00:00.000Z;sí;5;Perfect sipping tequila ... chilled and neat !
Sauza;3.7 in x 2.72 in x 10.2 in;Hornitos Reposado Tequila - 750ml;2017-01-07T00:00:00.000Z;sí;5;My buddy ordered some shots of this stuff during a horns game. Frankly when it comes to tequila, I usually brace myself for a rough shot. Maybe I'm drinking the wrong stuff, because this was really easy to put back. No lingering aftertaste. Reasonably priced. Good value tequila if you're looking.
Sauza;3.7 in x 2.72 in x 10.2 in;Hornitos Reposado Tequila - 750ml;2017-01-28T00:00:00.000Z;sí;5;Straight over ice.
Pinnacle;1.0 in x 1.0 in x 1.0 in;Pinnacle174 Whipped Cream Flavored Vodka - 750ml Bottle;2017-12-14T08:00:00.000Z;sí;5;My drink of choice when I really want to enjoy my time alone.
Pinnacle;1.0 in x 1.0 in x 1.0 in;Pinnacle174 Whipped Cream Flavored Vodka - 750ml Bottle;2017-11-17T08:00:00.000Z;sí;5;Makes orange jello taste like creamsicle, strawberry taste like strawberries and cream, lemon taste like lemon meringue....I could go on and on....get some today!!
Pinnacle;1.0 in x 1.0 in x 1.0 in;Pinnacle174 Whipped Cream Flavored Vodka - 750ml Bottle;2017-10-10T07:00:00.000Z;sí;5;Pinnacle has been making our Martini's in my family for many years. My late father discovered it years ago when someone said it's on par with that vodka that flys south for the winter, but at a very reasonable price. Try it, bet you'll love it too. Al
Pinnacle;1.0 in x 1.0 in x 1.0 in;Pinnacle174 Whipped Cream Flavored Vodka - 750ml Bottle;2017-08-27T07:00:00.000Z;sí;5;The whipped creme flavored vodka is fabulous. I keep it in the freezer and have a snifter of it when I want something smooth after dinner or as a night cap. Love it!
Pinnacle;1.0 in x 1.0 in x 1.0 in;Pinnacle174 Whipped Cream Flavored Vodka - 750ml Bottle;2017-08-13T00:00:00.000Z;sí;5;Everything is great about this product, cheap price, perfect taste. Mixing this flavor with just a soda makes it delicious.
Pinnacle;1.0 in x 1.0 in x 1.0 in;Pinnacle174 Whipped Cream Flavored Vodka - 750ml Bottle;2017-07-22T07:00:00.000Z;sí;5;I love this vodka, I have been drinking vodka for many years, and this is by far one of the best, and my favorite vodka. I drink it regularly, usually with grape juice, but also with orange juice. We use it to make daiquiris, and many other frozen concoctions.
Skinnygirl;1.0 in x 1.0 in x 1.0 in;Skinnygirl174 Original Margarita - 750ml Bottle;2014-07-28T17:28:47.000Z;no;2;Just so so. Seems to be missing something. There are much better margarita mixes out there without all the additives this does not have.
Mirassou;1.0 in x 1.0 in x 1.0 in;Mirassou174 Pinot Noir - 750ml Bottle;2016-07-16T02:23:44.000Z;sí;4;Very good summer red. It's become our favorite reasonably priced wine that we enjoy on its own.
Seagram's;1.0 in x 1.0 in x 1.0 in;Seagram's174 Escapes Malt Beverage Variety Pack - 12pk / 12oz Bottles;2017-08-19T00:00:00.000Z;sí;5;love all of the flavors. will be buying again. great for summer drinks
Seagram's;1.0 in x 1.0 in x 1.0 in;Seagram's174 Escapes Malt Beverage Variety Pack - 12pk / 12oz Bottles;2017-06-15T00:00:00.000Z;sí;4;I bought this pack on a whim and I'm so glad I did. There is a variety of drinks for a great price, even less than the discount liquor store! I'll definitely get this again!
Seagram's;1.0 in x 1.0 in x 1.0 in;Seagram's174 Escapes Malt Beverage Variety Pack - 12pk / 12oz Bottles;2017-06-07T00:00:00.000Z;sí;5;Vrty good
Seagram's;1.0 in x 1.0 in x 1.0 in;Seagram's174 Escapes Malt Beverage Variety Pack - 12pk / 12oz Bottles;2017-04-11T00:00:00.000Z;sí;4;Jamaican me happy
Seagram's;1.0 in x 1.0 in x 1.0 in;Seagram's174 Escapes Malt Beverage Variety Pack - 12pk / 12oz Bottles;2016-03-07T00:00:00.000Z;sí;5;Really enjoy these but SAMs likes to send you on wild goose chases saying available and none to be found not even the empty pallet
Apothic;3.2 in x 3.2 in x 11.8 in;Apothic174 Dark Red Blend - 750ml Bottle;2017-06-25T00:00:00.000Z;sí;5;We have been buying Apothic Dark for a couple of years now. It is our Red Blend of Choice. Very Smooth and very reasonably priced.
Apothic;3.2 in x 3.2 in x 11.8 in;Apothic174 Dark Red Blend - 750ml Bottle;2016-09-01T00:00:00.000Z;sí;3;Decent table wine for the price. Bend that is on the sweeter side of the spectrum.
RumChata;1.0 in x 1.0 in x 1.0 in;Rumchata174 Caribbean Rum - 750ml Bottle;2017-01-12T00:00:00.000Z;sí;5;Rum Chata is great when mixed with Fireball or Caramel Vodka
Sauza;1.0 in x 1.0 in x 11.0 in;Sauza174 Silver Tequila - 750ml Bottle;2017-09-06T08:00:00.000Z;sí;5;Love this brand of tequila. I'm a Margarita fan and like to make different kinds
Corona Extra;1.0 in x 1.0 in x 1.0 in;Corona Extra174 Beer - 12pk / 12oz Bottles;2016-03-17T04:35:00.000Z;sí;5;love it wouldnt mind drinking more
Bud Light;1.0 in x 1.0 in x 1.0 in;Bud Light174 Lime Beer - 12pk / 12oz Cans;2012-06-20T04:13:00.000Z;sí;4;On a hot day near the water, this is the cheap-ish beer to have. Bud light with a solid splash of lime, makes it a light and refreshing choice. The Target 12-pack is average-priced and will provide a beverage most will enjoy - particularly the ladies.
Absolut;1.0 in x 1.0 in x 1.0 in;Absolut174 Mandarin Vodka - 750ml Bottle;2015-10-30T21:33:19.000Z;sí;5;Love this vodka - it's perfect for screwdrivers! It blends so well with the juice and for an interesting citrus blend, you can use grapefruit juice.
Menage A Trois;1.0 in x 1.0 in x 1.0 in;Menage A Trois174 Red Blend - 750ml Bottle;2017-03-06T00:00:00.000Z;sí;5;We've been drinking this wine for a while. It's one of a group we buy regularly because it's a good wine at an affordable price.
Menage A Trois;1.0 in x 1.0 in x 1.0 in;Menage A Trois174 Red Blend - 750ml Bottle;2017-03-04T00:00:00.000Z;sí;4;Never disappointed, constant taste.
Menage A Trois;1.0 in x 1.0 in x 1.0 in;Menage A Trois174 Red Blend - 750ml Bottle;2017-01-27T00:00:00.000Z;sí;5;A delicious blended wine ... give it a try, you might be surprised
Schmitt Sohne Family Wines;1.0 in x 1.0 in x 1.0 in;Schmitt Sohne174 Relax Riesling - 750ml Bottle;2014-09-19T01:39:22.000Z;sí;5;This is by far the best reisling I've ever had! LOVE it! Always consistent in flavor and my go to!
Blue Moon;10.5 in x 15.75 in x 9.25 in;Blue Moon174 Belgian White Wheat Ale - 12pk / 12oz Bottles;2011-09-26T05:24:04.000Z;sí;5;Great Taste don't forget a slice of orage on the side!
KINKY;1.0 in x 1.0 in x 1.0 in;Kinky174 Fruit Liqueur - 750ml Bottle;2015-03-05T03:05:28.000Z;sí;5;Very fruity. Smooth. I like it straight over ice with a bit of Chambord.
Corona Light;1.0 in x 1.0 in x 1.0 in;Corona Light174 Beer - 6pk / 12oz Bottles;2013-09-19T00:00:00Z;;;Tastes absolutley nothing like Chinese restaurant tea... not even similar. It's absolutley horrible, bitter and acrid. With shipping I paid 50 cents per bag... what an amazing rip off. You can go to a local Oriental store and get this kind of stuff for 2 cents per bag... and it would probably taste better.
Corona Light;1.0 in x 1.0 in x 1.0 in;Corona Light174 Beer - 6pk / 12oz Bottles;;;;I don't know why some people wrote bad reviews about this tea. It is just like the tea I've grown up with that I had in Chinese Restaurants. The only complaint I have is that I found the same tea while visiting an Asian store out of town and it was only 2.00 per box while this one was more than double plus a 2.99 shipping fee. I knocked the rating down one star because of the outrageous price this seller charges.
Corona Light;1.0 in x 1.0 in x 1.0 in;Corona Light174 Beer - 6pk / 12oz Bottles;2012-05-20T00:00:00Z;;;Had a cup of this tea and it was like reliving the past. Always drank this blend at a small Chinese Resturant in Queens, NY. After my first sip I felt like I was back thier enjoying a big pot of tea. Smooth and Relaxing, great blend and will be ordering more soon.
Corona Light;1.0 in x 1.0 in x 1.0 in;Corona Light174 Beer - 6pk / 12oz Bottles;;;;Yes! this IS just like the Chinese restaurant tea. I used to receive a tea bag or two from my favorite Chinese take out, but nobody does that anymore. I'd save my teabag for the next day to drink with the leftovers, to enhance the leftovers. Now, I can enjoy this tea anytime. This is a refreshing tea that does not make one feel as if we should be adding milk and/or eating some cookies or cakes with it. This tea can stand alone and refresh the inner soul. I drink it with just a pinch of sugar.
Corona Light;1.0 in x 1.0 in x 1.0 in;Corona Light174 Beer - 6pk / 12oz Bottles;;;;I gave this to my husband for christmas and he loves it. Says it smells good, it has a nice flavor and a smooth texture, just like the tea you are served in Chinese Restaurants :)
Corona Light;1.0 in x 1.0 in x 1.0 in;Corona Light174 Beer - 6pk / 12oz Bottles;2015-05-31T00:00:00Z;;;I really like this tea and have bought it many times. The blend called Chinese Restaurant Tea is a blend of green, oolong and jasmine. It doesn't contain ginseng or black tea, which might explain why some people don't like it. (Black tea is more common and smoother tasting than green, which can be grassy or sharp tasting.) It does taste like the teas I have had at better Asian restaurants. (Some of the cheapo ones don't even serve tea any more.)I like the packaging and the name. Kind of quirky, stripped down and charming to my mind. It is hard for me to find this tea in stores. I called the company and they said it was only available in certain regions. (My store had carried it but stopped apparently due to this regional issue -- no longer available in our part of PA.) It was much cheaper in the store than it is on-line but I am just glad to have found it! Thanks for carrying it, Amazon and friends!
Corona Light;1.0 in x 1.0 in x 1.0 in;Corona Light174 Beer - 6pk / 12oz Bottles;2013-09-17T00:00:00Z;;;Really, that's all I have to say. I have ordered this tea several times. Tastes EXACTLY like the Chinese tea that you can find in any major Chinese restaurant.
Corona Light;1.0 in x 1.0 in x 1.0 in;Corona Light174 Beer - 6pk / 12oz Bottles;2013-02-13T00:00:00Z;;;I really like the taste of the tea, especially cold. It's a green tea mixed with Ginseng, and they've added licorice root to perhaps sweeten the tea. I don't even add any sugar or honey to it, the taste is that good. My only complaint is that the box claims it is 100 natural, but I wish they would disclose the amount and type of Ginseng. I bought this tea because of the Ginseng, so it would be nice if they disclosed what type of Ginseng and what concentration of it is in the tea itself. Since this is a pretty inexpensive tea, I'm guessing it's a cheap low-quality Ginseng, but like I said, it is tasty. Another nice benefit of this tea is that you can just drop the tea bag into a glass of room temperature water and drink it that way, it's very tasty this way! You don't have to steep or brew it with hot water, so it makes it a nice drinkable tea year round.
Corona Light;1.0 in x 1.0 in x 1.0 in;Corona Light174 Beer - 6pk / 12oz Bottles;2013-11-13T06:00:00Z;;;I like all ingredients in this tea: Green tea, Licorice root and Ginseng. Specially Licorice root can relieve a spasmodic cough and test like Mint
Corona Light;1.0 in x 1.0 in x 1.0 in;Corona Light174 Beer - 6pk / 12oz Bottles;2014-03-27T05:00:00Z;;;We like this brand especially when we make stir fry. Can't find it in the grocery stores any longer and was happy I could find it on line.
Chateau Ste Michelle;1.0 in x 1.0 in x 1.0 in;Chateau Ste Michelle174 Riesling - 750ml Bottle;2012-07-12T03:16:35.000Z;sí;5;This is my favorite Riesling. When I spotted it on sale for 9.99 a bottle I was delighted. I usually pay around 12.99 at other locations. Buying two bottles saved me six dollars, Thanks Target.
Leinenkugel's;1.0 in x 1.0 in x 1.0 in;Leinenkugel's174 Sunset Wheat Beer - 6pk / 12oz Bottles;2016-06-08T01:24:47.000Z;sí;5;Refreshing taste of beer especially for summer, citrus combined w/ blueberry.
Sierra Nevada;1.0 in x 1.0 in x 1.0 in;Sierra Nevada174 Torpedo Extra Ipa Beer - 6pk / 12oz Bottles;2012-07-11T23:39:13.000Z;sí;5;Right on Target - Sierra Nevada Torpedo Ale has outstanding character, warm, subtle hints of fruit and a strong but not overly bitter hop aftertaste. It is excellent after a hard day's work to kick back and relax. Target recently began carrying beer and I could not be more enthused! ...
Sierra Nevada;1.0 in x 1.0 in x 1.0 in;Sierra Nevada174 Torpedo Extra Ipa Beer - 6pk / 12oz Bottles;2013-11-20T00:00:00.000Z;sí;5;Best beer for the money. Wish the club in Omaha would carry it again. Any idea if any club carries it
New Belgium;1.0 in x 1.0 in x 1.0 in;New Belgium174 Fat Tire Amber Ale - 12pk / 12oz Bottles;2016-12-22T00:00:00.000Z;sí;5;Battle ground walmart is to high priced to surrounding stores
Smirnoff;1.0 in x 1.0 in x 1.0 in;Smirnoff174 Ice Party Pack - 12pk / 11.2oz Bottles;2015-11-30T14:32:11.000Z;sí;5;Any alcohol beverage
Jim Beam;1.0 in x 1.0 in x 1.0 in;Jim Beam Bourbon Whiskey Pet-750ml Bottle;2017-12-09T08:00:00.000Z;sí;5;I have been enjoying Jim Beam Original for many years. I started mixing JB-O with Slice while wife and I watched Dallas. I have tried other whiskeys, but keep coming back to JB. Now I enjoy it mixed with Diet Pepsi (since I can no longer find Slice).
Jim Beam;1.0 in x 1.0 in x 1.0 in;Jim Beam Bourbon Whiskey Pet-750ml Bottle;2017-12-06T08:00:00.000Z;sí;5;My momma LOVES this stuff....!! Its the taste that will rockur socks off!!
Jim Beam;1.0 in x 1.0 in x 1.0 in;Jim Beam Bourbon Whiskey Pet-750ml Bottle;2017-11-26T08:00:00.000Z;sí;5;It goes great in apple cider
Jim Beam;1.0 in x 1.0 in x 1.0 in;Jim Beam Bourbon Whiskey Pet-750ml Bottle;2017-10-16T07:00:00.000Z;sí;5;A true classic of spirits...
Jim Beam;1.0 in x 1.0 in x 1.0 in;Jim Beam Bourbon Whiskey Pet-750ml Bottle;2017-08-24T00:00:00.000Z;sí;5;The white label or the devil's cut dashed with some lemonade and lime cordial is how I enjoy my Jim.
Jim Beam;1.0 in x 1.0 in x 1.0 in;Jim Beam Bourbon Whiskey Pet-750ml Bottle;2017-08-06T00:00:00.000Z;sí;5;Best Drink you can get
Jim Beam;1.0 in x 1.0 in x 1.0 in;Jim Beam Bourbon Whiskey Pet-750ml Bottle;2017-08-05T00:00:00.000Z;sí;4;to make manhattens
Jim Beam;1.0 in x 1.0 in x 1.0 in;Jim Beam Bourbon Whiskey Pet-750ml Bottle;2017-06-13T00:00:00.000Z;sí;5;Best bourbon I have found...have toured distillery and love the brand..
Jim Beam;1.0 in x 1.0 in x 1.0 in;Jim Beam Bourbon Whiskey Pet-750ml Bottle;2017-06-10T00:00:00.000Z;sí;5;Red Stag and Coke Zero is my go to drink. Only wish more bars and restaurants stocked it. Nothing like a good bourbon with a cherry kick !
Jim Beam;1.0 in x 1.0 in x 1.0 in;Jim Beam Bourbon Whiskey Pet-750ml Bottle;2017-06-03T00:00:00.000Z;sí;5;I like it with dr.peper to sip and relax
Jim Beam;1.0 in x 1.0 in x 1.0 in;Jim Beam Bourbon Whiskey Pet-750ml Bottle;2017-06-03T00:00:00.000Z;sí;5;Better than the other's
Jim Beam;1.0 in x 1.0 in x 1.0 in;Jim Beam Bourbon Whiskey Pet-750ml Bottle;2017-05-28T00:00:00.000Z;sí;5;Drank it for years and always smooth and tasty. Now it is running off the shelves at our liquor store.
Jim Beam;1.0 in x 1.0 in x 1.0 in;Jim Beam Bourbon Whiskey Pet-750ml Bottle;2017-05-21T00:00:00.000Z;sí;5;I keep Jim Beam on hand every day of the week.
Jim Beam;1.0 in x 1.0 in x 1.0 in;Jim Beam Bourbon Whiskey Pet-750ml Bottle;2017-05-04T00:00:00.000Z;sí;5;I typically have this neat or with an ice cube. Its light amber appearance, sweet, woody, mossy nose, and its mild moss, white oak, mellow wintergreen mint, and dried, faintly-candied fruit flavor draws the drinker into an exploration of pin-point distilling execution. Jim Beam Original has a gradual finish, with a ghost of chocolate powder, during the fade out. Highly recommended. RJT
Jim Beam;1.0 in x 1.0 in x 1.0 in;Jim Beam Bourbon Whiskey Pet-750ml Bottle;2017-05-17T00:00:00.000Z;sí;5;It's does have a great toaste to it the only drink I'll drink.
Jim Beam;1.0 in x 1.0 in x 1.0 in;Jim Beam Bourbon Whiskey Pet-750ml Bottle;2017-05-07T00:00:00.000Z;sí;5;I had a neat 2 finger glass two weeks ago of JB Black label for the first time (I've always drank Jack Daniels) and I loved it! No more Jack for me!
Jim Beam;1.0 in x 1.0 in x 1.0 in;Jim Beam Bourbon Whiskey Pet-750ml Bottle;2017-05-05T00:00:00.000Z;sí;5;Best tasteing and defenetly the smoothest around I love it!
Jim Beam;1.0 in x 1.0 in x 1.0 in;Jim Beam Bourbon Whiskey Pet-750ml Bottle;2017-05-02T00:00:00.000Z;sí;5;I always keep a bottle of Jim Bean in my liquor cabinet. Value for price is incredible and it mixes great.
Jim Beam;1.0 in x 1.0 in x 1.0 in;Jim Beam Bourbon Whiskey Pet-750ml Bottle;2017-08-05T07:00:00.000Z;sí;4;to make manhattens
Jim Beam;1.0 in x 1.0 in x 1.0 in;Jim Beam Bourbon Whiskey Pet-750ml Bottle;2017-06-13T07:00:00.000Z;sí;5;Best bourbon I have found...have toured distillery and love the brand..
Josh Cellars;1.0 in x 1.0 in x 1.0 in;Josh Cellars174 Cabernet Sauvignon - 750ml Bottle;2017-02-23T00:00:00.000Z;sí;4;Very good Cabernet Sauvignon for the money. More in line with wines typically in the 20 range.
Josh Cellars;1.0 in x 1.0 in x 1.0 in;Josh Cellars174 Cabernet Sauvignon - 750ml Bottle;2016-09-29T00:00:00.000Z;sí;5;This has become our goto wine!! Not terribly expensive - just terribly GOOD!
Heineken;1.0 in x 1.0 in x 1.0 in;Heineken174 Lager - 12pk / 12oz Bottles;2017-11-11T21:12:56.000Z;sí;5;I like a good price-quality deal for Heineken Lager. My fav easy-going beer. I prefer bottled on and I like to drink it from glasses.
Heineken;1.0 in x 1.0 in x 1.0 in;Heineken174 Lager - 12pk / 12oz Bottles;2017-08-14T00:00:00.000Z;sí;5;It was very fresh and cheaper than anywhere in the area.
Heineken;1.0 in x 1.0 in x 1.0 in;Heineken174 Lager - 12pk / 12oz Bottles;2017-08-03T00:00:00.000Z;sí;5;I bought this, best price and great convenience to order online, pick up in store. Great job! Super easy
Heineken;1.0 in x 1.0 in x 1.0 in;Heineken174 Lager - 12pk / 12oz Bottles;2016-12-19T00:00:00.000Z;sí;5;Made our party special. Everyone was pleased with our choice of drinks.
Effen;1.0 in x 1.0 in x 1.0 in;Effen174 Black Cherry Vodka - 750ml Bottle;2017-11-06T08:00:00.000Z;sí;5;TASTE DRINK
Effen;1.0 in x 1.0 in x 1.0 in;Effen174 Black Cherry Vodka - 750ml Bottle;2017-09-09T07:00:00.000Z;sí;5;This is by far the best flavored vodka on the market. I drink it with soda water the flavor is crisp. Not sweet or thick at all.
Effen;1.0 in x 1.0 in x 1.0 in;Effen174 Black Cherry Vodka - 750ml Bottle;2017-07-29T00:00:00.000Z;no;1;It's really smooth but the taste isn't so good. More on the cough syrup side than black cherry and vanilla. It was a waste of money. The green apple and blood orange are the best ones .
Effen;1.0 in x 1.0 in x 1.0 in;Effen174 Black Cherry Vodka - 750ml Bottle;2017-07-29T07:00:00.000Z;no;1;It's really smooth but the taste isn't so good. More on the cough syrup side than black cherry and vanilla. It was a waste of money. The green apple and blood orange are the best ones .
Sauza;1.0 in x 1.0 in x 1.0 in;Sauza174 Gold Tequila - 750ml Bottle;2017-07-30T08:00:00.000Z;sí;5;I use with blue agave light golden syrup an one lime over ice with gold sauza tequila perfect drink!!!
Sauza;1.0 in x 1.0 in x 1.0 in;Sauza174 Gold Tequila - 750ml Bottle;2017-07-30T00:00:00.000Z;sí;5;I use with blue agave light golden syrup an one lime over ice with gold sauza tequila perfect drink!!!
Gallo;1.0 in x 1.0 in x 1.0 in;Starborough174 Sauvignon Blanc - 750ml Bottle;2016-07-16T14:12:57.000Z;sí;4;Starborough was a surprise as an alternate to Fume Blanc or Grigio wines. This is a soft and above average tasty white wine. Citrus Aroma, gracious acidity, layered texture is enough to satisfy Chardonnay as an alternate crisp finish and a nice experience.
Jim Beam;1.0 in x 1.0 in x 1.0 in;Jim Beam174 Black Bourbon Whiskey - 750ml Bottle;2017-12-06T08:00:00.000Z;sí;5;No matter how many different whiskey's there is, not a one, so far, has been able to resist my taste for the LOVE 0f JIM BEAM!!
Jim Beam;1.0 in x 1.0 in x 1.0 in;Jim Beam174 Black Bourbon Whiskey - 750ml Bottle;2017-11-30T08:00:00.000Z;sí;5;your product is the smoothest going down, and make great gifts
Jim Beam;1.0 in x 1.0 in x 1.0 in;Jim Beam174 Black Bourbon Whiskey - 750ml Bottle;2017-11-07T08:00:00.000Z;sí;5;I use Jim Beam to make alot of different kinds of marinades and sauces. I make a honey bourbon marinade for smoking jerky that tastes amazing. Everyone says it's the best jerky they've ever had. Thanks for making the best bourbon on the market Jim Beam!
Jim Beam;1.0 in x 1.0 in x 1.0 in;Jim Beam174 Black Bourbon Whiskey - 750ml Bottle;2017-10-09T07:00:00.000Z;sí;5;Wife and I enjoy it mixed with a Coke or a Monster Black Cherry. Excellent.
Jim Beam;1.0 in x 1.0 in x 1.0 in;Jim Beam174 Black Bourbon Whiskey - 750ml Bottle;2017-09-04T07:00:00.000Z;sí;5;This is my favorite bourbon. I even love its aroma. It has that nice vanilla scent going on. I never get tired of Jim Beam Black.
Jim Beam;1.0 in x 1.0 in x 1.0 in;Jim Beam174 Black Bourbon Whiskey - 750ml Bottle;2017-08-06T00:00:00.000Z;sí;5;I'm a single malt Scotch guy. I generally have two fingers neat with a quality cigar about once a week. On a stressful day, I'll have a couple of beers or so after work before the family gets home. The trouble is the beer gut that comes with that trend. I was looking for something similar to my favorite Scotch, which is a little out of my budget to drink daily. Jim Beam Black is an awesome substitute with the rich white oak aroma and flavor. It isn't near as smooth as my favorite Scotch, but the flavor is on point. Thank you Jim Beam for putting this great whiskey out there at an affordable price. You've got a customer for life!
Jim Beam;1.0 in x 1.0 in x 1.0 in;Jim Beam174 Black Bourbon Whiskey - 750ml Bottle;2017-08-07T00:00:00.000Z;sí;5;Exceptionally good flavor!
Jim Beam;1.0 in x 1.0 in x 1.0 in;Jim Beam174 Black Bourbon Whiskey - 750ml Bottle;2017-07-27T00:00:00.000Z;sí;5;No matter where I go after years of various bourbon tastings....Jim Beam Black is head and shoulders above the rest no matter what the price tag!
Jim Beam;1.0 in x 1.0 in x 1.0 in;Jim Beam174 Black Bourbon Whiskey - 750ml Bottle;2017-07-24T00:00:00.000Z;sí;5;I'm personally a wild turkey drinker. But cudos to Jim beam for producing such a classy commercial. Got the right girl to be their spokesperson. Good job. Very classy.
Jim Beam;1.0 in x 1.0 in x 1.0 in;Jim Beam174 Black Bourbon Whiskey - 750ml Bottle;2017-07-24T00:00:00.000Z;sí;5;Seriously You ask what's great about it What isn't great about it
Jim Beam;1.0 in x 1.0 in x 1.0 in;Jim Beam174 Black Bourbon Whiskey - 750ml Bottle;2017-06-28T00:00:00.000Z;sí;5;No explanation necessary.
Jim Beam;1.0 in x 1.0 in x 1.0 in;Jim Beam174 Black Bourbon Whiskey - 750ml Bottle;2017-06-20T00:00:00.000Z;sí;5;I first started drinking Jim Bean when i went camping. I didnt want to carry the bear around so i tried jim bean. My first was Red Stag Cherry. Than i tried devils cut when i came home. I have been hooked ever since. I usually mix with coke or dr.pepper.
Jim Beam;1.0 in x 1.0 in x 1.0 in;Jim Beam174 Black Bourbon Whiskey - 750ml Bottle;2017-06-12T00:00:00.000Z;sí;5;This is the best bourbon under 50 you can buy. One of the smoothest bourbons I've tasted. I typically drink Woodford Reserve or Eagle Rare until I tried this. I buy a bottle every two weeks now.
Jim Beam;1.0 in x 1.0 in x 1.0 in;Jim Beam174 Black Bourbon Whiskey - 750ml Bottle;2017-06-08T00:00:00.000Z;sí;5;This is Beam at it's best very smooth.
Jim Beam;1.0 in x 1.0 in x 1.0 in;Jim Beam174 Black Bourbon Whiskey - 750ml Bottle;2017-05-27T00:00:00.000Z;sí;5;I tried JB Black for the first time tonight. It is so smooth. We made whiskey sours with it and they were awesome. Thanks Jim Beam for this awesome bourbon!!!
Jim Beam;1.0 in x 1.0 in x 1.0 in;Jim Beam174 Black Bourbon Whiskey - 750ml Bottle;2017-05-19T00:00:00.000Z;sí;5;I have been enjoying JB Black for the past three years. The has all the flavor os a higher proof, bur 86, I can have another without collapsing. Now it has disappeared from even the most extensive liquor stores in my area. What happened The double oaked is OK, but no match for the black. Where can I find it in Sonoma County, California
Jim Beam;1.0 in x 1.0 in x 1.0 in;Jim Beam174 Black Bourbon Whiskey - 750ml Bottle;2017-05-22T00:00:00.000Z;sí;5;I bought this in early December and it didn't make it to the new year... This one is Awesome, keep up the great work!
Jim Beam;1.0 in x 1.0 in x 1.0 in;Jim Beam174 Black Bourbon Whiskey - 750ml Bottle;2017-05-05T00:00:00.000Z;sí;5;Absolutely love, love, love it!!
Jim Beam;1.0 in x 1.0 in x 1.0 in;Jim Beam174 Black Bourbon Whiskey - 750ml Bottle;2017-06-28T07:00:00.000Z;sí;5;No explanation necessary.
Bogle Vineyards;1.0 in x 1.0 in x 1.0 in;Bogle Vineyards174 Cabernet Sauvignon - 750ml Bottle;2017-08-30T00:00:00.000Z;sí;4;To bad they just raised the price 20. I won't buy it now.
Bogle Vineyards;1.0 in x 1.0 in x 1.0 in;Bogle Vineyards174 Cabernet Sauvignon - 750ml Bottle;2016-12-13T00:00:00.000Z;sí;5;One of the best on the shelf for under 20.
Cook's California Champagne;5.0 in x 5.0 in x 18.0 in;Cook's174 Brut Champagne - 1.5l Bottle Bottle;2015-10-25T00:00:00.000Z;sí;5;I purchased this item to make Mimosas and had some left over. The mimosas were delicious. I found the California Champaign tasteless when too cold and just right at a lesser temperature. Of course it is not Dom Perignon but who would make Mimosas with Dom, anyway
Pinnacle;1.0 in x 1.0 in x 1.0 in;Pinnacle Original Flavored Vodka - 1.75 L;2017-12-14T08:00:00.000Z;sí;5;My drink of choice when I really want to enjoy my time alone.
Pinnacle;1.0 in x 1.0 in x 1.0 in;Pinnacle Original Flavored Vodka - 1.75 L;2017-10-10T08:00:00.000Z;sí;5;Pinnacle has been making our Martini's in my family for many years. My late father discovered it years ago when someone said it's on par with that vodka that flys south for the winter, but at a very reasonable price. Try it, bet you'll love it too. Al
Pinnacle;1.0 in x 1.0 in x 1.0 in;Pinnacle Original Flavored Vodka - 1.75 L;2017-08-27T07:00:00.000Z;sí;5;The whipped creme flavored vodka is fabulous. I keep it in the freezer and have a snifter of it when I want something smooth after dinner or as a night cap. Love it!
Pinnacle;1.0 in x 1.0 in x 1.0 in;Pinnacle Original Flavored Vodka - 1.75 L;2017-07-22T07:00:00.000Z;sí;5;I love this vodka, I have been drinking vodka for many years, and this is by far one of the best, and my favorite vodka. I drink it regularly, usually with grape juice, but also with orange juice. We use it to make daiquiris, and many other frozen concoctions.
Sammy's Beach Bar;1.0 in x 1.0 in x 1.0 in;Sammy's Beach Bar174 White Rum - 750ml Bottle;2017-08-11T00:00:00.000Z;sí;5;Great run to mix up the rocking fun! Get some today and mix away.! You won't be disappointed.
Miller Genuine Draft;1.0 in x 1.0 in x 1.0 in;Miller Genuine Draft174 Beer - 12pk / 12oz Bottles;2016-03-02T03:48:10.000Z;sí;5;Love it. Great tast!
Lolailo;3.3 in x 3.3 in x 11.79 in;Lolailo174 Red Sangria - 1.5l Bottle Bottle;2017-07-31T00:00:00.000Z;no;2;If I'm going to buy a Sangria, this is not the one I'd choose. The flavor was not as fruity as others I've had and was not pleasant for my palate.
Lolailo;3.3 in x 3.3 in x 11.79 in;Lolailo174 Red Sangria - 1.5l Bottle Bottle;2017-06-05T00:00:00.000Z;sí;5;We are not big wine drinkers but we love this stuff. It is just sweet enough and not as bitter as regular wine and you can really taste the fruity undertones. The price is nice as well. Recommended.
Lolailo;3.3 in x 3.3 in x 11.79 in;Lolailo174 Red Sangria - 1.5l Bottle Bottle;2017-04-12T00:00:00.000Z;sí;5;The is absolutely the best Sangria ever. Hoping Sam's continues to carry it. I buy six bottles each visit.
Lolailo;3.3 in x 3.3 in x 11.79 in;Lolailo174 Red Sangria - 1.5l Bottle Bottle;2016-12-19T00:00:00.000Z;sí;5;I have searched high as low for this sangria and it is by far the best tasting. It is not too sweet, and very smooth. I love it chilled because its perfect for a hot summer's day.
Lolailo;3.3 in x 3.3 in x 11.79 in;Lolailo174 Red Sangria - 1.5l Bottle Bottle;2016-09-20T00:00:00.000Z;sí;5;I purchase this every time I go to Sam's. Then is started to disappear! This last time we went, there was a mini case of six...bought them all, scared that something this good might not re-appear. Please reassure us that you will continue to carry it!
Lolailo;3.3 in x 3.3 in x 11.79 in;Lolailo174 Red Sangria - 1.5l Bottle Bottle;2016-09-06T00:00:00.000Z;sí;5;No after taste love this wine.
Lolailo;3.3 in x 3.3 in x 11.79 in;Lolailo174 Red Sangria - 1.5l Bottle Bottle;2016-06-04T00:00:00.000Z;sí;5;Have you ever just wanted a wine that gives you that fruity juicy taste without the hard alcohol kick well this is it still gives you that cocktail buzz without that hard taste, love this stuff even my very picky grandmother loves it!!!!
Diseno;1.0 in x 1.0 in x 1.0 in;Diseno174 Malbec - 750ml Bottle;2017-08-11T00:00:00.000Z;sí;5;What a delightful surprise. Excellent taste and aroma. Nice after finish.
Frontera;1.0 in x 1.0 in x 1.0 in;Frontera174 Cabernet/merlot - 1.5l Bottle Bottle;2017-08-11T00:00:00.000Z;no;1;I love Cabernet and Merlot wines. I couldn't even finish a glass of this stuff...and that's saying a lot.
Frontera;1.0 in x 1.0 in x 1.0 in;Frontera174 Cabernet/merlot - 1.5l Bottle Bottle;2017-07-14T00:00:00.000Z;sí;5;We have been drinking this wine for 10+ years. It's just a good every day table wine that will not break the bank.
Frontera;1.0 in x 1.0 in x 1.0 in;Frontera174 Cabernet/merlot - 1.5l Bottle Bottle;2016-09-01T00:00:00.000Z;sí;4;I'm a wine girl from way back. Had a lot of pricey wines, some I liked, some I poured down the drain. Same with cheaper wine.Usually I stay right in the middle to be happiest. However, a close friend recommended this one to me a couple of years ago as a nice, everyday wine, and I have to say that for those purposes, this is one of my favorites.
Frontera;1.0 in x 1.0 in x 1.0 in;Frontera174 Cabernet/merlot - 1.5l Bottle Bottle;2016-08-25T00:00:00.000Z;no;1;It's not often that you come across a wine this bad. I've tasted cooking wines that were better. Unfortunately, my wife bought four bottles of this stuff. Tried to return it, but Sam's wouldn't accept it (not that I blame them). I'd pour it down the sink, but it might damage the pipes. Sigh...
Michelob Ultra;1.0 in x 1.0 in x 1.0 in;Michelob174 Ultra Beer - 24pk / 12oz Cans;2017-06-27T00:00:00.000Z;no;1;I am not happy they only carry cans. The bottles are much better bring them back please!!!!!!
Rolling Rock;1.0 in x 1.0 in x 1.0 in;Rolling Rock174 Extra Pale Beer - 12pk / 12oz Bottles;2016-07-02T23:31:29.000Z;sí;5;Yummmmmmyyyyyyyyyyyyyyyy
Small Town Brewery;8.0 in x 5.0 in x 9.0 in;Not Your Father's174 Vanilla Cream Ale - 6pk / 12oz Bottles;2017-06-28T21:16:49.000Z;sí;5;This beer is delicious. But I have to tell you that it is quite sweet, so if you don't like cream soda, you won't like it. In my case, it is perfect and I absolutely love it.
Heineken;1.0 in x 1.0 in x 1.0 in;Heineken174 Lager - 6pk / 12oz Bottles;2017-08-14T00:00:00.000Z;sí;5;It was very fresh and cheaper than anywhere in the area.
Heineken;1.0 in x 1.0 in x 1.0 in;Heineken174 Lager - 6pk / 12oz Bottles;2017-08-03T00:00:00.000Z;sí;5;I bought this, best price and great convenience to order online, pick up in store. Great job! Super easy
Heineken;1.0 in x 1.0 in x 1.0 in;Heineken174 Lager - 6pk / 12oz Bottles;2016-12-19T00:00:00.000Z;sí;5;Made our party special. Everyone was pleased with our choice of drinks.
14 Hands Winery;1.0 in x 1.0 in x 1.0 in;14 Hands174 Red Blend - 750ml Bottle;2017-02-21T00:00:00.000Z;sí;5;Really enjoy, no strong tannin after taste. OK price. We pull out a bottle to have w/ pizza, red sauce dishes. Found this to be a smooth red w/ meals.
Meiomi;1.0 in x 1.0 in x 1.0 in;Meiomi174 Pinot Noir - 750ml Bottle;2017-04-02T00:00:00.000Z;sí;5;Everyone I share this with, loves it! Great tasting and soft, with no harsh aftertaste.
Meiomi;1.0 in x 1.0 in x 1.0 in;Meiomi174 Pinot Noir - 750ml Bottle;2017-02-27T00:00:00.000Z;sí;4;I bought two bottles of Meiomi and give one to a friend. I enjoyed drinking my bottle but was wondering if it can be aged.
Jim Beam;2.98 in x 2.98 in x 10.7 in;Jim Beam174 Apple Bourbon Whiskey - 750ml Bottle;2017-11-29T08:00:00.000Z;sí;5;I just bought a fifth of Jim Beam Apple and mixed it with ice cold Mtn Dew. It was great especially if you add a twist of fresh lemon
Jim Beam;2.98 in x 2.98 in x 10.7 in;Jim Beam174 Apple Bourbon Whiskey - 750ml Bottle;2017-10-22T08:00:00.000Z;sí;3;We buy this bottle every week but the only thing we do not like is that every time you take the top off it leaves a black residue in the drink and a gross smell on your hand from twisting the top off ! If you guys could fix that then it would be twice more amazing
Jim Beam;2.98 in x 2.98 in x 10.7 in;Jim Beam174 Apple Bourbon Whiskey - 750ml Bottle;2017-09-06T07:00:00.000Z;sí;5;I went to my local store to purchase another apple flavored product but saw this decided to purchase Jim Beam Apple instead. I'm glad that I did. I mix my Jim Beam with cranberry juice and if I want it to be a little fizzy I'll add some Seagram's ginger ale. Love this drink and will be purchasing more soon.
Jim Beam;2.98 in x 2.98 in x 10.7 in;Jim Beam174 Apple Bourbon Whiskey - 750ml Bottle;2017-07-14T07:00:00.000Z;sí;5;I was hesitant to buy Jim Beam Apple, after trying other apple whiskeys, but I was not disappointed! It's so smooth, light and fruity. Very good!
Jim Beam;2.98 in x 2.98 in x 10.7 in;Jim Beam174 Apple Bourbon Whiskey - 750ml Bottle;2017-05-28T07:00:00.000Z;sí;5;I mix the Jim Beam apple with a little ginger ale, it is a great summer refreshment.
19 Crimes;3.1 in x 3.1 in x 12.5 in;19 Crimes174 Red Blend - 750ml Bottle;2017-02-27T00:00:00.000Z;sí;5;First time trying it i love it 100
19 Crimes;3.1 in x 3.1 in x 12.5 in;19 Crimes174 Red Blend - 750ml Bottle;2016-12-22T00:00:00.000Z;sí;5;Great tasting smooth blend, awesome price too.
Sauza;1.0 in x 1.0 in x 1.0 in;Horintos Plata Tequila - 750ml Bottle;2017-08-29T08:00:00.000Z;sí;5;Sip then have an orange slice.
Sauza;1.0 in x 1.0 in x 1.0 in;Horintos Plata Tequila - 750ml Bottle;2017-08-14T00:00:00.000Z;sí;5;need salt or a lime but the addition of it makes it even better...
Sauza;1.0 in x 1.0 in x 1.0 in;Horintos Plata Tequila - 750ml Bottle;2017-07-09T00:00:00.000Z;sí;5;drink
Sauza;1.0 in x 1.0 in x 1.0 in;Horintos Plata Tequila - 750ml Bottle;2017-07-04T00:00:00.000Z;sí;5;Very good flavor without a over powering finish.. Never need salt or a lime but the addition of it makes it even better...one of my favorite silver tequilas
Sauza;1.0 in x 1.0 in x 1.0 in;Horintos Plata Tequila - 750ml Bottle;2017-05-06T00:00:00.000Z;sí;5;Use for shots.
Sauza;1.0 in x 1.0 in x 1.0 in;Horintos Plata Tequila - 750ml Bottle;2017-01-06T00:00:00.000Z;sí;5;This is hands down my favorite tequila. Amazing taste at an amazing price. No lime salt needed.
Sauza;1.0 in x 1.0 in x 1.0 in;Horintos Plata Tequila - 750ml Bottle;2017-07-09T07:00:00.000Z;sí;5;drink
Sauza;1.0 in x 1.0 in x 1.0 in;Horintos Plata Tequila - 750ml Bottle;2017-07-04T07:00:00.000Z;sí;5;Very good flavor without a over powering finish.. Never need salt or a lime but the addition of it makes it even better...one of my favorite silver tequilas
Fetzer Valley Oaks;1.0 in x 1.0 in x 1.0 in;Fetzer174 Gewurztraminer - 750ml Bottle;2014-04-21T15:45:45.000Z;sí;5;This is a fruity dessert wine. Since I had my first taste of a Gewurtztraminer wine I have bought wine from this grape from 12 different countries (and vineyards). This Fetzer Gewurtztraminer has the best flavor and body of all the ones I've tried. It's hard to find, but worth trying, if you've never tried a wine from this grape before.
Sierra Nevada;1.0 in x 1.0 in x 1.0 in;Sierra Nevada174 Torpedo Extra Ipa - 12pk / 12oz Bottles;2017-01-05T00:00:00.000Z;sí;5;Best Beer on market. Mans Beer. Leaves Hoppy aftertaste. Approx. 248 Cals per 12 oz. Maintain exercise if drinking two or more per day...it will add weight.
Sierra Nevada;1.0 in x 1.0 in x 1.0 in;Sierra Nevada174 Torpedo Extra Ipa - 12pk / 12oz Bottles;2016-10-25T00:00:00.000Z;sí;5;Great refreshing taste! Not a weak beer. Safe ingredients that are non-gmo.
Trump Winery;3.5 in x 3.5 in x 9.5 in;Trump174 Chardonnay - 750ml Bottle;2017-02-04T01:49:44.000Z;no;1;Yuck. I'm the type who usually rants and raves over Trump brands, but this wine is AWFUL. Was so shocked, I spilled it ALL OVER my favorite brown shirt. Sad!
Columbia Crest;1.0 in x 1.0 in x 1.0 in;Columbia Crest174 2 Vines Cabernet Sauvignon - 750ml Bottle;;;;These are hard to find. Vendor shipped fast and it was exactly what I ordered and for the price I agreed to. Will buy again
Columbia Crest;1.0 in x 1.0 in x 1.0 in;Columbia Crest174 2 Vines Cabernet Sauvignon - 750ml Bottle;2010-06-17T00:00:00Z;;;The other ones are too tight and hard to use. These have a good shape and grip and also are a bit looser so you can get the whole tooth.
Columbia Crest;1.0 in x 1.0 in x 1.0 in;Columbia Crest174 2 Vines Cabernet Sauvignon - 750ml Bottle;2009-12-10T00:00:00Z;;;I'm not sure why I can't find these in the grocery or drug stores any more, but I can't live without them. It is the only floss that does not get caught in my fillings. So easy to use that I actually enjoy flossing now. Highly recommend this product.
Wild;1.0 in x 1.0 in x 1.0 in;Wild174 Blue Premium Blueberry Lager - 6pk / 12oz Bottles;2014-01-12T04:32:43.000Z;sí;5;Best. Beer. Ever. End of Review.
Wild;1.0 in x 1.0 in x 1.0 in;Wild174 Blue Premium Blueberry Lager - 6pk / 12oz Bottles;2017-04-19T00:00:00.000Z;sí;5;Great value awesome taste just can't be beat
Kendall-Jackson;1.0 in x 1.0 in x 1.0 in;Kendall-Jackson Vintner's Reserve174 Chardonnay - 750ml Bottle;2017-08-13T00:00:00.000Z;sí;5;My favorite chardonney
Jim Beam;1.0 in x 1.0 in x 1.0 in;Jim Beam174 Bourbon Whiskey - 750ml Bottle;2017-12-06T08:00:00.000Z;sí;5;My momma LOVES this stuff....!! Its the taste that will rockur socks off!!
Jim Beam;1.0 in x 1.0 in x 1.0 in;Jim Beam174 Bourbon Whiskey - 750ml Bottle;2017-12-09T08:00:00.000Z;sí;5;I have been enjoying Jim Beam Original for many years. I started mixing JB-O with Slice while wife and I watched Dallas. I have tried other whiskeys, but keep coming back to JB. Now I enjoy it mixed with Diet Pepsi (since I can no longer find Slice).
Jim Beam;1.0 in x 1.0 in x 1.0 in;Jim Beam174 Bourbon Whiskey - 750ml Bottle;2017-11-26T08:00:00.000Z;sí;5;It goes great in apple cider
Jim Beam;1.0 in x 1.0 in x 1.0 in;Jim Beam174 Bourbon Whiskey - 750ml Bottle;2017-10-16T07:00:00.000Z;sí;5;A true classic of spirits...
Jim Beam;1.0 in x 1.0 in x 1.0 in;Jim Beam174 Bourbon Whiskey - 750ml Bottle;2017-09-06T07:00:00.000Z;sí;5;I love this Bourbon as it is always my first choice when its time to unwind. Whether its Neat, On Rocks, With a Coke or Ginger Ale, or my Grandpa's Whiskey Sour, nothing tops Jim Beam!!!! Nothing!!!
Jim Beam;1.0 in x 1.0 in x 1.0 in;Jim Beam174 Bourbon Whiskey - 750ml Bottle;2017-08-05T07:00:00.000Z;sí;4;to make manhattens
Jim Beam;1.0 in x 1.0 in x 1.0 in;Jim Beam174 Bourbon Whiskey - 750ml Bottle;2017-06-13T07:00:00.000Z;sí;5;Best bourbon I have found...have toured distillery and love the brand..
Gallo;1.0 in x 1.0 in x 1.0 in;Barefoot174 Moscato White Wine - 1.5l Bottle;2017-03-13T00:00:00.000Z;sí;5;Very smooth sweet wine. Just wish wine companies would mark wine with dry, medium dry, sweet, extra sweet.
Cupcake Vineyards;1.0 in x 1.0 in x 1.0 in;Cupcake Vineyards174 Red Velvet - 750ml Bottle;2015-12-24T23:39:13.000Z;sí;4;I was told at a wine store that this wine is more of a mix of two different red wines. Other then the fact that it leaves a bit of red on my lips even after I've finished drinking I loved it. If you enjoy bitter red wines this is pretty good. I've tried many cheaper bitter red wines and the price point and quality of this so far has been great. I'd definitely suggest giving this a try you just might like it.
Blackstone Winemaker's Select;1.0 in x 1.0 in x 1.0 in;Blackstone174 Merlot - 750ml Bottle;2017-02-22T00:00:00.000Z;sí;4;...At a great price
Riunite;1.0 in x 1.0 in x 1.0 in;Riunite174 Lambrusco - 1.5l Bottle Bottle;2011-10-18T21:26:15.000Z;sí;5;I been drinking Riunite for years......it's great with food, partying with friends and family, or just relaxing. I will be buying it for the Holidays to go with my Gumbo..
Riunite;1.0 in x 1.0 in x 1.0 in;Riunite174 Lambrusco - 1.5l Bottle Bottle;2017-07-28T00:00:00.000Z;sí;5;This wine taste really good. I love the soft flavor. I will buy this again.
Riunite;1.0 in x 1.0 in x 1.0 in;Riunite174 Lambrusco - 1.5l Bottle Bottle;2016-11-30T00:00:00.000Z;sí;5;This is the wine, at a wonderful club price. Why isn't the Rosa and other ones carried by Sam's
Riunite;1.0 in x 1.0 in x 1.0 in;Riunite174 Lambrusco - 1.5l Bottle Bottle;2016-02-06T00:00:00.000Z;sí;5;This wine is amazing it's not too sweet not to bitter. It is a great inexpensive wine.
Carnivor;1.0 in x 1.0 in x 1.0 in;Carnivor174 Cabernet Sauvignon - 750ml Bottle;2015-12-24T00:00:00.000Z;sí;4;Fruity, full body, cheap. Go well with Asian foods! If you are looking to buy a red for wedding, this is the one. I got so many compliments from my anniversary this year on this red. If you want the cheaper wine, sure, you can go with VEO or Menage a Trois though. Carnivor is still a great wine!
Bartenura;1.0 in x 1.0 in x 1.0 in;Bartenura174 Moscato - 750ml Bottle;2016-12-18T00:00:00.000Z;sí;5;I bought this wine for my christmas party and everyone loved it, especially the guests who'd never had wine before. Bartenura Moscato beat out all the other kinds that I'd set out for the party.
Luccio;3.3 in x 3.3 in x 11.7 in;Luccio174 Moscato D'asti - 750ml Bottle;2016-06-19T18:34:15.000Z;sí;5;Had a chance to try some this beverage. Wonderful sparkling taste! Great for celebrations.
Luccio;3.3 in x 3.3 in x 11.7 in;Luccio174 Moscato D'asti - 750ml Bottle;2017-01-16T00:00:00.000Z;sí;5;I tried this wine for the first time and it's delicious I love it, I now have a favorite wine.
Luccio;3.3 in x 3.3 in x 11.7 in;Luccio174 Moscato D'asti - 750ml Bottle;2016-06-21T00:00:00.000Z;sí;5;I love this wine. It has a sweet smooth taste that could easily leave you drunk if you not careful. Please restock it. The last 4 times I've been in the store it's been out of stock.
Cruz Garcia;5.0 in x 3.0 in x 11.75 in;Cruz Garcia174 Red Sangria - 1.5l Bottle Bottle;2016-08-21T15:58:38.000Z;sí;4;sweet, low alcohol content, enjoy sipping
Stella Artois;1.0 in x 1.0 in x 1.0 in;Stella Artois174 Premium Lager - 12pk / 11.2oz Bottles;2014-01-14T07:19:05.000Z;sí;5;The prices are fantastic! You won't find a better price anywhere! Please continue this price!
Stella Artois;1.0 in x 1.0 in x 1.0 in;Stella Artois174 Premium Lager - 12pk / 11.2oz Bottles;2012-08-27T00:00:00.000Z;sí;5;If you have never enjoyed a Stella Artois you don't know what you are missing
Daily's;4.33 in x 2.32 in x 10.0 in;Daily's174 Frozen Pina Colada - 10oz Pouch;2017-06-30T00:00:00.000Z;sí;5;found this at Walmart in Oregon last week when they were having our Arkansas weather! Wow was it great stuff, now back home on the mad search for it here! Nummy good!
Daily's;4.33 in x 2.32 in x 10.0 in;Daily's174 Frozen Pina Colada - 10oz Pouch;2017-03-11T00:00:00.000Z;sí;5;Gooood!!!
Daily's;4.33 in x 2.32 in x 10.0 in;Daily's174 Frozen Pina Colada - 10oz Pouch;2016-11-27T00:00:00.000Z;sí;4;I love he convenience of this item. I just wish they were already frozen.
Roscato;1.0 in x 1.0 in x 1.0 in;Roscato174 Sweet Red - 750ml Bottle;2017-04-10T23:28:16.000Z;sí;5;Very good for the price
Roscato;1.0 in x 1.0 in x 1.0 in;Roscato174 Sweet Red - 750ml Bottle;2017-07-19T00:00:00.000Z;sí;5;All the people I had referred this wine with were impressed as how smooth and tasty this wine is! However, this only has 7 alcohol. But that's about how far sweet reds go, if you can find sweet red this sweet that is over 10 alcohol content please let me know! I absolutely love this SWEET RED!
Roscato;1.0 in x 1.0 in x 1.0 in;Roscato174 Sweet Red - 750ml Bottle;2017-06-17T00:00:00.000Z;sí;5;You can never go wrong with this wine, a glass of this Roscato and you are set. It is not sparkling, dry, or overbearing. Definitely my go to.
Roscato;1.0 in x 1.0 in x 1.0 in;Roscato174 Sweet Red - 750ml Bottle;2017-05-22T00:00:00.000Z;sí;5;This Roscato is sweet. Very crisp and mildly sweet, but it is delicious
Roscato;1.0 in x 1.0 in x 1.0 in;Roscato174 Sweet Red - 750ml Bottle;2016-07-31T00:00:00.000Z;no;1;thise wine is a copy cat of the original
Roscato;1.0 in x 1.0 in x 1.0 in;Roscato174 Sweet Red - 750ml Bottle;2016-12-28T00:00:00.000Z;sí;5;WHAT FULL LIGHT SWEET TASTEING TABLE WINE. ALSO VERY GOOD TO COOK WITH,GREAT FLAVOR.
Patron;1.0 in x 1.0 in x 1.0 in;Patron174 Silver Tequila - 375ml Bottle;;;;This candy is amazing! I'm a BIG tea fan. Iced, hot, green, black, whatever kinda tea it is, i like it. The classic iced tea tastes just like what it says... classic iced tea. The citrus is like if you were to squeeze a lemon into a glass of tea. The green tea latte is a bit strange. It tastes a lot like caramel, but also has a tea flavor to it. Its good as well. Also the shipping was great. I ordered it on a Friday and got it the next Monday. Overall, some of the greatest hard candy i've ever tried, and by far, the best tea candy.
Patron;1.0 in x 1.0 in x 1.0 in;Patron174 Silver Tequila - 375ml Bottle;2013-02-07T00:00:00Z;;;This is a great candy, rich flavor, and everyone who tried it, loved it, I will be ordering this fine candy again.
Patron;1.0 in x 1.0 in x 1.0 in;Patron174 Silver Tequila - 375ml Bottle;2011-12-27T00:00:00Z;;;This little 3-pack assortment is a great way to try all three flavors of Bali's Best Tea Candy. Previously, I had purchased a single pack of the Citrus Green Tea, from a specialty shop. It was so incredible... I wish I had bought about 10 packs of it.Upon reading reviews, I thought the Classic Iced Tea might be to my liking as well. I am not a big fan of green tea latte, but thought that I should give it a try, since other people raved about it so much. I was right. The Green Tea Latte was my least favorite of the three. It reminded me a little of green tea ice cream. Okay once in a while, but not an every day treat for me. I prefer the crisp/clear taste, over the creamy/milky flavor. Just personal preference.Now, I simply cannot decide which of the other 2 flavors I love more. They are so incredible tasting, and smooth textured. I love both the astringency and the acidity. They are perfectly balanced, and the flavors play like a melody on the palate. If I could, I would order a case of each of them... just so I could have them on hand all the time. They are by far, my favorite candy, bar none. No pun intended. :)*Note to sellers, I refuse to pay 5 or 6 shipping on a single 1.99 bag of candy. This is absolutely ludicrous. Get real! Before doing that, I will buy a case of 12 packs from a vendor offering free shipping.
Patron;1.0 in x 1.0 in x 1.0 in;Patron174 Silver Tequila - 375ml Bottle;;;;Nothing to get up about and I thought it was expensive. I took them to work for everyone, there still there! lol
Patron;1.0 in x 1.0 in x 1.0 in;Patron174 Silver Tequila - 375ml Bottle;;;;This is tasty. I liked it. The only drawback is that the individual wrappers are not sealed well so once the main package is opened many of them will get sticky in a month or two. Nor much of a problem really.
Patron;1.0 in x 1.0 in x 1.0 in;Patron174 Silver Tequila - 375ml Bottle;2013-07-07T00:00:00Z;;;Had already tried liked the Citrus Green Tea Candy. Thought I'd give this flavor a go - but muchly prefer the Citrus.
Patron;1.0 in x 1.0 in x 1.0 in;Patron174 Silver Tequila - 375ml Bottle;;;;Im a huge fan of BB's coffee candies and I adore green tea and matcha so I thought I would love these. They have a really odd taste after about 1 min in your mouth. I couldnt finish even one sadly and I was really looking forward to these.
Patron;1.0 in x 1.0 in x 1.0 in;Patron174 Silver Tequila - 375ml Bottle;2010-11-27T00:00:00Z;;;Tried the Green Tea Latte while in Aruba and loved them! Tried the three pack and I'm hooked. I love the citrus best, but all are different and great throat lozenges (I hate menthol lozenges).
Moet Chandon;1.0 in x 1.0 in x 1.0 in;Moet Chandon174 Imperial Champagne - 750ml Bottle;2017-07-05T00:00:00.000Z;sí;5;The bottles are very pretty we haven't opened them yet. They look just like the picture pink with the emoji on them. Delivery was on time.
Scales;;Scales Margarita Mix, 33.8 fl oz;2014-01-19T00:00:00Z;;;I have tried the Margarita mix and the Bloody Mary mix. The Margarita mix is fantastic, especially if you add a little lime juice. The Bloody Mary mix is also very good but I like the Zing Zang Bloody Mary a little better and I think it is worth the few extra carbs. I plan to try the rest of the Scales Mixes and have already restocked the Margarita mix.
Scales;;Scales Margarita Mix, 33.8 fl oz;2015-02-25T00:00:00Z;;;I love this margarita mix! It has a great taste, and in my opinion it does not taste like fake sugar at all. My husband however was not a fan - he found it much too tart. I think it's definitely worth a try!
Scales;;Scales Margarita Mix, 33.8 fl oz;2014-03-12T00:00:00Z;;;I loved everything about this stuff. Now, I'm a local Charlestonian and can get this in my grocery store. But, if you are looking for a good healthy alternative to a Margarita, GO FOR IT! Their company website also offers this mix at a lower price. ENJOY!
Scales;;Scales Margarita Mix, 33.8 fl oz;2013-07-07T00:00:00Z;;;3 stars only because this really tasty No Calorie margarita mix cast me 17 FOR ONE BOTTLE!I'm a margarita fan and also trying to lose some weight. There aren't many really good lime mixers out there in the Low to NO Calorie category, so when I discovered SCALES on the shelf while visiting in Scottsdale AZ (for a reasonable 6.99 bottle), I was delighted to discover how tangy limey good it tastes- just right for excellent margaritas, but cutting about 100-150 calories out of your cocktail!I was dismayed when I returned home (though not exactly surprised) to find that Scales was not available in Washington state. So when I looked for it on Amazon and saw its other flavors offered on prime for 7.99 and the Margarita was offered at 17, I thought this must be for two or three bottles. When only one showed up... well, what the hell.Still a great mixer, but why can't we get it for a reasonable price!!
Scales;;Scales Margarita Mix, 33.8 fl oz;2015-09-14T00:00:00Z;;;To me this tastes like a Crystal Light lemonade or lemon-lime mix. For the price and the many highly positive reviews, I had really expected something much tastier. I added the juice of two limes but still didn't care for the flavor compared to regular (not sugar-free) but less expensive margarita mixes I've tried. My spouse threw out his drink after one taste. We threw away the bottle so as not to waste any more tequila with this mix.
Scales;;Scales Margarita Mix, 33.8 fl oz;2013-05-04T00:00:00Z;;;For zero carbs/sugar this stuff is great. However the price online here is double that of my local grocery store. Unless I am missing something from the description that this is a multipack.If you are wanting a tasty zero carb drink this will certainly please you. The price here makes it tough to swallow.
Scales;;Scales Margarita Mix, 33.8 fl oz;;;;I am not sure why the other people said that this tastes good.... in my opinion it tastes awful! I would much rather not have a drink at all than drink this stuff.
Zatarain's;1.938 in x 1.938 in x 4.258 in;Zatarain's174 Root Beer Extract Bottle - 4 Floz;2016-11-25T23:43:11.000Z;sí;3;Wanted Watkins Products root beer extract but it seems it is no longer available. This brand is all right but do not like the caramel color additive. Watkins is clear
Zatarain's;1.938 in x 1.938 in x 4.258 in;Zatarain's174 Root Beer Extract Bottle - 4 Floz;2017-02-21T00:00:00.000Z;sí;5;great!
Oreo;6.69 in x 1.88 in x 5.814 in;Oreo Hot Cocoa Chocolate Sandwich Cookies - 10.7oz;2017-12-18T19:25:37.000Z;sí;5;These have to be the most addicting oreos ever. The chocolate cookie with a marshmallow like center is wonderful but not over powering. VERY GOOD!!!
Oreo;6.69 in x 1.88 in x 5.814 in;Oreo Hot Cocoa Chocolate Sandwich Cookies - 10.7oz;2017-12-13T21:57:38.000Z;sí;5;One of my favorite Oreo flavors. Wish it was year round even.
Master of Mixes;8.25 in x 8.25 in x 6.0 in;Master of Mixes Big Bucket Premium Margarita Mixer, 96 fl oz;2013-06-05T00:00:00.000Z;sí;5;This is really tasty, and easy to make. Just one ingredient to add. Only problem is that it's so good, it's easy to drink too much. I especially like it frozen.
Master of Mixes;8.25 in x 8.25 in x 6.0 in;Master of Mixes Big Bucket Premium Margarita Mixer, 96 fl oz;2014-08-22T00:00:00.000Z;sí;5;I love this product.
Master of Mixes;8.25 in x 8.25 in x 6.0 in;Master of Mixes Big Bucket Premium Margarita Mixer, 96 fl oz;2013-02-02T00:00:00.000Z;sí;5;I was glad to find this online, I usually see this during the summer in stores. This bucket is so convenient, just add tequila for a refreshing drink anytime. No need to measure and mix each time you want a nice cool margarita drink. Stores well in the refrigerator.
Master of Mixes;8.25 in x 8.25 in x 6.0 in;Master of Mixes Big Bucket Premium Margarita Mixer, 96 fl oz;2017-03-08T00:00:00.000Z;sí;5;The price was incredible and the delivery service better than could have hoped for
Master of Mixes;8.25 in x 8.25 in x 6.0 in;Master of Mixes Big Bucket Premium Margarita Mixer, 96 fl oz;2016-07-19T00:00:00.000Z;sí;5;Always a big hit at pool parties. Also good to keep in the freezer for a quick and easy drink. Delicious!
Master of Mixes;8.25 in x 8.25 in x 6.0 in;Master of Mixes Big Bucket Premium Margarita Mixer, 96 fl oz;2014-10-08T00:00:00.000Z;sí;5;Spent the weekend, home alone, working. Enjoyed the margaritas I made with this mix. I bought a quality tequila and added a shot of Grand Mariner. Just fabulous on the rocks.. frozen, hmm.. any which way was just fabulous!!
Master of Mixes;8.25 in x 8.25 in x 6.0 in;Master of Mixes Big Bucket Premium Margarita Mixer, 96 fl oz;2013-08-28T00:00:00.000Z;sí;5;really tasty especially for someone who doesn't have experience making drinks. Tastes as good or better than a bar or restaurant with a fraction of the cost
Master of Mixes;8.25 in x 8.25 in x 6.0 in;Master of Mixes Big Bucket Premium Margarita Mixer, 96 fl oz;2016-07-13T00:00:00.000Z;sí;5;I love that you get 98 ounces and that its less than 6. It makes great margaritas too. I hate that its not available in store because its great for parties.
Master of Mixes;8.25 in x 8.25 in x 6.0 in;Master of Mixes Big Bucket Premium Margarita Mixer, 96 fl oz;2014-08-11T00:00:00.000Z;sí;5;Makes very tasty frozen Margaritas for a low price. As good as some well-know chain restaurant Margaritas. I highly recommend.
Master of Mixes;8.25 in x 8.25 in x 6.0 in;Master of Mixes Big Bucket Premium Margarita Mixer, 96 fl oz;2015-09-21T00:00:00.000Z;sí;5;Tasted great easy to dispense
Master of Mixes;8.25 in x 8.25 in x 6.0 in;Master of Mixes Big Bucket Premium Margarita Mixer, 96 fl oz;2016-02-10T00:00:00.000Z;sí;5;You will love how easy it is to mix.
Master of Mixes;8.25 in x 8.25 in x 6.0 in;Master of Mixes Big Bucket Premium Margarita Mixer, 96 fl oz;2016-08-15T00:00:00.000Z;sí;5;I ordered 4 of these that's all I was allowed to on the website! They used to sell it in our Walmart in Greensburg, PA but not anymore, we love them very good!! Needs to be sold in the store!
Master of Mixes;8.25 in x 8.25 in x 6.0 in;Master of Mixes Big Bucket Premium Margarita Mixer, 96 fl oz;2016-09-02T00:00:00.000Z;sí;5;very good value for cost
Master of Mixes;8.25 in x 8.25 in x 6.0 in;Master of Mixes Big Bucket Premium Margarita Mixer, 96 fl oz;2016-10-26T00:00:00.000Z;sí;4;Definitely not the best tasting way to make one but it's very convenient and portable.
Master of Mixes;8.25 in x 8.25 in x 6.0 in;Master of Mixes Big Bucket Premium Margarita Mixer, 96 fl oz;2014-07-23T00:00:00.000Z;no;2;I ordered 12 of these buckets and when I opened them up a couple of the buckets had holes in the bottom. The Margarita was good.
Master of Mixes;8.25 in x 8.25 in x 6.0 in;Master of Mixes Big Bucket Premium Margarita Mixer, 96 fl oz;2016-10-20T00:00:00.000Z;sí;5;got this for my sister as she only uses this mixer for her drinks and the local WalMart didn't have them in stock
Master of Mixes;8.25 in x 8.25 in x 6.0 in;Master of Mixes Big Bucket Premium Margarita Mixer, 96 fl oz;2016-07-14T00:00:00.000Z;sí;5;Hit at the party
Master of Mixes;8.25 in x 8.25 in x 6.0 in;Master of Mixes Big Bucket Premium Margarita Mixer, 96 fl oz;2016-07-01T00:00:00.000Z;sí;5;I usually make my own marqueritas bit being that we had a bbq party i dodnt want to have to spend time making them when someone needed a drink so i bought 4 of the buckets they are very tasty highly recommend this to anyone not wanting to spend their time preparing from scratch
Master of Mixes;8.25 in x 8.25 in x 6.0 in;Master of Mixes Big Bucket Premium Margarita Mixer, 96 fl oz;2016-07-22T00:00:00.000Z;sí;5;Great item and ready for pickup in timely manner. However, I wish I could have ordered more than 4 at a time. I needed 16 and ended up placing 4 orders.
Master of Mixes;8.25 in x 8.25 in x 6.0 in;Master of Mixes Big Bucket Premium Margarita Mixer, 96 fl oz;2016-08-10T00:00:00.000Z;sí;5;Jojo
Master of Mixes;8.25 in x 8.25 in x 6.0 in;Master of Mixes Big Bucket Premium Margarita Mixer, 96 fl oz;2017-03-08T00:00:00.000Z;sí;5;The price was incredible and the delivery service better than could have hoped for
Master of Mixes;8.25 in x 8.25 in x 6.0 in;Master of Mixes Big Bucket Premium Margarita Mixer, 96 fl oz;2014-07-23T00:00:00.000Z;no;2;I ordered 12 of these buckets and when I opened them up a couple of the buckets had holes in the bottom. The Margarita was good.
Master of Mixes;8.25 in x 8.25 in x 6.0 in;Master of Mixes Big Bucket Premium Margarita Mixer, 96 fl oz;;TRUE;;Definitely not the best tasting way to make one but it's very convenient and portable.
Master of Mixes;8.25 in x 8.25 in x 6.0 in;Master of Mixes Big Bucket Premium Margarita Mixer, 96 fl oz;;TRUE;;really tasty especially for someone who doesn't have experience making drinks. Tastes as good or better than a bar or restaurant with a fraction of the cost
Master of Mixes;8.25 in x 8.25 in x 6.0 in;Master of Mixes Big Bucket Premium Margarita Mixer, 96 fl oz;;TRUE;;You will love how easy it is to mix.
Master of Mixes;8.25 in x 8.25 in x 6.0 in;Master of Mixes Big Bucket Premium Margarita Mixer, 96 fl oz;;TRUE;;I was glad to find this online, I usually see this during the summer in stores. This bucket is so convenient, just add tequila for a refreshing drink anytime. No need to measure and mix each time you want a nice cool margarita drink. Stores well in the refrigerator.
Master of Mixes;8.25 in x 8.25 in x 6.0 in;Master of Mixes Big Bucket Premium Margarita Mixer, 96 fl oz;;TRUE;;very good value for cost
Master of Mixes;8.25 in x 8.25 in x 6.0 in;Master of Mixes Big Bucket Premium Margarita Mixer, 96 fl oz;;TRUE;;Great item and ready for pickup in timely manner. However, I wish I could have ordered more than 4 at a time. I needed 16 and ended up placing 4 orders.
Master of Mixes;8.25 in x 8.25 in x 6.0 in;Master of Mixes Big Bucket Premium Margarita Mixer, 96 fl oz;;FALSE;;I ordered 12 of these buckets and when I opened them up a couple of the buckets had holes in the bottom. The Margarita was good.
Master of Mixes;8.25 in x 8.25 in x 6.0 in;Master of Mixes Big Bucket Premium Margarita Mixer, 96 fl oz;;TRUE;;Jojo
Master of Mixes;8.25 in x 8.25 in x 6.0 in;Master of Mixes Big Bucket Premium Margarita Mixer, 96 fl oz;;TRUE;;I love that you get 98 ounces and that its less than $6. It makes great margaritas too. I hate that its not available in store because its great for parties.
Master of Mixes;8.25 in x 8.25 in x 6.0 in;Master of Mixes Big Bucket Premium Margarita Mixer, 96 fl oz;;TRUE;;got this for my sister as she only uses this mixer for her drinks and the local WalMart didn't have them in stock
Master of Mixes;8.25 in x 8.25 in x 6.0 in;Master of Mixes Big Bucket Premium Margarita Mixer, 96 fl oz;;TRUE;;I love this product.
Master of Mixes;8.25 in x 8.25 in x 6.0 in;Master of Mixes Big Bucket Premium Margarita Mixer, 96 fl oz;;TRUE;;I ordered 4 of these that's all I was allowed to on the website! They used to sell it in our Walmart in Greensburg, PA but not anymore, we love them very good!! Needs to be sold in the store!
Master of Mixes;8.25 in x 8.25 in x 6.0 in;Master of Mixes Big Bucket Premium Margarita Mixer, 96 fl oz;;TRUE;;Makes very tasty frozen Margaritas for a low price. As good as some well-know chain restaurant Margaritas. I highly recommend.
Master of Mixes;8.25 in x 8.25 in x 6.0 in;Master of Mixes Big Bucket Premium Margarita Mixer, 96 fl oz;;TRUE;;Spent the weekend, home alone, working. Enjoyed the margaritas I made with this mix. I bought a quality tequila and added a shot of Grand Mariner. Just fabulous on the rocks.. frozen, hmm.. any which way was just fabulous!!
Master of Mixes;8.25 in x 8.25 in x 6.0 in;Master of Mixes Big Bucket Premium Margarita Mixer, 96 fl oz;;TRUE;;Hit at the party
Master of Mixes;8.25 in x 8.25 in x 6.0 in;Master of Mixes Big Bucket Premium Margarita Mixer, 96 fl oz;;TRUE;;This is really tasty, and easy to make. Just one ingredient to add. Only problem is that it's so good, it's easy to drink too much. I especially like it frozen.
Master of Mixes;8.25 in x 8.25 in x 6.0 in;Master of Mixes Big Bucket Premium Margarita Mixer, 96 fl oz;;TRUE;;Always a big hit at pool parties. Also good to keep in the freezer for a quick and easy drink. Delicious!
Master of Mixes;8.25 in x 8.25 in x 6.0 in;Master of Mixes Big Bucket Premium Margarita Mixer, 96 fl oz;;TRUE;;Tasted great easy to dispense
Master of Mixes;8.25 in x 8.25 in x 6.0 in;Master of Mixes Big Bucket Premium Margarita Mixer, 96 fl oz;;TRUE;;I usually make my own marqueritas bit being that we had a bbq party i dodnt want to have to spend time making them when someone needed a drink so i bought 4 of the buckets they are very tasty highly recommend this to anyone not wanting to spend their time preparing from scratch
Powell Mahoney;3.0 in x 3.0 in x 11.3 in;Powell Mahoney174 Lemon Sour Mix - 750ml Bottle;2017-03-25T00:00:00.000Z;sí;5;Great for making Bourbon sours!
Mr. & Mrs. T;13.0 in x 8.63 in x 3.88 in;Mr _ Mrs T Margarita Mix, 5.5 fl oz, ();2017-08-11T00:00:00.000Z;sí;5;Great margarita mix. Most of all love the small cans when you just want to have 1, no waste. Great for taking on the go!
Mr. & Mrs. T;13.0 in x 8.63 in x 3.88 in;Mr _ Mrs T Margarita Mix, 5.5 fl oz, ();2016-05-29T00:00:00.000Z;sí;5;easy tasty way to make margaritas with some ice in a ninja.
Cocktail Artist;;Cocktail Artist Essential Bar Ingredients Premium Mule Mix, 25.3 fl oz;2017-05-12T00:00:00.000Z;sí;5;Pleasantly refreshing and smooth! We really enjoyed Vincent's twist and presentation very impressive! Thank you for inspiration!
Cocktail Artist;;Cocktail Artist Essential Bar Ingredients Premium Mule Mix, 25.3 fl oz;2017-05-16T00:00:00.000Z;sí;4;I bought this product because I was in a squeeze to make drinks for a backyard BBQ party. I saw it on the the shelf (only 1 left!) and thought, Mm mules sound good for a nice spring day. I had pretty low expectations given my experience with other pre mix products, but let me tell you, WOW this product is delicious. It's the perfect balance of sweet and spicy ginger and reminds me of sipping out of fancy frozen glasses with friends at one my FAVORITE outdoor cocktail bars. Next time I'll just invite them to my backyard! This mix has me excited to try some of the other flavors, but I can't imagine ever passing up on the mule when I see it on the shelf!! Thanks Vincent, whoever you are, for making me a mule pro )
Cocktail Artist;;Cocktail Artist Essential Bar Ingredients Premium Mule Mix, 25.3 fl oz;2017-05-04T00:00:00.000Z;sí;5;Great product. Fresh ingredients made a great mule. My friends don't have to know it was a mix )
Cocktail Artist;;Cocktail Artist Essential Bar Ingredients Premium Mule Mix, 25.3 fl oz;2017-05-15T00:00:00.000Z;sí;5;I had the pleasure of drinking a cocktail cooked up by Vince when dining at Philadelphia's The Good King Tavern (which you must check out if you're in town, simply delicious!!). When I saw he released his own mix for such a staple summer cocktail I was quick to purchase. Needless to say it did not upset - 10/10 would recommend!!
Cocktail Artist;;Cocktail Artist Essential Bar Ingredients Premium Mule Mix, 25.3 fl oz;2017-05-15T00:00:00.000Z;sí;5;Great drink! Great bottle! Woo!
Cocktail Artist;;Cocktail Artist Essential Bar Ingredients Premium Mule Mix, 25.3 fl oz;2017-05-13T00:00:00.000Z;sí;5;Perfect product for house parties and cocktail events. Easy to use and really clean fresh flavors!
Cocktail Artist;;Cocktail Artist Essential Bar Ingredients Premium Mule Mix, 25.3 fl oz;2017-05-14T00:00:00.000Z;sí;5;I just picked this up for my wife (and new mother) as part of a Mothers Day gift. We mixed it up before our dinner reservation last night at the house. Wow! She was smiling for the rest of the night and I gotta say I really liked it too. Definitely recommend it for the ladies in your life. Probably great for a party at the house too!
Cocktail Artist;;Cocktail Artist Essential Bar Ingredients Premium Mule Mix, 25.3 fl oz;2017-05-12T00:00:00.000Z;sí;5;Refreshing and not too sweet.
Cocktail Artist;;Cocktail Artist Essential Bar Ingredients Premium Mule Mix, 25.3 fl oz;2017-05-15T00:00:00.000Z;sí;5;My kids brought this over for Mothers Day and wow, what a hit! My son mixed up the best Moscow Mules ever, far better than what I've gotten out. Will definitely stock-up for the summer. GREAT product!
Cocktail Artist;;Cocktail Artist Essential Bar Ingredients Premium Mule Mix, 25.3 fl oz;2017-05-15T00:00:00.000Z;sí;5;Definitely worth the price. Value product. Try it!!!
Cocktail Artist;;Cocktail Artist Essential Bar Ingredients Premium Mule Mix, 25.3 fl oz;2017-05-15T00:00:00.000Z;sí;5;This mix is top notch! The bees knees! Whether I am relaxing at the end of my day or entertaining guests, I must always have this mule mix on deck. Would recommend to anybody!
Cocktail Artist;;Cocktail Artist Essential Bar Ingredients Premium Mule Mix, 25.3 fl oz;2017-05-12T00:00:00.000Z;sí;5;The mule mix from Cocktail Artist was fun to make and EZ to feel like a pro! Thank you, Vincent, for special twist!!! Lots of flavor!
Cocktail Artist;;Cocktail Artist Essential Bar Ingredients Premium Mule Mix, 25.3 fl oz;2017-05-15T00:00:00.000Z;sí;5;I really really enjoyed this. The taste was perfect and not too sweet. Can't wait to use it to entertain this summer. YUM!
Cocktail Artist;;Cocktail Artist Essential Bar Ingredients Premium Mule Mix, 25.3 fl oz;2017-05-15T00:00:00.000Z;sí;5;I'm usually skeptical of a mix but this is the real deal.
Cocktail Artist;;Cocktail Artist Essential Bar Ingredients Premium Mule Mix, 25.3 fl oz;2017-05-11T00:00:00.000Z;sí;5;I am hands down a vodka-drinker and LOVE a good Moscow Mule (especially in one of those icy cold copper mugs). My only complaint is that when I order them at bars, they are often way too sweet. This product tastes like fresh ginger and lime and the sugar is balanced perfectly! Great crowd pleaser when entertaining. People will think you made it from scratch!
Cocktail Artist;;Cocktail Artist Essential Bar Ingredients Premium Mule Mix, 25.3 fl oz;2017-05-09T00:00:00.000Z;sí;5;I never thought mixes could be so good! I have been a cocktail enthusiast for sometime now but can never find the time to go out. This mix makes fantastic drinks in the comfort of my own home without emptying my wallet. I have all of my friends hooked on it now as well. It makes a perfect gift for fellow cocktail lovers anytime of the year. I could not give this product enough stars.
Cocktail Artist;;Cocktail Artist Essential Bar Ingredients Premium Mule Mix, 25.3 fl oz;2017-05-12T00:00:00.000Z;sí;5;With Vincent's twist, we felt like we'd been served at a fun bar in professional setting! Easy and tasty!!
Cocktail Artist;;Cocktail Artist Essential Bar Ingredients Premium Mule Mix, 25.3 fl oz;2017-05-12T00:00:00.000Z;sí;5;Love sharing this mix with friends - great product!
Cocktail Artist;;Cocktail Artist Essential Bar Ingredients Premium Mule Mix, 25.3 fl oz;2017-05-12T00:00:00.000Z;sí;5;I am a huge fan of the Moscow Mule drink after Oprah turned me on to it, but I never make it myself. This mix made making Moscow Mules so easy, that I invested in a set of Cooper mugs!!!! Delicious, simple and refreshing. Going to stock up for summer!
Cocktail Artist;;Cocktail Artist Essential Bar Ingredients Premium Mule Mix, 25.3 fl oz;2017-05-13T00:00:00.000Z;sí;5;This is a great product to have at home.
Cocktail Artist;;Cocktail Artist Essential Bar Ingredients Premium Mule Mix, 25.3 fl oz;2017-06-06T00:00:00.000Z;sí;5;Highly recommend this premade Moscow Mule mix! Convenient to have at home and the recipe is a perfect balance to the rest of the ingredients. Reasonably priced too!
Cocktail Artist;;Cocktail Artist Essential Bar Ingredients Premium Mule Mix, 25.3 fl oz;2017-05-16T00:00:00.000Z;sí;5;I love love love this mix. I'm not usually a mix girl, as I usually feel like it ends up being too sugary / doesn't taste how it's supposed to. But a friend recommended this to me and I tried it and it's perfect! Especially for an amateur cocktail-maker... It's not too sweet which allows you to sweeten as wanted, and it's fresh and delicious. And bonus, there's a pretty cute guy on the label. Highly highly recommend for Mule lovers!
Cocktail Artist;;Cocktail Artist Essential Bar Ingredients Premium Mule Mix, 25.3 fl oz;2017-05-21T00:00:00.000Z;sí;5;Not only does it taste great and is refreshing on a hot summer day, but it's now a breeze to mix up a mule! I love how quick I can make one that tastes good, for myself and others. Highly recommended.
Cocktail Artist;;Cocktail Artist Essential Bar Ingredients Premium Mule Mix, 25.3 fl oz;2017-05-16T00:00:00.000Z;sí;5;This mix is delicious. It helps that the guy on the bottle is so dreamy too.
Cocktail Artist;;Cocktail Artist Essential Bar Ingredients Premium Mule Mix, 25.3 fl oz;2017-05-21T00:00:00.000Z;sí;3;AMAZING PRODUCT! SOBER FOR 6 YEARS AND BOY DOES THIS DO IT FOR ME! A PINT A DAY KEEPS THE DOCTOR AWAY!
Cocktail Artist;;Cocktail Artist Essential Bar Ingredients Premium Mule Mix, 25.3 fl oz;2017-05-16T00:00:00.000Z;sí;5;This mix is perfect!!! Refreshing and not too sweet! I recommend this mix to everyone!
Cocktail Artist;;Cocktail Artist Essential Bar Ingredients Premium Mule Mix, 25.3 fl oz;2017-05-16T00:00:00.000Z;sí;5;What a unique label! Easy mix made a delicious drink. Good idea for parties.
Cocktail Artist;;Cocktail Artist Essential Bar Ingredients Premium Mule Mix, 25.3 fl oz;2017-05-16T00:00:00.000Z;sí;5;This Moscow Mule mix is so delicious and refreshing! I will definitely be telling friends about this. So easy to make! Great for a party!
Cocktail Artist;;Cocktail Artist Essential Bar Ingredients Premium Mule Mix, 25.3 fl oz;2017-05-16T00:00:00.000Z;sí;5;Refreshing. Simple. Delicious. Can't wait to use this mix for all my summer get togethers!
Cocktail Artist;;Cocktail Artist Essential Bar Ingredients Premium Mule Mix, 25.3 fl oz;2017-05-16T00:00:00.000Z;sí;5;Crisp and refreshing. Vincent's twist added smooth finish!
Cocktail Artist;;Cocktail Artist Essential Bar Ingredients Premium Mule Mix, 25.3 fl oz;2017-05-16T00:00:00.000Z;sí;5;Super good, like suuuper good . Love this stuff
PongCaddie;;Beer Pong Nets by PongCaddie;2017-05-22T00:00:00.000Z;sí;5;This is a great invention that prevents balls from falling on the floor when you miss the cups. The nets speed the game up and keeps the balls cleaner, give it a shot you won't be disappointed.
Fee Brothers;;Fee Brothers Cherry Cocktail Bitters - 5 oz;2017-01-27T00:00:00.000Z;sí;5;Makes a good manhattan perfect!
Zing Zang;3.91 in x 5.1 in x 11.12 in;Zing Zang Bloody Mary Mix, 32 fl oz;2016-05-06T00:00:00.000Z;sí;5;Great taste!
Zing Zang;3.91 in x 5.1 in x 11.12 in;Zing Zang Bloody Mary Mix, 32 fl oz;2016-05-01T00:00:00.000Z;sí;5;One if the best most affordable mixes
Zing Zang;3.91 in x 5.1 in x 11.12 in;Zing Zang Bloody Mary Mix, 32 fl oz;2016-03-22T00:00:00.000Z;sí;5;great taste, makes a good mixer
Zing Zang;3.91 in x 5.1 in x 11.12 in;Zing Zang Bloody Mary Mix, 32 fl oz;2015-10-12T00:00:00.000Z;sí;5;Zing Zang is not new to me. I have bought it at other stores for years and am glad to find at Walmart for a competitive price. Just the right spices...
Zing Zang;3.91 in x 5.1 in x 11.12 in;Zing Zang Bloody Mary Mix, 32 fl oz;2015-11-10T00:00:00.000Z;sí;5;This is the most amazing bloody mary mix. Not only is it great for bloody Mary's but great for red beer too!
Zing Zang;3.91 in x 5.1 in x 11.12 in;Zing Zang Bloody Mary Mix, 32 fl oz;2015-11-16T00:00:00.000Z;sí;5;I love this mix. Just right amount of seasoning and not to hot. Best ever.
Zing Zang;3.91 in x 5.1 in x 11.12 in;Zing Zang Bloody Mary Mix, 32 fl oz;2016-01-03T00:00:00.000Z;sí;5;Has a small kick to it but very delicious
Zing Zang;3.91 in x 5.1 in x 11.12 in;Zing Zang Bloody Mary Mix, 32 fl oz;2015-10-17T00:00:00.000Z;sí;5;The best tasting mix I have tasted. Good with or without the liquor.
Zing Zang;3.91 in x 5.1 in x 11.12 in;Zing Zang Bloody Mary Mix, 32 fl oz;2015-12-10T00:00:00.000Z;sí;5;Love it, not to spicy)
Zing Zang;3.91 in x 5.1 in x 11.12 in;Zing Zang Bloody Mary Mix, 32 fl oz;2015-10-08T00:00:00.000Z;sí;5;Do yourself a favor and buy this mix. It's amazing!
Zing Zang;3.91 in x 5.1 in x 11.12 in;Zing Zang Bloody Mary Mix, 32 fl oz;2015-10-14T00:00:00.000Z;sí;5;Great taste. Everyone who tasted it at my party loved it.
Zing Zang;3.91 in x 5.1 in x 11.12 in;Zing Zang Bloody Mary Mix, 32 fl oz;2015-11-05T00:00:00.000Z;sí;5;So good for a weekend brunch with Bloody Mary's!!
Zing Zang;3.91 in x 5.1 in x 11.12 in;Zing Zang Bloody Mary Mix, 32 fl oz;2015-11-25T00:00:00.000Z;sí;5;Great taste n great quality.
Zing Zang;3.91 in x 5.1 in x 11.12 in;Zing Zang Bloody Mary Mix, 32 fl oz;2015-12-23T00:00:00.000Z;sí;5;Delish
Zing Zang;3.91 in x 5.1 in x 11.12 in;Zing Zang Bloody Mary Mix, 32 fl oz;2015-12-12T00:00:00.000Z;sí;5;Yummmmmmmyyyy!!!
Zing Zang;3.91 in x 5.1 in x 11.12 in;Zing Zang Bloody Mary Mix, 32 fl oz;2015-11-25T00:00:00.000Z;sí;5;makes the best bloody marys
Zing Zang;3.91 in x 5.1 in x 11.12 in;Zing Zang Bloody Mary Mix, 32 fl oz;2015-10-29T00:00:00.000Z;sí;5;Next to homemade, this is awesome!
Zing Zang;3.91 in x 5.1 in x 11.12 in;Zing Zang Bloody Mary Mix, 32 fl oz;2015-10-16T00:00:00.000Z;sí;4;Good product but a little pricey.
Zing Zang;3.91 in x 5.1 in x 11.12 in;Zing Zang Bloody Mary Mix, 32 fl oz;2015-12-01T00:00:00.000Z;sí;5;The
Zing Zang;3.91 in x 5.1 in x 11.12 in;Zing Zang Bloody Mary Mix, 32 fl oz;2015-10-16T00:00:00.000Z;sí;5;Perfect mix!
Zing Zang;3.91 in x 5.1 in x 11.12 in;Zing Zang Bloody Mary Mix, 32 fl oz;2016-01-12T00:00:00.000Z;sí;4;Very good mix, I would give it a five star except I like mine not quite as hot. Still very good and would buy again, needs to have a pinch less heat. If you like your drink just a little on the spicy side your sure to like this.
Zing Zang;3.91 in x 5.1 in x 11.12 in;Zing Zang Bloody Mary Mix, 32 fl oz;2016-07-23T00:00:00.000Z;sí;5;Zing zang is a great drink that I supplement my diet with when I'm craving spicy food. It has the perfect combination of tomato juice spices that make each drink delicious!
Zing Zang;3.91 in x 5.1 in x 11.12 in;Zing Zang Bloody Mary Mix, 32 fl oz;2016-01-28T00:00:00.000Z;sí;5;I've tried several if not all Bloody Mary mixes as this is my drink of choice. Zing Zang is the absolute perfect blend of flavor and spices! Absolutely my favorite!!! Must try!
Zing Zang;3.91 in x 5.1 in x 11.12 in;Zing Zang Bloody Mary Mix, 32 fl oz;2016-12-26T00:00:00.000Z;sí;5;Tried this mix in LA and was so excited to see it being sold in local Walmart Best bloody mix ever!
Zing Zang;3.91 in x 5.1 in x 11.12 in;Zing Zang Bloody Mary Mix, 32 fl oz;2016-07-17T00:00:00.000Z;sí;5;Good for those that love a spicy bloody Mary
Zing Zang;3.91 in x 5.1 in x 11.12 in;Zing Zang Bloody Mary Mix, 32 fl oz;2016-01-05T00:00:00.000Z;sí;5;My husband adds this to his beer instead of tomato juice.
Zing Zang;3.91 in x 5.1 in x 11.12 in;Zing Zang Bloody Mary Mix, 32 fl oz;2016-08-21T00:00:00.000Z;sí;5;Great product!
Zing Zang;3.91 in x 5.1 in x 11.12 in;Zing Zang Bloody Mary Mix, 32 fl oz;2016-07-14T00:00:00.000Z;sí;5;It is the best mixer ever . Good price too!
Zing Zang;3.91 in x 5.1 in x 11.12 in;Zing Zang Bloody Mary Mix, 32 fl oz;2016-07-11T00:00:00.000Z;sí;5;We enjoy this mix more than any other.
Zing Zang;3.91 in x 5.1 in x 11.12 in;Zing Zang Bloody Mary Mix, 32 fl oz;2017-02-11T00:00:00.000Z;sí;5;This Zing Zang Bloody Mary mix is delicious! Very peppery ! Our new favorite mix. !!!!
Zing Zang;3.91 in x 5.1 in x 11.12 in;Zing Zang Bloody Mary Mix, 32 fl oz;2016-07-02T00:00:00.000Z;sí;5;Spicy, terrific Bloody Mary mix!
Zing Zang;3.91 in x 5.1 in x 11.12 in;Zing Zang Bloody Mary Mix, 32 fl oz;2015-08-17T00:00:00.000Z;sí;5;I have tried a lot of Bloody Mary mixes, even sent away across country for a good mix and this is by far the best out there. Of course I add celery, scallions, stuffed olives and some rosemary and this is perfect and have not had any better. Wal-Mart just started carrying this but I have been using for years!!
Zing Zang;3.91 in x 5.1 in x 11.12 in;Zing Zang Bloody Mary Mix, 32 fl oz;2016-06-15T00:00:00.000Z;sí;5;Awesome
Zing Zang;3.91 in x 5.1 in x 11.12 in;Zing Zang Bloody Mary Mix, 32 fl oz;2017-01-26T00:00:00.000Z;sí;5;My first choice in mixers
Zing Zang;3.91 in x 5.1 in x 11.12 in;Zing Zang Bloody Mary Mix, 32 fl oz;2015-10-12T00:00:00.000Z;sí;5;Love love love
Zing Zang;3.91 in x 5.1 in x 11.12 in;Zing Zang Bloody Mary Mix, 32 fl oz;2015-12-30T00:00:00.000Z;sí;5;This is also good in red beers. Lots of spices and tang.
Zing Zang;3.91 in x 5.1 in x 11.12 in;Zing Zang Bloody Mary Mix, 32 fl oz;2016-06-07T00:00:00.000Z;sí;5;Have been using this for Bloody Mary's for years, best one we ever had. Could stand to lower the price a one dollar to match Sam's Club's price, Sam's was out of stock. Price is still a little lower than other retail stores in the area.
Zing Zang;3.91 in x 5.1 in x 11.12 in;Zing Zang Bloody Mary Mix, 32 fl oz;2016-06-18T00:00:00.000Z;sí;5;The best Bloody Mary mix ever!
Zing Zang;3.91 in x 5.1 in x 11.12 in;Zing Zang Bloody Mary Mix, 32 fl oz;2016-06-14T00:00:00.000Z;sí;5;This is the best
Zing Zang;3.91 in x 5.1 in x 11.12 in;Zing Zang Bloody Mary Mix, 32 fl oz;2016-05-12T00:00:00.000Z;sí;5;If you like a zingy Bloody Mary, this is the mix. No need to mess with any additional spices.
Zing Zang;3.91 in x 5.1 in x 11.12 in;Zing Zang Bloody Mary Mix, 32 fl oz;;TRUE;;We enjoy this mix more than any other.
Zing Zang;3.91 in x 5.1 in x 11.12 in;Zing Zang Bloody Mary Mix, 32 fl oz;;TRUE;;Delish
Zing Zang;3.91 in x 5.1 in x 11.12 in;Zing Zang Bloody Mary Mix, 32 fl oz;;TRUE;;The best Bloody Mary mix ever!
Zing Zang;3.91 in x 5.1 in x 11.12 in;Zing Zang Bloody Mary Mix, 32 fl oz;;TRUE;;I've tried several if not all Bloody Mary mixes as this is my drink of choice. Zing Zang is the absolute perfect blend of flavor and spices! Absolutely my favorite!!! Must try!
Zing Zang;3.91 in x 5.1 in x 11.12 in;Zing Zang Bloody Mary Mix, 32 fl oz;;TRUE;;This is also good in red beers. Lots of spices and tang.
Zing Zang;3.91 in x 5.1 in x 11.12 in;Zing Zang Bloody Mary Mix, 32 fl oz;;TRUE;;Has a small kick to it but very delicious
Zing Zang;3.91 in x 5.1 in x 11.12 in;Zing Zang Bloody Mary Mix, 32 fl oz;;TRUE;;Spicy, terrific Bloody Mary mix!
Zing Zang;3.91 in x 5.1 in x 11.12 in;Zing Zang Bloody Mary Mix, 32 fl oz;;TRUE;;This is the best
Zing Zang;3.91 in x 5.1 in x 11.12 in;Zing Zang Bloody Mary Mix, 32 fl oz;;TRUE;;My husband adds this to his beer instead of tomato juice.
Zing Zang;3.91 in x 5.1 in x 11.12 in;Zing Zang Bloody Mary Mix, 32 fl oz;;TRUE;;Have been using this for Bloody Mary's for years, best one we ever had. Could stand to lower the price a one dollar to match Sam's Club's price, Sam's was out of stock. Price is still a little lower than other retail stores in the area.
Zing Zang;3.91 in x 5.1 in x 11.12 in;Zing Zang Bloody Mary Mix, 32 fl oz;;TRUE;;Great product!
Zing Zang;3.91 in x 5.1 in x 11.12 in;Zing Zang Bloody Mary Mix, 32 fl oz;;TRUE;;One if the best most affordable mixes
Zing Zang;3.91 in x 5.1 in x 11.12 in;Zing Zang Bloody Mary Mix, 32 fl oz;;TRUE;;It is the best mixer ever . Good price too!
Zing Zang;3.91 in x 5.1 in x 11.12 in;Zing Zang Bloody Mary Mix, 32 fl oz;;TRUE;;If you like a zingy Bloody Mary, this is the mix. No need to mess with any additional spices.
Zing Zang;3.91 in x 5.1 in x 11.12 in;Zing Zang Bloody Mary Mix, 32 fl oz;;TRUE;;Zing zang is a great drink that I supplement my diet with when I'm craving spicy food. It has the perfect combination of tomato juice & spices that make each drink delicious!
Zing Zang;3.91 in x 5.1 in x 11.12 in;Zing Zang Bloody Mary Mix, 32 fl oz;;TRUE;;Good for those that love a spicy bloody Mary
Zing Zang;3.91 in x 5.1 in x 11.12 in;Zing Zang Bloody Mary Mix, 32 fl oz;;TRUE;;Great taste!
Zing Zang;3.91 in x 5.1 in x 11.12 in;Zing Zang Bloody Mary Mix, 32 fl oz;;TRUE;;great taste, makes a good mixer
Zing Zang;3.91 in x 5.1 in x 11.12 in;Zing Zang Bloody Mary Mix, 32 fl oz;;TRUE;;Very good mix, I would give it a five star except I like mine not quite as hot. Still very good and would buy again, needs to have a pinch less heat.If you like your drink just a little on the spicy side your sure to like this.
Zing Zang;3.91 in x 5.1 in x 11.12 in;Zing Zang Bloody Mary Mix, 32 fl oz;;TRUE;;Awesome
Solana Agave;;Solana Agave Blanco Tequila, 750 mL;2017-08-13T00:00:00.000Z;sí;5;I am a Cabo and Patron Anejo snob, who wouldn't drink Jose Quervo to save my own life. Jose Quervo is not tequila, but Solana Silver is! I wanted to try a silver, and picked this up on a gamble, at half the price of what I normally buy. 100 agava smooth tasted like tequila should!
Solana Agave;;Solana Agave Blanco Tequila, 750 mL;2017-08-18T00:00:00.000Z;sí;5;Solana Blanco is a very mild tasting tequila. If you see it on a Walmart shelf, grab it and try it. You will not be disappointed. It flies off the shelf at my store.
Crown Royal;;Crown Royal Maple Finish Whiskey, 750 mL;2016-04-24T00:00:00.000Z;sí;5;Maple crown is by far my favorite whiskey to date. It goes great with Coca Cola products. A must buy!!!
BELLA BOLLE;;Bella Bolle Bella Rosso Wine, 750 mL;2017-08-17T00:00:00.000Z;sí;5;Tastes like juice that makes you unwind. Perfect for that end of the day glass. I only wish it were easier to find. My local store is often out of stock.
Jim Beam;;Jim Beam Black Bourbon Whiskey, 50 mL;2017-08-06T00:00:00.000Z;sí;5;I'm a single malt Scotch guy. I generally have two fingers neat with a quality cigar about once a week. On a stressful day, I'll have a couple of beers or so after work before the family gets home. The trouble is the beer gut that comes with that trend. I was looking for something similar to my favorite Scotch, which is a little out of my budget to drink daily. Jim Beam Black is an awesome substitute with the rich white oak aroma and flavor. It isn't near as smooth as my favorite Scotch, but the flavor is on point. Thank you Jim Beam for putting this great whiskey out there at an affordable price. You've got a customer for life!
Jim Beam;;Jim Beam Black Bourbon Whiskey, 50 mL;2017-08-07T00:00:00.000Z;sí;5;Exceptionally good flavor!
Jim Beam;;Jim Beam Black Bourbon Whiskey, 50 mL;2017-07-27T00:00:00.000Z;sí;5;No matter where I go after years of various bourbon tastings....Jim Beam Black is head and shoulders above the rest no matter what the price tag!
Jim Beam;;Jim Beam Black Bourbon Whiskey, 50 mL;2017-07-24T00:00:00.000Z;sí;5;I'm personally a wild turkey drinker. But cudos to Jim beam for producing such a classy commercial. Got the right girl to be their spokesperson. Good job. Very classy.
Jim Beam;;Jim Beam Black Bourbon Whiskey, 50 mL;2017-07-24T00:00:00.000Z;sí;5;Seriously You ask what's great about it What isn't great about it
Jim Beam;;Jim Beam Black Bourbon Whiskey, 50 mL;2017-06-28T00:00:00.000Z;sí;5;No explanation necessary.
Jim Beam;;Jim Beam Black Bourbon Whiskey, 50 mL;2017-06-20T00:00:00.000Z;sí;5;I first started drinking Jim Bean when i went camping. I didnt want to carry the bear around so i tried jim bean. My first was Red Stag Cherry. Than i tried devils cut when i came home. I have been hooked ever since. I usually mix with coke or dr.pepper.
Jim Beam;;Jim Beam Black Bourbon Whiskey, 50 mL;2017-06-12T00:00:00.000Z;sí;5;This is the best bourbon under 50 you can buy. One of the smoothest bourbons I've tasted. I typically drink Woodford Reserve or Eagle Rare until I tried this. I buy a bottle every two weeks now.
Jim Beam;;Jim Beam Black Bourbon Whiskey, 50 mL;2017-06-08T00:00:00.000Z;sí;5;This is Beam at it's best very smooth.
Jim Beam;;Jim Beam Black Bourbon Whiskey, 50 mL;2017-05-27T00:00:00.000Z;sí;5;I tried JB Black for the first time tonight. It is so smooth. We made whiskey sours with it and they were awesome. Thanks Jim Beam for this awesome bourbon!!!
Jim Beam;;Jim Beam Black Bourbon Whiskey, 50 mL;2017-05-19T00:00:00.000Z;sí;5;I have been enjoying JB Black for the past three years. The has all the flavor os a higher proof, bur 86, I can have another without collapsing. Now it has disappeared from even the most extensive liquor stores in my area. What happened The double oaked is OK, but no match for the black. Where can I find it in Sonoma County, California
Jim Beam;;Jim Beam Black Bourbon Whiskey, 50 mL;2017-05-22T00:00:00.000Z;sí;5;I bought this in early December and it didn't make it to the new year... This one is Awesome, keep up the great work!
Jim Beam;;Jim Beam Black Bourbon Whiskey, 50 mL;2017-05-05T00:00:00.000Z;sí;5;Absolutely love, love, love it!!
Jamaican Country Style;;JCS Reggae Country Style Brand Ginger Beer Non-Alcoholic Soda, 12 fl oz;2011-08-22T00:00:00.000Z;sí;5;I really like this soda! It has a sweet, earthy apple flavor, and a bite that warms your tummy! I have already shared this with a friend, who also loved it. I would definitely buy this again, and probably will soon.
Jamaican Country Style;;JCS Reggae Country Style Brand Ginger Beer Non-Alcoholic Soda, 12 fl oz;2010-02-21T00:00:00.000Z;sí;5;it is a very good drink it has a marvolous taste and a very good value including that it is non alcoholic I recomend it to any one who wants to ahve a drink without the hangover and the risk of getting drunk
Carlo Rossi;;Carlo Rossi Sangria Wine, 3 L;2017-09-03T00:00:00.000Z;sí;5;Great for cooking
Zing Zang;;Zing Zang Bloody Mary Mix, 32 fl oz;2015-09-22T00:00:00.000Z;sí;5;Full of flavor spice....no need to add all of the extras(except vodka of course)
Zing Zang;;Zing Zang Bloody Mary Mix, 32 fl oz;2015-08-10T00:00:00.000Z;sí;5;This is by far the best bloody mary mix on the market.
Zing Zang;;Zing Zang Bloody Mary Mix, 32 fl oz;2017-02-02T00:00:00.000Z;sí;5;The only thing you will have to add is your preferred garnish...and lime if you like it. Tastes great w/o alcohol, just on the rocks too!
Zing Zang;;Zing Zang Bloody Mary Mix, 32 fl oz;2017-02-03T00:00:00.000Z;sí;5;Great mix Just the right amount of spice
Zing Zang;;Zing Zang Bloody Mary Mix, 32 fl oz;2017-01-09T00:00:00.000Z;sí;5;Not only is this item great for Bloody Mary's, but it's super for chili!
Zing Zang;;Zing Zang Bloody Mary Mix, 32 fl oz;2016-12-26T00:00:00.000Z;sí;5;Lots of great taste all in one mix
Zing Zang;;Zing Zang Bloody Mary Mix, 32 fl oz;2016-10-06T00:00:00.000Z;sí;5;I like the product because you can drink it straight for a refreshing drink over ice . since told about the product I have made several purchases and recommend this for a different drink of choice..
Zing Zang;;Zing Zang Bloody Mary Mix, 32 fl oz;2016-10-24T00:00:00.000Z;sí;5;Used at Birthday Party and everyone enjoyed it. Will purchase again
Zing Zang;;Zing Zang Bloody Mary Mix, 32 fl oz;2016-10-02T00:00:00.000Z;sí;5;Love the flavor and the spice. Great Bloody Mary's or Red Beer
Zing Zang;;Zing Zang Bloody Mary Mix, 32 fl oz;2016-09-30T00:00:00.000Z;sí;5;Great for Bloody Mary's or a dressed chelada!
Zing Zang;;Zing Zang Bloody Mary Mix, 32 fl oz;2016-09-22T00:00:00.000Z;sí;5;Love it,I do however wish they had it in individual servings
Zing Zang;;Zing Zang Bloody Mary Mix, 32 fl oz;2015-09-25T00:00:00.000Z;sí;4;No bitter after taste, just spicy enough, price was a good price
Zing Zang;;Zing Zang Bloody Mary Mix, 32 fl oz;2015-10-23T00:00:00.000Z;sí;5;Best Bloody Mary mix Ever!
Zing Zang;;Zing Zang Bloody Mary Mix, 32 fl oz;;TRUE;;Lots of great taste all in one mix
Zing Zang;;Zing Zang Bloody Mary Mix, 32 fl oz;;TRUE;;Not only is this item great for Bloody Mary's, but it's super for chili!
Zing Zang;;Zing Zang Bloody Mary Mix, 32 fl oz;;TRUE;;Best Bloody Mary mix Ever!
Zing Zang;;Zing Zang Bloody Mary Mix, 32 fl oz;;TRUE;;No bitter after taste, just spicy enough, price was a good price
Zing Zang;;Zing Zang Bloody Mary Mix, 32 fl oz;;TRUE;;Great for Bloody Mary's or a dressed chelada!
Zing Zang;;Zing Zang Bloody Mary Mix, 32 fl oz;;TRUE;;This is by far the best bloody mary mix on the market.
Zing Zang;;Zing Zang Bloody Mary Mix, 32 fl oz;;TRUE;;Love the flavor and the spice. Great Bloody Mary's or Red Beer
Zing Zang;;Zing Zang Bloody Mary Mix, 32 fl oz;;TRUE;;Love it,I do however wish they had it in individual servings
Zing Zang;;Zing Zang Bloody Mary Mix, 32 fl oz;;TRUE;;Full of flavor & spice....no need to add all of the extras(except vodka of course)
Zing Zang;;Zing Zang Bloody Mary Mix, 32 fl oz;;TRUE;;Used at Birthday Party and everyone enjoyed it. Will purchase again
Zing Zang;;Zing Zang Bloody Mary Mix, 32 fl oz;;TRUE;;I like the product because you can drink it straight for a refreshing drink over ice . since told about the product I have made several purchases and recommend this for a different drink of choice..
Stirrings;;Stirrings Cocktail Mixer, Peach Bellini, 750 mL;2017-05-18T00:00:00.000Z;sí;5;This is not an easy find, so glad Jet has it. This review was collected as part of a promotion.
Stirrings;;Stirrings Cocktail Mixer, Peach Bellini, 750 mL;2017-04-19T00:00:00.000Z;sí;5;Did not buy for any special occasion but great to have around to mix up when friends come by. This review was collected as part of a promotion.
Mr. & Mrs. T;;Mr _ Mrs T Original Bloody Mary Mix, 1.75 L;2016-07-22T00:00:00.000Z;sí;5;I really enjoy drinks made with Mr. Mrs. T. Sometimes I mix half Bloody Mary mix and either V8 or Clamto juice. Tastes great!
Mr. & Mrs. T;;Mr _ Mrs T Original Bloody Mary Mix, 1.75 L;2016-02-23T00:00:00.000Z;sí;5;Great product at a great price!
Mr. & Mrs. T;;Mr _ Mrs T Original Bloody Mary Mix, 1.75 L;2017-01-14T00:00:00.000Z;sí;5;No other brand comes close to the excellent taste.
Mr. & Mrs. T;;Mr _ Mrs T Original Bloody Mary Mix, 1.75 L;2017-03-12T00:00:00.000Z;no;1;Not very tasty at all.
Stirrings;;Stirrings Watermelon Mixer, 750 mL;2017-04-28T00:00:00.000Z;sí;5;This is great.
Mott's;4.645 in x 4.645 in x 9.78 in;Clamato Original Tomato Cocktail - 64 Fl Oz Bottle;2017-12-18T07:31:48.000Z;sí;5;I've been drinking this stuff since I was a little kid and I am in my 20's now! Clamato is delicious, very unique taste that I love. I can chug this stuff faster than water. I'd sponsor Clamato if I could. LOL
Mott's;4.645 in x 4.645 in x 9.78 in;Clamato Original Tomato Cocktail - 64 Fl Oz Bottle;2017-09-15T22:12:32.000Z;sí;4;What has to happened Clamato Over the past few months I have noticed a distinct difference in the taste of Clamato original. There seems to be less clam juice taste and more tomato and sweet taste. Is it just me or has anyone else noticed I want more clam.
Mott's;4.645 in x 4.645 in x 9.78 in;Clamato Original Tomato Cocktail - 64 Fl Oz Bottle;2017-07-12T14:53:01.000Z;sí;5;Hello I wanted to know if this drink has an expiration date because I dont see it . or how long can it last ecen when is not open and when it is
Mott's;4.645 in x 4.645 in x 9.78 in;Clamato Original Tomato Cocktail - 64 Fl Oz Bottle;2016-12-27T00:00:00.000Z;sí;5;It's tasty and with beer and vodka or by its self and drink it just about with every day
Mott's;4.645 in x 4.645 in x 9.78 in;Clamato Original Tomato Cocktail - 64 Fl Oz Bottle;2016-12-26T00:00:00.000Z;sí;5;I lke drink it ... a glass white lime and salt. Taste so good, and no more hangover.
Mott's;4.645 in x 4.645 in x 9.78 in;Clamato Original Tomato Cocktail - 64 Fl Oz Bottle;2016-12-27T00:00:00.000Z;sí;5;Love it! Recommend to all bloody drinkers. Tell everybody to try it.
Mott's;4.645 in x 4.645 in x 9.78 in;Clamato Original Tomato Cocktail - 64 Fl Oz Bottle;2016-12-27T00:00:00.000Z;sí;5;Dark ales (specially british) and Clamato. Picante or original.
Mott's;4.645 in x 4.645 in x 9.78 in;Clamato Original Tomato Cocktail - 64 Fl Oz Bottle;2016-12-20T00:00:00.000Z;sí;5;Mineral water (topo chico) with limn and salt and Clamato...best thing ever
Mott's;4.645 in x 4.645 in x 9.78 in;Clamato Original Tomato Cocktail - 64 Fl Oz Bottle;2016-12-18T00:00:00.000Z;sí;5;I've been drinking for over 20 years love this stuff and you can drink by itself
Mott's;4.645 in x 4.645 in x 9.78 in;Clamato Original Tomato Cocktail - 64 Fl Oz Bottle;2016-12-20T00:00:00.000Z;sí;5;Better flavor than V8, have a glass every morning for breakfast.
Mott's;4.645 in x 4.645 in x 9.78 in;Clamato Original Tomato Cocktail - 64 Fl Oz Bottle;2016-12-20T00:00:00.000Z;sí;5;Love to have 12once bud light with 4onces of Clamato
Mott's;4.645 in x 4.645 in x 9.78 in;Clamato Original Tomato Cocktail - 64 Fl Oz Bottle;2016-12-17T00:00:00.000Z;sí;5;My dad introduced me to this years ago when mixing up bloody Mary's
Mott's;4.645 in x 4.645 in x 9.78 in;Clamato Original Tomato Cocktail - 64 Fl Oz Bottle;2016-12-14T00:00:00.000Z;sí;5;As a bartender for 20 plus years clamato is still my favorite for bloody marys and red beer! yum
Mott's;4.645 in x 4.645 in x 9.78 in;Clamato Original Tomato Cocktail - 64 Fl Oz Bottle;2016-12-16T00:00:00.000Z;sí;5;Very good!!Refreshing and would highly recommend to friends and family.
Mott's;4.645 in x 4.645 in x 9.78 in;Clamato Original Tomato Cocktail - 64 Fl Oz Bottle;2016-12-15T00:00:00.000Z;sí;5;Had it as an appetizer 25 years ago and drank it ever since
Mott's;4.645 in x 4.645 in x 9.78 in;Clamato Original Tomato Cocktail - 64 Fl Oz Bottle;2016-11-17T00:00:00.000Z;sí;3;I simply love Clamato - its simply delicious. However, the sodium content is so high that I do not drink it at all anymore. If a low sodium version was made it would be the only product of this nature I would purchase.
Mott's;4.645 in x 4.645 in x 9.78 in;Clamato Original Tomato Cocktail - 64 Fl Oz Bottle;2016-10-19T00:00:00.000Z;no;2;this product as well as many others would be more appealing to me and others if the HFCS was replaced with cane sugar. You have a good product and there are ways to make it better. An increase in price would not deter me in the least. Look at the growth of the organic industry. Need I say more
Mott's;4.645 in x 4.645 in x 9.78 in;Clamato Original Tomato Cocktail - 64 Fl Oz Bottle;2014-06-17T00:00:00.000Z;sí;5;MY HUSBAND HAS BEEN DRINKING THIS FOR A FEW YEARS,HE DOES ENJOY IT.
Mott's;4.645 in x 4.645 in x 9.78 in;Clamato Original Tomato Cocktail - 64 Fl Oz Bottle;2016-11-18T00:00:00.000Z;sí;5;Way tastier than V8!
Mott's;4.645 in x 4.645 in x 9.78 in;Clamato Original Tomato Cocktail - 64 Fl Oz Bottle;2016-10-19T00:00:00.000Z;sí;5;Without a doubt, the only way to make an authentic michelada!
Mott's;4.645 in x 4.645 in x 9.78 in;Clamato Original Tomato Cocktail - 64 Fl Oz Bottle;2016-09-20T00:00:00.000Z;sí;5;I love this stuff it needs to be cheeper and not so much salt other then that i drink it like water lol its awesome stuff.
Mott's;4.645 in x 4.645 in x 9.78 in;Clamato Original Tomato Cocktail - 64 Fl Oz Bottle;2016-09-23T00:00:00.000Z;sí;5;The best mix I have ever used for Bloody Mary just need to spice it up a little with flavored vodka.
Mott's;4.645 in x 4.645 in x 9.78 in;Clamato Original Tomato Cocktail - 64 Fl Oz Bottle;2016-09-18T00:00:00.000Z;sí;5;Try it You will Love it.
Mott's;4.645 in x 4.645 in x 9.78 in;Clamato Original Tomato Cocktail - 64 Fl Oz Bottle;2017-01-03T00:00:00.000Z;sí;5;Lime juice, tapatio sauce,clamato juice and bud light!!
Mott's;4.645 in x 4.645 in x 9.78 in;Clamato Original Tomato Cocktail - 64 Fl Oz Bottle;2016-11-26T00:00:00.000Z;sí;5;Good stuff! Good by itself, anytime breakfast, ,,,,lunch and dinner!
Mott's;4.645 in x 4.645 in x 9.78 in;Clamato Original Tomato Cocktail - 64 Fl Oz Bottle;2017-07-12T00:00:00.000Z;sí;5;Hello I wanted to know if this drink has an expiration date because I dont see it . or how long can it last ecen when is not open and when it is
Mott's;4.645 in x 4.645 in x 9.78 in;Clamato Original Tomato Cocktail - 64 Fl Oz Bottle;2017-06-22T00:00:00.000Z;sí;5;Clamato almost seems like they are embarrassed this great Cocktail is seasoned with Clams (I wish there were more Clam Juice in it), as they never mention that part of the name sake. Be proud you created such an awesome drink and it is indeed seasoned with Clam Juice.....Put more in please!!
Mott's;4.645 in x 4.645 in x 9.78 in;Clamato Original Tomato Cocktail - 64 Fl Oz Bottle;2012-08-08T00:00:00.000Z;sí;5;I love this juice. It makes great red beers, bloody mary's, red bulls, etc. Plus it is great just by itself.
Mott's;4.645 in x 4.645 in x 9.78 in;Clamato Original Tomato Cocktail - 64 Fl Oz Bottle;2017-04-11T00:00:00.000Z;sí;5;I was shyed away at first from clamato. Strange enough, I love bloody Mary's and all I eat is seafood. So, one would think, clams and tomato juice wouldn't be a problem. WELL. I made my own bloody caesar with CLAMATO at home. A touch of cracked pepper, hot sauce, old bay seasoning. And it was FANTASTIC!
Mott's;4.645 in x 4.645 in x 9.78 in;Clamato Original Tomato Cocktail - 64 Fl Oz Bottle;2017-04-05T00:00:00.000Z;sí;5;This is a good price on this item. This review was collected as part of a promotion.
Mott's;4.645 in x 4.645 in x 9.78 in;Clamato Original Tomato Cocktail - 64 Fl Oz Bottle;2017-03-18T00:00:00.000Z;sí;5;Nice
Mott's;4.645 in x 4.645 in x 9.78 in;Clamato Original Tomato Cocktail - 64 Fl Oz Bottle;2014-03-03T00:00:00.000Z;sí;5;I use Clamato to make Bloody Mary's, 1/2 Clamato, 1/4 vodka, 1/4 ZingZang. Mix and enjoy!
Mott's;4.645 in x 4.645 in x 9.78 in;Clamato Original Tomato Cocktail - 64 Fl Oz Bottle;2013-07-23T00:00:00.000Z;sí;5;I bought this for my 20 year old grandson. He loves it and says it taste very good.
Mott's;4.645 in x 4.645 in x 9.78 in;Clamato Original Tomato Cocktail - 64 Fl Oz Bottle;2014-02-16T00:00:00.000Z;sí;5;I like this way better than tomato juice
Mott's;4.645 in x 4.645 in x 9.78 in;Clamato Original Tomato Cocktail - 64 Fl Oz Bottle;2017-02-20T00:00:00.000Z;sí;5;Packaging was awkward but understandable.
Mott's;4.645 in x 4.645 in x 9.78 in;Clamato Original Tomato Cocktail - 64 Fl Oz Bottle;2017-02-19T00:00:00.000Z;sí;5;Addictively tasty!
Mott's;4.645 in x 4.645 in x 9.78 in;Clamato Original Tomato Cocktail - 64 Fl Oz Bottle;2017-01-26T00:00:00.000Z;sí;5;I love this product as I have chronic kidney disease and it is allowed for me. I only wish that I could find a coupon for it like i do for V8 that isn't good for me
Mott's;4.645 in x 4.645 in x 9.78 in;Clamato Original Tomato Cocktail - 64 Fl Oz Bottle;2017-01-14T00:00:00.000Z;sí;5;I really like Clamato juice! I tried it because I thought that the savory notes of clam juice would be refreshing, and it really is the most delicious, refreshing, salty drink ever. I've made sure to always keep a bottle in the fridge.
Mott's;4.645 in x 4.645 in x 9.78 in;Clamato Original Tomato Cocktail - 64 Fl Oz Bottle;2017-01-26T00:00:00.000Z;sí;5;Very good!
Mott's;4.645 in x 4.645 in x 9.78 in;Clamato Original Tomato Cocktail - 64 Fl Oz Bottle;2017-01-03T00:00:00.000Z;sí;5;I fell in love with Clamato over 30 yrs ago. My mom drank it and so i was introduced to it at a young age. Now as an adult i absolutely love it alone or mixing it up for some micheladas with my pops! We always have at least 2 bottles in the fridge!
Mott's;4.645 in x 4.645 in x 9.78 in;Clamato Original Tomato Cocktail - 64 Fl Oz Bottle;2017-01-03T00:00:00.000Z;sí;5;I have been drinking Clamato for years and using it as a mixer for years. Nothing else compares. Bring back Beefmoto
Mott's;4.645 in x 4.645 in x 9.78 in;Clamato Original Tomato Cocktail - 64 Fl Oz Bottle;2016-12-23T00:00:00.000Z;sí;5;I have diabetes and Chronic Kidney Disease and I love Clamato Juice Cocktail and it is good for my kidney AND my diabetes. I have at least one glass a day.
Mott's;4.645 in x 4.645 in x 9.78 in;Clamato Original Tomato Cocktail - 64 Fl Oz Bottle;2017-01-02T00:00:00.000Z;sí;5;Very refreshing served iced cold.
Mott's;4.645 in x 4.645 in x 9.78 in;Clamato Original Tomato Cocktail - 64 Fl Oz Bottle;2016-01-06T00:00:00.000Z;sí;5;Best item I have ever purchased, hands down. So delicious, words can't do it justice. My favorite part is the clams, and also the tomato. How is it possible to unite two vastly different flavor a in such a harmonizing blend I don't know, but the result is beautiful and so delicious. I will definitely purchase again. Actually I am on the way right now. Walmart that is. To buy Clamato.
Mott's;4.645 in x 4.645 in x 9.78 in;Clamato Original Tomato Cocktail - 64 Fl Oz Bottle;2016-07-07T00:00:00.000Z;sí;5;Clamato does not have a distinct clam flavor it's refreshing and with a nice balance to the tomato and clam and lime and spices. It's a nice alternative to V8 or tomato juice and works well in a cocktail blend.
Mott's;4.645 in x 4.645 in x 9.78 in;Clamato Original Tomato Cocktail - 64 Fl Oz Bottle;2016-03-15T00:00:00.000Z;sí;5;This is my favorite beverage. Do not be afraid of the clam and tomato mix, it is fantastic. We drink a container per week. Some as Bloody Mary (Caesar). It has to be popular because Walmart is frequently sold out! I have tried the picante version, but the original is the best.
Mott's;4.645 in x 4.645 in x 9.78 in;Clamato Original Tomato Cocktail - 64 Fl Oz Bottle;2016-07-23T00:00:00.000Z;sí;5;Makes great bloody marys
Mott's;4.645 in x 4.645 in x 9.78 in;Clamato Original Tomato Cocktail - 64 Fl Oz Bottle;2016-05-12T00:00:00.000Z;sí;5;The Clamato Cocktail is the best juice i have tasted in a long time. I have a small glass with every dinner. Good flavor, Great Taste.
Mott's;4.645 in x 4.645 in x 9.78 in;Clamato Original Tomato Cocktail - 64 Fl Oz Bottle;2016-01-09T00:00:00.000Z;sí;5;This is the absolute best tomato juice to use in a Bloody Mary. Because it contains clam juice, the drink is called a clam digger. Buy this all the time. Mix it with vodka, Worcestershire sauce, lemon juice and hot sauce. Best drink.
Mott's;4.645 in x 4.645 in x 9.78 in;Clamato Original Tomato Cocktail - 64 Fl Oz Bottle;2015-01-15T00:00:00.000Z;sí;5;Being from Canada it so so good to see Motts Clamato juice was available at Walmart. We all know you can't make a Ceasar without it, There is a difference. A Ceasar is made with Clamato juice, a Bloody Mary is with tomato juice.
Mott's;4.645 in x 4.645 in x 9.78 in;Clamato Original Tomato Cocktail - 64 Fl Oz Bottle;2015-09-06T00:00:00.000Z;sí;5;I didnt like the idea of clam and tomato juice, but tried it anyway. I was pleasantly surprised with its refreshing taste. Whether it is served over ice, or as a part of a mixed drink, it is excellent.
Mott's;4.645 in x 4.645 in x 9.78 in;Clamato Original Tomato Cocktail - 64 Fl Oz Bottle;2016-03-28T00:00:00.000Z;sí;4;Is good by its self or added to your favorite hop beverage :)
Mott's;4.645 in x 4.645 in x 9.78 in;Clamato Original Tomato Cocktail - 64 Fl Oz Bottle;2016-03-17T00:00:00.000Z;sí;5;I only use Clamoto for my shrimp Cocteau's and drinks. Love the freshness
Mott's;4.645 in x 4.645 in x 9.78 in;Clamato Original Tomato Cocktail - 64 Fl Oz Bottle;2015-09-08T00:00:00.000Z;sí;5;I love Clamato. I can't have alcohol due to health issues, but I make a mean virgin drink. Add celery salt and a couple squeezes of lime juice. Stir with a celery stalk. Yum!!!
Mott's;4.645 in x 4.645 in x 9.78 in;Clamato Original Tomato Cocktail - 64 Fl Oz Bottle;2016-04-12T00:00:00.000Z;sí;5;Great value on this size bottle
Mott's;4.645 in x 4.645 in x 9.78 in;Clamato Original Tomato Cocktail - 64 Fl Oz Bottle;2016-03-28T00:00:00.000Z;sí;5;It's far from natural, ( clam powder). But delicious.
Mott's;4.645 in x 4.645 in x 9.78 in;Clamato Original Tomato Cocktail - 64 Fl Oz Bottle;2016-02-20T00:00:00.000Z;sí;4;This is good as drinking alone or mixing with your choice of other beverages.
Mott's;4.645 in x 4.645 in x 9.78 in;Clamato Original Tomato Cocktail - 64 Fl Oz Bottle;2015-11-28T00:00:00.000Z;sí;5;My husband loves to use this as an ingredient for Mexican shrimp cocktail it's delicious. He also enjoys to drink it alone.
Mott's;4.645 in x 4.645 in x 9.78 in;Clamato Original Tomato Cocktail - 64 Fl Oz Bottle;2016-03-08T00:00:00.000Z;sí;5;Love this stuff. Very tasty!
Mott's;4.645 in x 4.645 in x 9.78 in;Clamato Original Tomato Cocktail - 64 Fl Oz Bottle;2015-09-16T00:00:00.000Z;sí;5;Very smooth and light flavor was a hit the town at the end I love become the clam and tomato blend with in this product
Mott's;4.645 in x 4.645 in x 9.78 in;Clamato Original Tomato Cocktail - 64 Fl Oz Bottle;2014-06-06T00:00:00.000Z;sí;5;I have been a user of clamato for quite a while. I was glad to find I could order it from walmart online as it is not always available in our store.
Mott's;4.645 in x 4.645 in x 9.78 in;Clamato Original Tomato Cocktail - 64 Fl Oz Bottle;2015-11-11T00:00:00.000Z;sí;5;Excellent flavor - I drink it by itself, but mostly I use this to make my Bloody Mary's !!!
Mott's;4.645 in x 4.645 in x 9.78 in;Clamato Original Tomato Cocktail - 64 Fl Oz Bottle;2015-09-20T00:00:00.000Z;sí;5;I love to buy clamato at Walmart the price is very good and the product is good I buy it for my micheladas
Mott's;4.645 in x 4.645 in x 9.78 in;Clamato Original Tomato Cocktail - 64 Fl Oz Bottle;2017-06-22T02:13:44.000Z;sí;5;Clamato almost seems like they are embarrassed this great Cocktail is seasoned with Clams (I wish there were more Clam Juice in it), as they never mention that part of the name sake. Be proud you created such an awesome drink and it is indeed seasoned with Clam Juice.....Put more in please!!
Mott's;4.645 in x 4.645 in x 9.78 in;Clamato Original Tomato Cocktail - 64 Fl Oz Bottle;2013-07-06T00:00:00Z;;;I buy my mom the clamato juice she loves it . It makes her happy. I have never tried it maybe some day I will
Coco Real;2.4 in x 3.4 in x 6.55 in;Coco Real174 Cream Of Coconut Drink Mix - 21oz;2016-07-13T00:00:00.000Z;sí;5;This is great. We use cream of coconut often. We hate to have to buy cans that we can save after use. This coco real product allows to use the amount needed and save the rest. The taste of Coco Real is wonderful. We've used it for drinks and even on burgers. Never a complaint.
Peychauds;;Peychauds Aromatic Cocktail Bitters - 10 oz;2009-08-06T05:00:00Z;;;I love a good champagne cocktail and this brand of bitters is MUCH better than the bitters found at the grocery store.
Peychauds;;Peychauds Aromatic Cocktail Bitters - 10 oz;2014-08-07T05:00:00Z;;;Peychaud's is a great way to expand your bitters collection, especially if all you have is the classic Angostura.It's got some nice anise, cherry and other notes in there, and is perfect for a wide variety of cocktails. You can't always use it as a straight up exchange for Angostura, but a lot of times you can. It'll give your cocktail a whole different stir.But why stop at alcoholic drinks Use bitters in all kinds of beverages, both soft and hard.A few dashes of Peychaud's in your root beer or cola will transform it into something sublime. The usually muted vanilla and caramel aromatics will really burst forth.And the perfect hangover cure is lots of bitters and soda.Grab a bottle and don't let it get dusty on your shelf!
Peychauds;;Peychauds Aromatic Cocktail Bitters - 10 oz;2009-08-06T05:00:00Z;;;I love a good champagne cocktail and this brand of bitters is MUCH better than the bitters found at the grocery store.
Peychauds;;Peychauds Aromatic Cocktail Bitters - 10 oz;2010-11-21T06:00:00Z;;;I needed this to make my new favorite cocktail, (sazeracs) and it is a great product. Hard to find but leave it to Amazon to come through once again. The service and shipping was very fast also.
Peychauds;;Peychauds Aromatic Cocktail Bitters - 10 oz;;;;If you want to have a complete battery of bitters for mixing drinks at home or at a bar, you need:Orange BittersPeach BittersLemon BittersOld Fashioned (Angostura-type) BittersPeychaud's BittersJaegermeisterCampariUnicumYou can't get Peychaud's bitters anywhere else...nothing else compares. I think its one of the most versatile bitters there is. Is great as a digestif, too. I like it more than Underberg's as a digestif.
Peychauds;;Peychauds Aromatic Cocktail Bitters - 10 oz;2013-11-17T06:00:00Z;;;A must for a Sazerac.-3 oz rye whiskey-3/4 oz simple syrup-Peychaud bitters to taste-absinthe or absinthe substitute-Lemon twist for garnish
Peychauds;;Peychauds Aromatic Cocktail Bitters - 10 oz;;;;If you are looking for bitters for an old fashioned, manhattan, or any other drink that simply says bitters in the recipe, this is probably not what you want. Peychauds bitters taste very different than angostura bitters, as they have a character that tastes more like anise, absinthe, or black licorice. If that is indeed what you are looking for, for a drink such a sazerac, then you are in the right place. This bottle is 10oz, which is the larger size, and will indeed make many sazeracs.
Peychauds;;Peychauds Aromatic Cocktail Bitters - 10 oz;;;;Peychaud's Bitters is the defining ingredient in the classic New Orlean's cocktail known as the Sazerac, allegedly the first cocktail invented in the U.S., dating to the pre-Civil War period.As such, there's no substitute! It lends a mildly bitter taste and a sophisticated aroma to any beverage. In addition to mixing it for Sazeracs (check on line for various recipe versions), I add 7 - 10 drops to an iced glass of tonic or lemon-lime soda when I want a super-low-alcohol beverage with the taste of an alcohol cocktail. I find it soothes both the nerves and the digestive system.
Peychauds;;Peychauds Aromatic Cocktail Bitters - 10 oz;;;;This is just one of those things you need if you really want a complete bar. They do have a pretty interesting and distinct taste, but it doesn't show up as potently as some other bitters in drinks.I bought the 10oz because it was cheaper per ounce after shipping. Note that Fee and Angostura usually sell their products in 4oz size. I don't think either of those companies make a Peychauds substitute.So what calls for Peychauds bitters besides a Sazerac Well, a tequila/absinthe sazerac for one (thanks to Absinthe Cocktails by Kate Simon). I'll keep looking for other uses...
Peychauds;;Peychauds Aromatic Cocktail Bitters - 10 oz;;;;One doesn't need to travel to New Orleans for the perfect Sazarac. Make it with this ingredient, along with some good rye whiskey. This is also good in iced tea....mmmmm!
Peychauds;;Peychauds Aromatic Cocktail Bitters - 10 oz;2008-12-04T06:00:00Z;;;Adds a nice flavor to manhattans. Lots of flavor. I use Peychauds with other bitters in ice water for a great 0 calorie drink. Vary the amounts of each for a well rounded drink. Peychauds can be used alone because it has the high, medium and base flavor notes. Try it.
Peychauds;;Peychauds Aromatic Cocktail Bitters - 10 oz;2013-11-02T00:00:00Z;;;Good stuff, adds interest to many otherwise ordinary cocktails. I'm still experimenting with this one, but so far I've used it in many drink recipes it seems to go especially well with sweet drinks.
Peychauds;;Peychauds Aromatic Cocktail Bitters - 10 oz;2010-11-21T00:00:00Z;;;I needed this to make my new favorite cocktail, (sazeracs) and it is a great product. Hard to find but leave it to Amazon to come through once again. The service and shipping was very fast also.
Master of Mixes;8.25 in x 8.25 in x 6.00 in;Master of Mixes Big Bucket Strawberry Margarita Daiquiri Mixer, 96 fl oz;2016-05-24T00:00:00.000Z;sí;4;They were a big hit at my daughters wedding.
Master of Mixes;8.25 in x 8.25 in x 6.00 in;Master of Mixes Big Bucket Strawberry Margarita Daiquiri Mixer, 96 fl oz;2016-12-05T00:00:00.000Z;sí;5;I love this stuff! I add vodka and freeze, then scoop out and its a great slushi!
Master of Mixes;8.25 in x 8.25 in x 6.00 in;Master of Mixes Big Bucket Strawberry Margarita Daiquiri Mixer, 96 fl oz;2012-07-17T00:00:00.000Z;sí;3;The mix inside the container smells very similar to kool aid. It is a good sugary drink mix when access to a blender or the time to make a homemade product is unavailable. It's decent for the price though my guest seemed to like it. A word of caution before pouring anything into the bucket carefully inspect the bottom of the bucket and spout for damage. On one of these my bucket was uknowlingly damaged and I lost a substantial amount as my margarita dripped out into the freezer. - Cheers
Master of Mixes;8.25 in x 8.25 in x 6.00 in;Master of Mixes Big Bucket Strawberry Margarita Daiquiri Mixer, 96 fl oz;2014-03-13T00:00:00.000Z;sí;5;If you love frozen drinks this is easy preparation and great tasting. Not just for parties.
Master of Mixes;8.25 in x 8.25 in x 6.00 in;Master of Mixes Big Bucket Strawberry Margarita Daiquiri Mixer, 96 fl oz;2014-08-18T00:00:00.000Z;sí;4;We added Rum and this made a great refreshing dink to have my the pool
Master of Mixes;8.25 in x 8.25 in x 6.00 in;Master of Mixes Big Bucket Strawberry Margarita Daiquiri Mixer, 96 fl oz;2016-10-08T00:00:00.000Z;sí;5;Had to order online, not offered in store. Wish they had these in the store! Shipping was quick and prompt, showed up in store a day early. Perfect for game night, delicious! Easy to make.
Master of Mixes;8.25 in x 8.25 in x 6.00 in;Master of Mixes Big Bucket Strawberry Margarita Daiquiri Mixer, 96 fl oz;2016-10-19T00:00:00.000Z;sí;3;The taste is awesome.
Master of Mixes;8.25 in x 8.25 in x 6.00 in;Master of Mixes Big Bucket Strawberry Margarita Daiquiri Mixer, 96 fl oz;2015-06-09T00:00:00.000Z;sí;5;Excellent!
Master of Mixes;8.25 in x 8.25 in x 6.00 in;Master of Mixes Big Bucket Strawberry Margarita Daiquiri Mixer, 96 fl oz;2016-04-09T00:00:00.000Z;sí;5;This should be available in store.
Master of Mixes;8.25 in x 8.25 in x 6.00 in;Master of Mixes Big Bucket Strawberry Margarita Daiquiri Mixer, 96 fl oz;2013-08-05T00:00:00.000Z;sí;4;It was very similar to what I had gotten before at Xmas Tree shop so was happy with that. Same ease of mixing too. Same taste. But while waiting for it to be delivered I found it at Market Basket for less money plus I would have saved the shipping.
Master of Mixes;8.25 in x 8.25 in x 6.00 in;Master of Mixes Big Bucket Strawberry Margarita Daiquiri Mixer, 96 fl oz;2013-03-29T00:00:00.000Z;sí;5;This is the best Strawberry Margarita Daiquiri mix on the market. It's hard to find. It's a shame Walmart stopped carrying it in their stores.
Master of Mixes;8.25 in x 8.25 in x 6.00 in;Master of Mixes Big Bucket Strawberry Margarita Daiquiri Mixer, 96 fl oz;;TRUE;;I love this stuff! I add vodka and freeze, then scoop out and its a great slushi!
Master of Mixes;8.25 in x 8.25 in x 6.00 in;Master of Mixes Big Bucket Strawberry Margarita Daiquiri Mixer, 96 fl oz;;TRUE;;Had to order online, not offered in store. Wish they had these in the store! Shipping was quick and prompt, showed up in store a day early. Perfect for game night, delicious! ������ Easy to make.
Master of Mixes;8.25 in x 8.25 in x 6.00 in;Master of Mixes Big Bucket Strawberry Margarita Daiquiri Mixer, 96 fl oz;;TRUE;;This is the best Strawberry Margarita Daiquiri mix on the market. It's hard to find. It's a shame Walmart stopped carrying it in their stores.
Master of Mixes;8.25 in x 8.25 in x 6.00 in;Master of Mixes Big Bucket Strawberry Margarita Daiquiri Mixer, 96 fl oz;;TRUE;;We added Rum and this made a great refreshing dink to have my the pool
Master of Mixes;8.25 in x 8.25 in x 6.00 in;Master of Mixes Big Bucket Strawberry Margarita Daiquiri Mixer, 96 fl oz;;TRUE;;The taste is awesome.
Master of Mixes;8.25 in x 8.25 in x 6.00 in;Master of Mixes Big Bucket Strawberry Margarita Daiquiri Mixer, 96 fl oz;;TRUE;;Excellent!
Master of Mixes;8.25 in x 8.25 in x 6.00 in;Master of Mixes Big Bucket Strawberry Margarita Daiquiri Mixer, 96 fl oz;;TRUE;;If you love frozen drinks this is easy preparation and great tasting. Not just for parties.
Master of Mixes;8.25 in x 8.25 in x 6.00 in;Master of Mixes Big Bucket Strawberry Margarita Daiquiri Mixer, 96 fl oz;;TRUE;;It was very similar to what I had gotten before at Xmas Tree shop so was happy with that. Same ease of mixing too. Same taste. But while waiting for it to be delivered I found it at Market Basket for less money plus I would have saved the shipping.
Master of Mixes;8.25 in x 8.25 in x 6.00 in;Master of Mixes Big Bucket Strawberry Margarita Daiquiri Mixer, 96 fl oz;;TRUE;;They were a big hit at my daughters wedding.
Master of Mixes;8.25 in x 8.25 in x 6.00 in;Master of Mixes Big Bucket Strawberry Margarita Daiquiri Mixer, 96 fl oz;;TRUE;;"The mix inside the container smells very similar to kool aid. It is a good sugary drink mix when access to a blender or the time to make a homemade product is unavailable. It's decent for the price though; my guest seemed to like it. A word of caution before pouring anything into the bucket carefully inspect the bottom of the bucket and spout for damage. On one of these my bucket was uknowlingly damaged and I lost a substantial amount as my margarita dripped out into the freezer. - Cheers"
Master of Mixes;8.25 in x 8.25 in x 6.00 in;Master of Mixes Big Bucket Strawberry Margarita Daiquiri Mixer, 96 fl oz;;TRUE;;This should be available in store.
Mr. & Mrs. T;;Mr _ Mrs T Bold _ Spicy Bloody Mary Mix, 1.75 L;2015-11-16T00:00:00.000Z;sí;5;My husband says he loves the flavor.
Mr. & Mrs. T;;Mr _ Mrs T Bold _ Spicy Bloody Mary Mix, 1.75 L;2015-11-01T00:00:00.000Z;sí;5;Tastes delicious with or without vodka!
Mr. & Mrs. T;;Mr _ Mrs T Bold _ Spicy Bloody Mary Mix, 1.75 L;2015-09-04T00:00:00.000Z;sí;5;it is the best sence snappy tom.
Mr. & Mrs. T;;Mr _ Mrs T Bold _ Spicy Bloody Mary Mix, 1.75 L;2015-09-25T00:00:00.000Z;sí;5;God and tasty
Mr. & Mrs. T;;Mr _ Mrs T Bold _ Spicy Bloody Mary Mix, 1.75 L;2015-09-04T00:00:00.000Z;sí;5;Love the extra kick
Mr. & Mrs. T;;Mr _ Mrs T Bold _ Spicy Bloody Mary Mix, 1.75 L;2017-05-17T00:00:00.000Z;sí;5;I have been drinking it for quite awhile, like it better than hot V-8
Mr. & Mrs. T;;Mr _ Mrs T Bold _ Spicy Bloody Mary Mix, 1.75 L;2017-04-04T00:00:00.000Z;sí;5;Can't beat the deal! This review was collected as part of a promotion.
Mr. & Mrs. T;;Mr _ Mrs T Bold _ Spicy Bloody Mary Mix, 1.75 L;2016-11-06T00:00:00.000Z;sí;5;It's delicious I would highly recommend it
Mr. & Mrs. T;;Mr _ Mrs T Bold _ Spicy Bloody Mary Mix, 1.75 L;2016-10-21T00:00:00.000Z;sí;5;I use this for cooking. Just enough kick
Mr. & Mrs. T;;Mr _ Mrs T Bold _ Spicy Bloody Mary Mix, 1.75 L;2017-03-12T00:00:00.000Z;sí;5;Shipped well without spillage. Love this product in place of V-8...being from Louisiana, love the spicy!
Mr. & Mrs. T;;Mr _ Mrs T Bold _ Spicy Bloody Mary Mix, 1.75 L;2017-03-06T00:00:00.000Z;sí;5;Excellent-I biy it by the case every week
Mr. & Mrs. T;;Mr _ Mrs T Bold _ Spicy Bloody Mary Mix, 1.75 L;2016-03-08T00:00:00.000Z;sí;5;This is so nice having the Big Bottle of Bloody Mary Mix. Can't find this in the store most of the time and even when they carry the large bottle it is usually in the original flavor and not the spicy. Good deal compared to other places.
Mr. & Mrs. T;;Mr _ Mrs T Bold _ Spicy Bloody Mary Mix, 1.75 L;2015-09-07T00:00:00.000Z;sí;5;If you are looking for a spicy bloody mary this mix is great
Mr. & Mrs. T;;Mr _ Mrs T Bold _ Spicy Bloody Mary Mix, 1.75 L;2016-11-18T00:00:00.000Z;sí;4;I enjoyed the flavor.
Mr. & Mrs. T;;Mr _ Mrs T Bold _ Spicy Bloody Mary Mix, 1.75 L;2016-10-30T00:00:00.000Z;sí;5;We have tried several different Bloody Mary mixes and have found this one to be the one we like the best.
Mr. & Mrs. T;;Mr _ Mrs T Bold _ Spicy Bloody Mary Mix, 1.75 L;2016-10-11T00:00:00.000Z;sí;5;A friend told me about this product and I tried it and I loved it! I wish that I had knew about it sooner.
Mr. & Mrs. T;;Mr _ Mrs T Bold _ Spicy Bloody Mary Mix, 1.75 L;2016-10-29T00:00:00.000Z;sí;4;tasty
Mr. & Mrs. T;;Mr _ Mrs T Bold _ Spicy Bloody Mary Mix, 1.75 L;2016-07-30T00:00:00.000Z;sí;5;Excellent, thick and rich with just the right amount of kick! I always ordered this on the jets when I travelled!
Mr. & Mrs. T;;Mr _ Mrs T Bold _ Spicy Bloody Mary Mix, 1.75 L;2016-08-02T00:00:00.000Z;sí;5;It's really good. Right amputated of spice if you like spicey.
Mr. & Mrs. T;;Mr _ Mrs T Bold _ Spicy Bloody Mary Mix, 1.75 L;2016-07-22T00:00:00.000Z;sí;4;i LOVED IT, NOT TOO SPICY JUST ENOUGH KICK. WAY BETTER THAN THE ORIGINAL!
Mr. & Mrs. T;;Mr _ Mrs T Bold _ Spicy Bloody Mary Mix, 1.75 L;2016-06-27T00:00:00.000Z;sí;5;Not spicy at all but does the job.
Mr. & Mrs. T;;Mr _ Mrs T Bold _ Spicy Bloody Mary Mix, 1.75 L;2016-07-03T00:00:00.000Z;sí;4;By far the best mix for a good Bloody Mary .
Mr. & Mrs. T;;Mr _ Mrs T Bold _ Spicy Bloody Mary Mix, 1.75 L;2016-06-21T00:00:00.000Z;sí;5;I love the flavor
Mr. & Mrs. T;;Mr _ Mrs T Bold _ Spicy Bloody Mary Mix, 1.75 L;2016-04-12T00:00:00.000Z;no;1;This product did not have any flavor, it was very bland to call itself spicy.
Mr. & Mrs. T;;Mr _ Mrs T Bold _ Spicy Bloody Mary Mix, 1.75 L;2015-10-15T00:00:00.000Z;sí;4;I think they are putting too much sucrose in the mix. While good it would be better with less sweetness.
Mr. & Mrs. T;3.3 in x 3.3 in x 11.2 in;Mr _ Mrs T Strawberry Daiquiri Margarita Mix, 33.8 oz ();2014-09-20T00:00:00.000Z;sí;4;a well balanced and good tasting mix, I would recommend this mix
LA MARCA;;La Marca Prosecco Sparkling Wine, 750 mL;2017-05-30T00:00:00.000Z;sí;5;We love the smooth, bubbly taste. We drink it with orange juice for brunch every weekend. Without the OJ, it's just as delicious paired with seafood or a girls night out.
KNOB CREEK;;Knob Creek Kentucky Straight Bourbon Whiskey, 1.75 L;2017-08-04T00:00:00.000Z;sí;5;So good. I like the hotter bourbons, and at 120+, there is nothing better at this price point. This is like a Stagg Jr that you can actually find at retail price, or find at all. Underrated, and I just assume it stays that way.
KNOB CREEK;;Knob Creek Kentucky Straight Bourbon Whiskey, 1.75 L;2017-07-22T00:00:00.000Z;sí;4;I AM A SINGLE MALT SCOTCH AFICIANADO. RECENTLY I HAVE DECIDED TO EMBRACE MY AMERICAN HERITAGE BY TRYING BOURBONS. IN THE BACK OF MY MIND, I HAD THE SUSPICION, THAT SUCH NATIONALISTIC IDEALS ARE DOOMED TO FAIL BUT OH MY GOODNESS! THE KNOB CREEK KENTUCKY STRAIGHT IS EVERYTHING I HAVE DESIRED! RICH, MELLOW, FRUITY, AND SUFFICIENTLY HEAVY TO KEEP ME LIGHT.
KNOB CREEK;;Knob Creek Kentucky Straight Bourbon Whiskey, 1.75 L;2017-07-25T00:00:00.000Z;sí;5;Knob creek has become my go-to. mixed with ginger ale or straight, you can't go wrong with knob creek's kentucky straight bourbon whiskey.
KNOB CREEK;;Knob Creek Kentucky Straight Bourbon Whiskey, 1.75 L;2017-07-22T00:00:00.000Z;sí;5;one of my simple pleasures in life is a Knob Creek 100 proof on the rocks. it is fantastic.
KNOB CREEK;;Knob Creek Kentucky Straight Bourbon Whiskey, 1.75 L;2017-07-18T00:00:00.000Z;sí;5;I have loved it since the first time I tried it. However, in my country it's not sold. In a recent trip abroad, I finally found it and bought a bottle. Now I'm looking forward to share it with friends. Wonderful bourbon!
KNOB CREEK;;Knob Creek Kentucky Straight Bourbon Whiskey, 1.75 L;2017-07-06T00:00:00.000Z;sí;5;Straight or on ice, smooth and no bite.
KNOB CREEK;;Knob Creek Kentucky Straight Bourbon Whiskey, 1.75 L;2017-06-02T00:00:00.000Z;sí;5;From the first sniff in the glass to finally reaching my lips. Aaa+++ Bourbon!!!! Very happy with my purchase. I've already told my buddies to come by for a taste.
KNOB CREEK;;Knob Creek Kentucky Straight Bourbon Whiskey, 1.75 L;2017-06-03T00:00:00.000Z;sí;5;For 100 Proof, this bourbon is sweet and mellow. The slight burn at the finish reminds you that you are still alive.
KNOB CREEK;;Knob Creek Kentucky Straight Bourbon Whiskey, 1.75 L;2017-05-16T00:00:00.000Z;no;2;Previous bottles stated aged nine years. Last bottle purchased shows no age. Taste appeared a little harsher than previously.
KNOB CREEK;;Knob Creek Kentucky Straight Bourbon Whiskey, 1.75 L;2017-05-11T00:00:00.000Z;sí;5;This is a superb quality whiskey. My go to!
KNOB CREEK;;Knob Creek Kentucky Straight Bourbon Whiskey, 1.75 L;2017-03-06T00:00:00.000Z;sí;5;This is a go-to bourbon for me. A friend recommended the 9 year as a good, full bodied bourbon at a really good price...and needless to say...it didn't disappoint. I typically have either neat or at times over an (oversized) ice cube. Either way, I get really good, smooth flavors (somewhat woody, somewhat caramel-ly) and enjoy it on a regular basis. I consider this to be one the best Bourbons for a really good price.
KNOB CREEK;;Knob Creek Kentucky Straight Bourbon Whiskey, 1.75 L;2017-03-12T00:00:00.000Z;sí;5;A bright amber dram that is bold yet soft on the back of the tongue and lights a fire on the way down. The nose is a velvety riot of vanilla and caramel that finishes with a hint of sour mash. It is the kind of whiskey that a man would choose to enjoy after a hunt or after a wake to remember good times and good friends.
KNOB CREEK;;Knob Creek Kentucky Straight Bourbon Whiskey, 1.75 L;2017-03-10T00:00:00.000Z;sí;5;Wow! What a punch! Yet smooth enough to enjoy.
Admiral Nelson;;Admiral Nelson Spiced Rum, 1.75 L;2017-02-03T00:00:00.000Z;sí;4;This tastes great for the price and is as close to the captain as I have found.
Martini & Rossi;;Martini _ Rossi Asti Sparkling Wine, 750 mL;2017-01-13T00:00:00.000Z;sí;4;I bought 16 of these for a small wedding dinner. Went over well. This is a standard sweet sparkling Asti with consistent quality and reasonable price year after year.
Martini & Rossi;;Martini _ Rossi Asti Sparkling Wine, 750 mL;2017-01-07T00:00:00.000Z;sí;5;Good price and product
Bartles & Jaymes;;Bartles _ Jaymes Margarita Cocktail,  355 mlL;2017-08-22T00:00:00.000Z;sí;5;light crispy flavor, very refreshing add a little salt and it is perfect
boomchugalug;;Switchblade Jack Pumpkin Ale, Beer Making Ingredient Extract Kit;2015-03-04T00:00:00Z;sí;4;This tastes amazing, so far the best from Jasper's.The magic potion is just annoying to brew with. When you add it to the beer it turns into a mucusy substance and you need to strain it out which is really hard. Other than that it is great!
boomchugalug;;Switchblade Jack Pumpkin Ale, Beer Making Ingredient Extract Kit;;sí;5;I haven't had a chance to brew this beer, but everything about the process has been great so far. They are in state, so the package arrived timely and the protective shipping package was superb. The kit even has a funny coffee stain on it with a note basically saying they wont explain - but it's important. Funny detail, and gives me a sense of their personality. Also, due to this specific brew - you can probably expect your box to smell as absolutely jaw droppingly amazing as mine. Spice, malts, sweetness. Ughhhh. I keep opening and closing the box and sniffing the bags so much that my girlfriend is getting annoyed.The actual product itself is quite comprehensive - best kit I've purchased thus far. It comes with stickers for your bottle caps, (great idea guys!), was comparatively priced against competitors beers, a large bag of liquid malt, a smaller bag of dry malt, a can of pumpkin pie mix (debating tossing in another can on my own), brown sugar, a long vanilla bean stalk with a pouch of cinnamon, bittering hops, cheesecloth, priming sugar and dry yeast. Wow. Excellent care in their product for an absolutely appropriate price.I Cannot WAIT to brew this beer, and I absolutely anticipate doing a lot more business with Jaspers.
boomchugalug;;Switchblade Jack Pumpkin Ale, Beer Making Ingredient Extract Kit;2013-10-21T00:00:00Z;sí;5;My 3rd homebrew ever and a step up from my other kit beers. It smelled so amazing brewing and fermenting. Despite my rookie mistake by moving it to secondary fermentation after active fermentation was over it was a forgiving beer. Carbonation was slow but at 7 weeks it's maturing into a tasty, wickedly good beer. Mouth feel and foamy head throughout (yes I hear the snickers) but a fantastic beer. Will be brewing my next batch soon and just tried another Jasper's product Shut the Fck Up Amber - already in secondary fermentation - well played. Boomchugalug.
boomchugalug;;Switchblade Jack Pumpkin Ale, Beer Making Ingredient Extract Kit;2015-03-04T00:00:00Z;;;This tastes amazing, so far the best from Jasper's.The magic potion is just annoying to brew with. When you add it to the beer it turns into a mucusy substance and you need to strain it out which is really hard. Other than that it is great!
boomchugalug;;Switchblade Jack Pumpkin Ale, Beer Making Ingredient Extract Kit;;;;This is an extract kit. I don't recall seeing that anywhere in the description. Good beer though.
boomchugalug;;Switchblade Jack Pumpkin Ale, Beer Making Ingredient Extract Kit;;;;I haven't had a chance to brew this beer, but everything about the process has been great so far. They are in state, so the package arrived timely and the protective shipping package was superb. The kit even has a funny coffee stain on it with a note basically saying they wont explain - but it's important. Funny detail, and gives me a sense of their personality. Also, due to this specific brew - you can probably expect your box to smell as absolutely jaw droppingly amazing as mine. Spice, malts, sweetness. Ughhhh. I keep opening and closing the box and sniffing the bags so much that my girlfriend is getting annoyed.The actual product itself is quite comprehensive - best kit I've purchased thus far. It comes with stickers for your bottle caps, (great idea guys!), was comparatively priced against competitors beers, a large bag of liquid malt, a smaller bag of dry malt, a can of pumpkin pie mix (debating tossing in another can on my own), brown sugar, a long vanilla bean stalk with a pouch of cinnamon, bittering hops, cheesecloth, priming sugar and dry yeast. Wow. Excellent care in their product for an absolutely appropriate price.I Cannot WAIT to brew this beer, and I absolutely anticipate doing a lot more business with Jaspers.
boomchugalug;;Switchblade Jack Pumpkin Ale, Beer Making Ingredient Extract Kit;2014-03-03T00:00:00Z;sí;3;I bought two of these kits to make ten gallons. After 3 weeks in the 2- 5 gallon primary's I kegged 5 gallons. The instructions for the vodka, spices and vanilla bean slurry were vague as to when to make the potion and how to store it. I mixed mine on brew day and it sat in the fridge while the beer fermented. It turned into a snot ball. I sanitized a mason jar and took half the ten gallons worth of potion mixture and while I kegged I added some beer to the jar and shook it vigorously to break up the snot ball. It worked for the most part. The first 3 beers came out a bit chunky but it cleared up. The potion made the beer taste a bit like cider. It's got a very upfront pumkin spice kick with hints of cinnamon. I'm not a big fan of these prominent flavors so I bottled the second 5 gallons without the potion.Overall the kits good. The abv came out at about 6.9 after adding an extra pound of dextrose.I expect he bottles to be a bit more to my liking.
boomchugalug;;Switchblade Jack Pumpkin Ale, Beer Making Ingredient Extract Kit;2013-10-21T00:00:00Z;;;My 3rd homebrew ever and a step up from my other kit beers. It smelled so amazing brewing and fermenting. Despite my rookie mistake by moving it to secondary fermentation after active fermentation was over it was a forgiving beer. Carbonation was slow but at 7 weeks it's maturing into a tasty, wickedly good beer. Mouth feel and foamy head throughout (yes I hear the snickers) but a fantastic beer. Will be brewing my next batch soon and just tried another Jasper's product Shut the Fck Up Amber - already in secondary fermentation - well played. Boomchugalug.
boomchugalug;;Switchblade Jack Pumpkin Ale, Beer Making Ingredient Extract Kit;2014-03-03T00:00:00Z;;;I bought two of these kits to make ten gallons. After 3 weeks in the 2- 5 gallon primary's I kegged 5 gallons. The instructions for the vodka, spices and vanilla bean slurry were vague as to when to make the potion and how to store it. I mixed mine on brew day and it sat in the fridge while the beer fermented. It turned into a snot ball. I sanitized a mason jar and took half the ten gallons worth of potion mixture and while I kegged I added some beer to the jar and shook it vigorously to break up the snot ball. It worked for the most part. The first 3 beers came out a bit chunky but it cleared up. The potion made the beer taste a bit like cider. It's got a very upfront pumkin spice kick with hints of cinnamon. I'm not a big fan of these prominent flavors so I bottled the second 5 gallons without the potion.Overall the kits good. The abv came out at about 6.9 after adding an extra pound of dextrose.I expect he bottles to be a bit more to my liking.
boomchugalug;;Switchblade Jack Pumpkin Ale, Beer Making Ingredient Extract Kit;2013-10-21T00:00:00Z;;;My 3rd homebrew ever and a step up from my other kit beers. It smelled so amazing brewing and fermenting. Despite my rookie mistake by moving it to secondary fermentation after active fermentation was over it was a forgiving beer. Carbonation was slow but at 7 weeks it's maturing into a tasty, wickedly good beer. Mouth feel and foamy head throughout (yes I hear the snickers) but a fantastic beer. Will be brewing my next batch soon and just tried another Jasper's product Shut the Fck Up Amber - already in secondary fermentation - well played. Boomchugalug.
boomchugalug;;Switchblade Jack Pumpkin Ale, Beer Making Ingredient Extract Kit;;sí;3;This is an extract kit. I don't recall seeing that anywhere in the description. Good beer though.
boomchugalug;;Switchblade Jack Pumpkin Ale, Beer Making Ingredient Extract Kit;;;;I haven't had a chance to brew this beer, but everything about the process has been great so far. They are in state, so the package arrived timely and the protective shipping package was superb. The kit even has a funny coffee stain on it with a note basically saying they wont explain - but it's important. Funny detail, and gives me a sense of their personality. Also, due to this specific brew - you can probably expect your box to smell as absolutely jaw droppingly amazing as mine. Spice, malts, sweetness. Ughhhh. I keep opening and closing the box and sniffing the bags so much that my girlfriend is getting annoyed.The actual product itself is quite comprehensive - best kit I've purchased thus far. It comes with stickers for your bottle caps, (great idea guys!), was comparatively priced against competitors beers, a large bag of liquid malt, a smaller bag of dry malt, a can of pumpkin pie mix (debating tossing in another can on my own), brown sugar, a long vanilla bean stalk with a pouch of cinnamon, bittering hops, cheesecloth, priming sugar and dry yeast. Wow. Excellent care in their product for an absolutely appropriate price.I Cannot WAIT to brew this beer, and I absolutely anticipate doing a lot more business with Jaspers.
boomchugalug;;Switchblade Jack Pumpkin Ale, Beer Making Ingredient Extract Kit;;;;I haven't had a chance to brew this beer, but everything about the process has been great so far. They are in state, so the package arrived timely and the protective shipping package was superb. The kit even has a funny coffee stain on it with a note basically saying they wont explain - but it's important. Funny detail, and gives me a sense of their personality. Also, due to this specific brew - you can probably expect your box to smell as absolutely jaw droppingly amazing as mine. Spice, malts, sweetness. Ughhhh. I keep opening and closing the box and sniffing the bags so much that my girlfriend is getting annoyed.The actual product itself is quite comprehensive - best kit I've purchased thus far. It comes with stickers for your bottle caps, (great idea guys!), was comparatively priced against competitors beers, a large bag of liquid malt, a smaller bag of dry malt, a can of pumpkin pie mix (debating tossing in another can on my own), brown sugar, a long vanilla bean stalk with a pouch of cinnamon, bittering hops, cheesecloth, priming sugar and dry yeast. Wow. Excellent care in their product for an absolutely appropriate price.I Cannot WAIT to brew this beer, and I absolutely anticipate doing a lot more business with Jaspers.
boomchugalug;;Switchblade Jack Pumpkin Ale, Beer Making Ingredient Extract Kit;2013-10-21T00:00:00Z;;;My 3rd homebrew ever and a step up from my other kit beers. It smelled so amazing brewing and fermenting. Despite my rookie mistake by moving it to secondary fermentation after active fermentation was over it was a forgiving beer. Carbonation was slow but at 7 weeks it's maturing into a tasty, wickedly good beer. Mouth feel and foamy head throughout (yes I hear the snickers) but a fantastic beer. Will be brewing my next batch soon and just tried another Jasper's product Shut the Fck Up Amber - already in secondary fermentation - well played. Boomchugalug.
boomchugalug;;Switchblade Jack Pumpkin Ale, Beer Making Ingredient Extract Kit;2013-10-21T00:00:00Z;;;My 3rd homebrew ever and a step up from my other kit beers. It smelled so amazing brewing and fermenting. Despite my rookie mistake by moving it to secondary fermentation after active fermentation was over it was a forgiving beer. Carbonation was slow but at 7 weeks it's maturing into a tasty, wickedly good beer. Mouth feel and foamy head throughout (yes I hear the snickers) but a fantastic beer. Will be brewing my next batch soon and just tried another Jasper's product Shut the Fck Up Amber - already in secondary fermentation - well played. Boomchugalug.
boomchugalug;;Switchblade Jack Pumpkin Ale, Beer Making Ingredient Extract Kit;2013-09-14T05:00:00Z;;;This is a really well thought out beer kit. Good instructions and fresh quality components. A kit like this would cost a lot more from a competitor, and probably would have lesser quality components. I will purchase more kits from this seller.
boomchugalug;;Switchblade Jack Pumpkin Ale, Beer Making Ingredient Extract Kit;;;;This is a very good pumpkin ale. I just sampled it yesterday and was very nice.
Goya Food;4.951 in x 12.199 in x 5.319 in;Malta Goya Malt Beverage, 7 fl oz;2016-03-02T00:00:00.000Z;sí;4;This product always deliver quality and freshness as many other GOYA products. Grew up drinking several brands but goya delivers the best one. Deserve an excellent mark, but unfortunately the delivery process is slow at times and my last order still missing from my door front.
Goya Food;4.951 in x 12.199 in x 5.319 in;Malta Goya Malt Beverage, 7 fl oz;2016-06-21T00:00:00.000Z;sí;5;Sweet and tasty
Goya Food;4.951 in x 12.199 in x 5.319 in;Malta Goya Malt Beverage, 7 fl oz;2016-04-19T00:00:00.000Z;sí;4;Great product. Arrived with one broken, which made quite a big mess in the box.
Goya Food;4.951 in x 12.199 in x 5.319 in;Malta Goya Malt Beverage, 7 fl oz;2016-12-04T00:00:00.000Z;sí;5;I don't think this taste wonderful but I can chug it. It works great for women breastfeeding who want to increase their breast milk.
Goya Food;4.951 in x 12.199 in x 5.319 in;Malta Goya Malt Beverage, 7 fl oz;2016-12-08T00:00:00.000Z;sí;5;Can't beat the price!! Very happy!!
Goya Food;4.951 in x 12.199 in x 5.319 in;Malta Goya Malt Beverage, 7 fl oz;2016-10-12T00:00:00.000Z;sí;5;It's a good product.
Goya Food;4.951 in x 12.199 in x 5.319 in;Malta Goya Malt Beverage, 7 fl oz;2016-07-01T00:00:00.000Z;sí;5;Always a classic! Never disappoints. Never had another sugar cane drink as good as this one, but then again, it is Goya so you know it's good!
Goya Food;4.951 in x 12.199 in x 5.319 in;Malta Goya Malt Beverage, 7 fl oz;2016-07-26T00:00:00.000Z;sí;5;This beverage is really good for anyone who wants to remember Puerto RIco.
Goya Food;4.951 in x 12.199 in x 5.319 in;Malta Goya Malt Beverage, 7 fl oz;2016-07-18T00:00:00.000Z;sí;5;I'm from PR and puertoricans love Malta. It is really good that walmart bring our products.
Goya Food;4.951 in x 12.199 in x 5.319 in;Malta Goya Malt Beverage, 7 fl oz;;TRUE;;I don't think this taste wonderful but I can chug it. It works great for women breastfeeding who want to increase their breast milk.
Goya Food;4.951 in x 12.199 in x 5.319 in;Malta Goya Malt Beverage, 7 fl oz;;TRUE;;Always a classic! Never disappoints. Never had another sugar cane drink as good as this one, but then again, it is Goya so you know it's good!
Goya Food;4.951 in x 12.199 in x 5.319 in;Malta Goya Malt Beverage, 7 fl oz;;TRUE;;Great product. Arrived with one broken, which made quite a big mess in the box.
Goya Food;4.951 in x 12.199 in x 5.319 in;Malta Goya Malt Beverage, 7 fl oz;;TRUE;;Sweet and tasty
Goya Food;4.951 in x 12.199 in x 5.319 in;Malta Goya Malt Beverage, 7 fl oz;;TRUE;;It's a good product.
Goya Food;4.951 in x 12.199 in x 5.319 in;Malta Goya Malt Beverage, 7 fl oz;;TRUE;;This product always deliver quality and freshness as many other GOYA products. Grew up drinking several brands but goya delivers the best one. Deserve an excellent mark, but unfortunately the delivery process is slow at times and my last order still missing from my door front.
Goya Food;4.951 in x 12.199 in x 5.319 in;Malta Goya Malt Beverage, 7 fl oz;;TRUE;;I'm from PR and puertoricans love Malta. It is really good that walmart bring our products.
Goya Food;4.951 in x 12.199 in x 5.319 in;Malta Goya Malt Beverage, 7 fl oz;;TRUE;;This beverage is really good for anyone who wants to remember Puerto RIco.
Goya Food;4.951 in x 12.199 in x 5.319 in;Malta Goya Malt Beverage, 7 fl oz;;TRUE;;Can't beat the price!! Very happy!!
CHEF'S FINEST;;Chef's Finest Tri-Color Tortilla Strips, 4 oz;2015-10-17T00:00:00.000Z;sí;5;These Tortilla Strips have a great flavor and pare well with salads and soups. I enjoy the added flavor to any type of salad! They are so good in a bowl of soup and remain crispy longer than you woukd expect!
CHEF'S FINEST;;Chef's Finest Tri-Color Tortilla Strips, 4 oz;2015-11-23T00:00:00.000Z;sí;3;I have had better strips. When I opened package found them slightly stale... Sure enough check the expire date Oct 2015. Well shoot, bought in Oct. I should have known better. Used them in soup and tossed the rest.
CHEF'S FINEST;;Chef's Finest Tri-Color Tortilla Strips, 4 oz;2016-02-14T00:00:00.000Z;sí;5;These tortilla chips are not only good, they are attractive and appealing looking on a salad.
Sauza;;Hornitos Reposado Tequila, 1.0 L;2017-02-19T00:00:00.000Z;sí;5;Perfect sipping tequila ... chilled and neat !
Sauza;;Hornitos Reposado Tequila, 1.0 L;2017-01-07T00:00:00.000Z;sí;5;My buddy ordered some shots of this stuff during a horns game. Frankly when it comes to tequila, I usually brace myself for a rough shot. Maybe I'm drinking the wrong stuff, because this was really easy to put back. No lingering aftertaste. Reasonably priced. Good value tequila if you're looking.
Sauza;;Hornitos Reposado Tequila, 1.0 L;2017-01-28T00:00:00.000Z;sí;5;Straight over ice.
Jim Beam Black;;Jim Beam Black Bourbon Whiskey, 1.0 L;2017-08-06T00:00:00.000Z;sí;5;I'm a single malt Scotch guy. I generally have two fingers neat with a quality cigar about once a week. On a stressful day, I'll have a couple of beers or so after work before the family gets home. The trouble is the beer gut that comes with that trend. I was looking for something similar to my favorite Scotch, which is a little out of my budget to drink daily. Jim Beam Black is an awesome substitute with the rich white oak aroma and flavor. It isn't near as smooth as my favorite Scotch, but the flavor is on point. Thank you Jim Beam for putting this great whiskey out there at an affordable price. You've got a customer for life!
Jim Beam Black;;Jim Beam Black Bourbon Whiskey, 1.0 L;2017-08-07T00:00:00.000Z;sí;5;Exceptionally good flavor!
Jim Beam Black;;Jim Beam Black Bourbon Whiskey, 1.0 L;2017-07-27T00:00:00.000Z;sí;5;No matter where I go after years of various bourbon tastings....Jim Beam Black is head and shoulders above the rest no matter what the price tag!
Jim Beam Black;;Jim Beam Black Bourbon Whiskey, 1.0 L;2017-07-24T00:00:00.000Z;sí;5;I'm personally a wild turkey drinker. But cudos to Jim beam for producing such a classy commercial. Got the right girl to be their spokesperson. Good job. Very classy.
Jim Beam Black;;Jim Beam Black Bourbon Whiskey, 1.0 L;2017-07-24T00:00:00.000Z;sí;5;Seriously You ask what's great about it What isn't great about it
Jim Beam Black;;Jim Beam Black Bourbon Whiskey, 1.0 L;2017-06-28T00:00:00.000Z;sí;5;No explanation necessary.
Jim Beam Black;;Jim Beam Black Bourbon Whiskey, 1.0 L;2017-06-20T00:00:00.000Z;sí;5;I first started drinking Jim Bean when i went camping. I didnt want to carry the bear around so i tried jim bean. My first was Red Stag Cherry. Than i tried devils cut when i came home. I have been hooked ever since. I usually mix with coke or dr.pepper.
Jim Beam Black;;Jim Beam Black Bourbon Whiskey, 1.0 L;2017-06-12T00:00:00.000Z;sí;5;This is the best bourbon under 50 you can buy. One of the smoothest bourbons I've tasted. I typically drink Woodford Reserve or Eagle Rare until I tried this. I buy a bottle every two weeks now.
Jim Beam Black;;Jim Beam Black Bourbon Whiskey, 1.0 L;2017-06-08T00:00:00.000Z;sí;5;This is Beam at it's best very smooth.
Jim Beam Black;;Jim Beam Black Bourbon Whiskey, 1.0 L;2017-05-27T00:00:00.000Z;sí;5;I tried JB Black for the first time tonight. It is so smooth. We made whiskey sours with it and they were awesome. Thanks Jim Beam for this awesome bourbon!!!
Jim Beam Black;;Jim Beam Black Bourbon Whiskey, 1.0 L;2017-05-19T00:00:00.000Z;sí;5;I have been enjoying JB Black for the past three years. The has all the flavor os a higher proof, bur 86, I can have another without collapsing. Now it has disappeared from even the most extensive liquor stores in my area. What happened The double oaked is OK, but no match for the black. Where can I find it in Sonoma County, California
Jim Beam Black;;Jim Beam Black Bourbon Whiskey, 1.0 L;2017-05-22T00:00:00.000Z;sí;5;I bought this in early December and it didn't make it to the new year... This one is Awesome, keep up the great work!
Jim Beam Black;;Jim Beam Black Bourbon Whiskey, 1.0 L;2017-05-05T00:00:00.000Z;sí;5;Absolutely love, love, love it!!
Gerrit Verburg;;Gerrit Verburg Wine Gums, (6.6 Pounds);2014-08-23T05:00:00Z;;;We have ordered these several times. But this will be the LAST time. The NEW RECIPE sucks they have very little to no flavor.
Gerrit Verburg;;Gerrit Verburg Wine Gums, (6.6 Pounds);2014-05-18T05:00:00Z;;;Been hearing about this but never tried until I saw this in amazon and have a taste of it. Taste is subtle not as sweet.. If you like gummie candy this is worth a try. I will purchase these again
Gerrit Verburg;;Gerrit Verburg Wine Gums, (6.6 Pounds);2014-07-11T05:00:00Z;;;Yummy
Gerrit Verburg;;Gerrit Verburg Wine Gums, (6.6 Pounds);2014-05-08T05:00:00Z;;;first time i ordered these and they are simply put...absolutly fantastic.. if you want a gummy with tang these are those. i have already ordered again as Pooi write this .the flavor is just yummy.
Gerrit Verburg;;Gerrit Verburg Wine Gums, (6.6 Pounds);2013-11-18T06:00:00Z;;;These are awesome. Better texture than gummies.Taste is subtle not as sweet.. If you like gummie candy this is worth a try.
Gerrit Verburg;;Gerrit Verburg Wine Gums, (6.6 Pounds);2014-06-12T05:00:00Z;;;I've eaten far too many already...these taste fruity, several fruit flavors, as good or better than any wine gums I had before. Highly recommend
Gerrit Verburg;;Gerrit Verburg Wine Gums, (6.6 Pounds);2014-07-11T05:00:00Z;;;Yummy!
Gerrit Verburg;;Gerrit Verburg Wine Gums, (6.6 Pounds);2014-05-18T05:00:00Z;;;Been hearing about this but never tried until I saw this in amazon and have a taste of it. Taste is subtle not as sweet.. If you like gummie candy this is worth a try. I will purchase these again!
Gerrit Verburg;;Gerrit Verburg Wine Gums, (6.6 Pounds);;;;These traditional winegums are soft, gummy drops that are similar to but chewier than jujubes. Each piece is imprinted with the name of a type of alcohol such as Port, Rum, Gin, Cider, and Cognac. However, the candies are entirely non-alcoholic, and the flavors are actually lemon, apple, orange, raspberry, and black currant. The overall taste is pleasantly tart.
Gerrit Verburg;;Gerrit Verburg Wine Gums, (6.6 Pounds);2014-03-28T05:00:00Z;;;As far as gummy candy, these are fine. They have a good fruity flavor and good texture. As far as tasting like traditional 'wine gums', not so much.
Gerrit Verburg;;Gerrit Verburg Wine Gums, (6.6 Pounds);;;;I, too, was disappointed. I have been a consistent purchaser (by subscription, every 4 months) and these last order that came 2 weeks ago was different than all purchased previously - less sweet (they had been perfect) and harder texture which produced an overall less pleasing experience. Have no idea why they would change a formula that was close to perfect
Gerrit Verburg;;Gerrit Verburg Wine Gums, (6.6 Pounds);2014-12-16T06:00:00Z;;;I have ordered Gustav's wine gums many times from amazon and always been delighted with the product. Well imagine my surprise when I recently opened my latest order to discover a new formula product that bears no resemblance to the old. The wine gums are smaller, harder, much paler in color, and all colors have this same wretchedly super-sweet after-taste that just keeps on giving me something that I definitely do not want.Why has Gustav begun shipping a different product with no advance notice to its loyal customers Well this is one former customer who is definitely no longer loyal! I'm stuck with 6.6kg. of these things and I'm seriously tempted to throw them in the garbage.Smarten up, Gustav's! Refund my money for this inferior garbage, or ship me what I ordered - the original product. I don't want this crap. And I'm betting nobody else does either.
Canada Dry;3.5 in x 3.5 in x 10.5 in;Canada Dry Ginger Ale - 1 L Bottle;2017-08-14T18:37:33.000Z;no;1;They don't state on the label how much ginger is in their ginger ale. I am to deduce that there isn't any, since they won't list it on the ingredients label.
Canada Dry;3.5 in x 3.5 in x 10.5 in;Canada Dry Ginger Ale - 1 L Bottle;2017-07-20T17:25:12.000Z;sí;5;I bought the 7 oz cans to keep in refrigerator for nausea. It workes miracles and what a perfect size.
Canada Dry;3.5 in x 3.5 in x 10.5 in;Canada Dry Ginger Ale - 1 L Bottle;2017-04-17T15:51:23.000Z;no;2;Love Canada Dry until about a month ago..every carton I've purchased has been flat..no fizz..and just bad tasting..I've used Canada Dry for years so certainly know good from bad. Has there been a change cause they surely don't taste good.
Canada Dry;3.5 in x 3.5 in x 10.5 in;Canada Dry Ginger Ale - 1 L Bottle;;TRUE;;I love your product! I don't drink pop (soda) but I drink your ginger ale for tummy upsets. I tried the cranberry one last night and loved the flavor!
Canada Dry;3.5 in x 3.5 in x 10.5 in;Canada Dry Ginger Ale - 1 L Bottle;;TRUE;;Refreshing, great taste, no artificial sweeteners.
Canada Dry;3.5 in x 3.5 in x 10.5 in;Canada Dry Ginger Ale - 1 L Bottle;;TRUE;;We've enjoyed your products over the years. Having experienced some minor problems with an upset stomach recently, I was happy to have some on hand. For me, it's the perfect pick me up for those times you're feeling a little under
Canada Dry;3.5 in x 3.5 in x 10.5 in;Canada Dry Ginger Ale - 1 L Bottle;;TRUE;;I have had Stage 4 Kidney Cancer for over 8 years and just discovered the delights of your bevarage last year and how it can stop nausea instantly!! It is also a refreshing change in summer from a cola!
Canada Dry;3.5 in x 3.5 in x 10.5 in;Canada Dry Ginger Ale - 1 L Bottle;;TRUE;;Always the best by far, great taste. I have loved it since I was a kid
Canada Dry;3.5 in x 3.5 in x 10.5 in;Canada Dry Ginger Ale - 1 L Bottle;;TRUE;;Alone or with vokda. Also, a lot of people aren't aware it settles upset tummies because of the ginger quicker than the old standard cola and crackers!!!! I've turned several people onto Canada Dry for both reasons!!
Canada Dry;3.5 in x 3.5 in x 10.5 in;Canada Dry Ginger Ale - 1 L Bottle;;TRUE;;Been making ice cream sodas for my family for 50 years!
Canada Dry;3.5 in x 3.5 in x 10.5 in;Canada Dry Ginger Ale - 1 L Bottle;;TRUE;;Not too sweet like some other drinks. Just refreshing!!!
Canada Dry;3.5 in x 3.5 in x 10.5 in;Canada Dry Ginger Ale - 1 L Bottle;;TRUE;;I absolutely love Canada Dry Ginger Ale..this is the only Ginger Ale that I will drink and have drank for the past 25 years..I have BAD acid reflux and have been hospitalized several times with this and them thinking I was having a heart attack..well every time they say its acid reflux..the last time I was in the hospital I asked for Ginger Ale and they said -you can't have anything with caffine and I said Canada Dry Ginger Ale has NO caffine..they said oh-we thought all soda had caffine...and I said Canada Dry is not just any soda-its Canada Dry! I got my Ginger Ale! It is the only drink we have in our house!
Canada Dry;3.5 in x 3.5 in x 10.5 in;Canada Dry Ginger Ale - 1 L Bottle;;TRUE;;It's my favorite soda! It is great for preventing sea sickness too. I'm a scuba diver and it's the only thing I will drink on a dive boat. I prefer the plastic bottles and they are hard to find.
Canada Dry;3.5 in x 3.5 in x 10.5 in;Canada Dry Ginger Ale - 1 L Bottle;;TRUE;;Speed up my epiglotttis to rush my food to my esophagus where they fall in love in my stomach and make happy and relaxed.
Canada Dry;3.5 in x 3.5 in x 10.5 in;Canada Dry Ginger Ale - 1 L Bottle;;TRUE;;I. Have a condition that causes daily nausea Nothing calms it better than a few sips of ice cold CD Ginger Ale. Perform S better than all other brands and the 2 prescription medications I havePTL even got a local store Harvey's Supermarket ,,(Manager Irvin and Robin the Vendor. )on Edgewood Ave to order 3 cases a month of the 8 oxen Ounce bottles. Best store manager in town. Kudos to him Both of themPS...I was married on January 1, 1974 the age of 16. Our toast was Ginger Ale, although we are divorced now I along with my children and grandchildren still toast the new year xwith gingeale
Canada Dry;3.5 in x 3.5 in x 10.5 in;Canada Dry Ginger Ale - 1 L Bottle;;TRUE;;I love this. I made green punch last year for my niece's wedding reception with Lime Kool-Aid, pineapple juice and Canada Dry Ginger Ale. I've been drinking CD Ginger Ale ever since.
Canada Dry;3.5 in x 3.5 in x 10.5 in;Canada Dry Ginger Ale - 1 L Bottle;;TRUE;;I buy it in 2 liter , cases or single can or bottles. When I open a single can I drink it so fast while eating my lunch or dinner. I purchased 4 cases for Christmas dinner an they were gone before the Coke and Pepsi drinks.We love it!!!!
Canada Dry;3.5 in x 3.5 in x 10.5 in;Canada Dry Ginger Ale - 1 L Bottle;;TRUE;;A year ago, as I was experiencing stomach problems, a friend suggested drinking Ginger Ale for the real ginger in it and its medicinal properties. I started doing so and although I no longer experience the stomach problems, Canada Dry Ginger Ale has become my go to beverage. I find myself being disappointed when I'm in a food establishment that doesn't serve it.
Canada Dry;3.5 in x 3.5 in x 10.5 in;Canada Dry Ginger Ale - 1 L Bottle;;TRUE;;I am always sick after i have surgery . Was told to drink alot of ginger ale before i had it done and it really helped alot.love it
Canada Dry;3.5 in x 3.5 in x 10.5 in;Canada Dry Ginger Ale - 1 L Bottle;;TRUE;;I was raised on Canada Dry Ginger Ale. I didn't know anything about Coke/Pepsi in the 1950's. Still love the flavor!
Canada Dry;3.5 in x 3.5 in x 10.5 in;Canada Dry Ginger Ale - 1 L Bottle;;TRUE;;This is the only soda I drink ! I love it because it is refreshing and helps my stomach !
Canada Dry;3.5 in x 3.5 in x 10.5 in;Canada Dry Ginger Ale - 1 L Bottle;;TRUE;;Have been a long time purchaser,preferred brand over all others.
Canada Dry;3.5 in x 3.5 in x 10.5 in;Canada Dry Ginger Ale - 1 L Bottle;;TRUE;;I have always used Canada Dry when I have an upset
Mr. Brown;2.50 in x 2.50 in x 3.60 in;Mr. Brown Iced Coffee 8.12 fl. oz.;2017-04-08T00:00:00.000Z;sí;5;Good coffee (medium roast) - with natural ingredients. Ingredients: water-coffee extract-sugar-milk powder-soy lecithin (emulsifier)
Cole's;4.94 in x 7.0 in x 3.25 in;Cole's Cheese Sticks With Mozzarella 11.5 Oz;;;;These are so yummy! They are great with pasta! I also like them with soup kinda like a grilled cheese but less mess and work. I would recommend under cooking just slightly so they are soft and cheesy
Cole's;4.94 in x 7.0 in x 3.25 in;Cole's Cheese Sticks With Mozzarella 11.5 Oz;;;;Brushed with Olive Oil lightly, good as Pizziaria stores
Cole's;4.94 in x 7.0 in x 3.25 in;Cole's Cheese Sticks With Mozzarella 11.5 Oz;;;;Give thm actry you won't be disappointed
Cole's;4.94 in x 7.0 in x 3.25 in;Cole's Cheese Sticks With Mozzarella 11.5 Oz;;;;My family loved these cheesy bread sticks however kind of disappointed there weren't many in the box, I have a family of five and everyone was wanting more of these will have to buy an extra box next time
Cole's;4.94 in x 7.0 in x 3.25 in;Cole's Cheese Sticks With Mozzarella 11.5 Oz;;;;The stick is soft and not too garlicky, the cheese is a good flavored mozzarella they are over all fantastic!
Cole's;4.94 in x 7.0 in x 3.25 in;Cole's Cheese Sticks With Mozzarella 11.5 Oz;;;;The bread sticks are awsome but there is only 5 in the package. I wouldn't buy it again only because there isn't enough for the cost
Cole's;4.94 in x 7.0 in x 3.25 in;Cole's Cheese Sticks With Mozzarella 11.5 Oz;;;;These are delicious and extremely easy to prepare - just pop them in the oven! The only complaint I have is that there are only five in the box. I wish I could get a box of ten, because we eat these a couple of times a week and the boxes take up lots of room in the freezer. Otherwise, these are delicious!
MODERN COCKTAIL;;Modern Cocktail Modern Martinis, 11.8 Oz ();2015-07-08T00:00:00Z;;;Great and convenient
MODERN COCKTAIL;;Modern Cocktail Modern Martinis, 11.8 Oz ();;;;Great item. I used mine in a gift basket. Just added to some glasses and a martini shaker. Great gift!
MODERN COCKTAIL;;Modern Cocktail Modern Martinis, 11.8 Oz ();2015-01-13T00:00:00Z;;;Cool idea for a party.
MODERN COCKTAIL;;Modern Cocktail Modern Martinis, 11.8 Oz ();2014-07-21T00:00:00Z;;;Love it and the seller are the most wonderful understanding people .When the order was a little messed up they wasted no time in getting all correct items to me.Thank You very much for all that you have done and also the drinks were great. LOLLAPALOOZA
MODERN COCKTAIL;;Modern Cocktail Modern Martinis, 11.8 Oz ();2015-03-10T00:00:00Z;;;Arrived damaged with the middle bottle leaking
Rose's;;Rose's Cocktail Infusions Sour Apple Mix, 20 fl oz;2015-09-16T00:00:00.000Z;sí;5;This is the best mix to use for appletinis, taste great! I have tried others but nothing compares to Rose. Everyone always comments on the cool bottle. It is on the sweet side but that is why I like it. Try it!
Rose's;;Rose's Cocktail Infusions Sour Apple Mix, 20 fl oz;2015-12-02T00:00:00.000Z;sí;5;Was looking everywhere for this product, and was starting to think that I would be out of luck. Tried walmart.com as a last resort. Glad I did! Thank you Wal-mart.
Rose's;;Rose's Cocktail Infusions Sour Apple Mix, 20 fl oz;2015-12-28T00:00:00.000Z;sí;5;Taste just like I thought it would - would buy again
Rose's;;Rose's Cocktail Infusions Sour Apple Mix, 20 fl oz;2015-09-16T00:00:00.000Z;sí;5;Tasty
Goya Food;;Goya Ginger Beer Soda, 12 fl oz;2016-05-21T00:00:00.000Z;sí;5;This is great for Moscow miles. It is very gingery and tastes much better than its higher priced competitor
Bar-S;;Bar-S Bun Length Franks Family Pack, 48 oz;2015-09-20T00:00:00.000Z;sí;5;these franks are by far the best tasting franks we have had in a long time. love grilling them and having them just like at the ball park
Bar-S;;Bar-S Bun Length Franks Family Pack, 48 oz;2015-10-11T00:00:00.000Z;sí;5;Good size and taste for a get together foot ball game easy to preper saves you time and money great cuantity too.
Bar-S;;Bar-S Bun Length Franks Family Pack, 48 oz;2015-09-17T00:00:00.000Z;sí;4;Good brand. Has a good flavor and a cheaper price. Been buying this brand for years. Never had a complaint.
Bar-S;;Bar-S Bun Length Franks Family Pack, 48 oz;2015-09-25T00:00:00.000Z;sí;5;Weiner's are very good, reasonable price
Bar-S;;Bar-S Bun Length Franks Family Pack, 48 oz;2015-09-22T00:00:00.000Z;sí;5;I purchase these and separate and freeze them. I have.3 boys so they are always handy.
Bar-S;;Bar-S Bun Length Franks Family Pack, 48 oz;2015-09-16T00:00:00.000Z;sí;5;Great for grilling and a great value
Bar-S;;Bar-S Bun Length Franks Family Pack, 48 oz;;;;Good size and taste for a get together foot ball game easy to preper saves you time and money great cuantity too.
Bar-S;;Bar-S Bun Length Franks Family Pack, 48 oz;;;;I purchase these and separate and freeze them. I have.3 boys so they are always handy.
Bar-S;;Bar-S Bun Length Franks Family Pack, 48 oz;;;;Good brand. Has a good flavor and a cheaper price. Been buying this brand for years. Never had a complaint.
Bar-S;;Bar-S Bun Length Franks Family Pack, 48 oz;;;;Great for grilling and a great value
Bar-S;;Bar-S Bun Length Franks Family Pack, 48 oz;;;;Weiner's are very good, reasonable price
Bar-S;;Bar-S Bun Length Franks Family Pack, 48 oz;;;;these franks are by far the best tasting franks we have had in a long time. love grilling them and having them just like at the ball park
LIBERTY CREEK;;Liberty Creek Pink Moscato Wine, 1.5 L;2017-02-11T00:00:00.000Z;sí;4;This is a light, slightly bubbly tasting wine, not too sweet, not too bitter and dry.
Brand Castle;;Gosling's Diet Ginger Beer, 12 fl oz;2014-09-18T05:00:00Z;;;Delivered on time, as expected. Love, love, love Gosling's Diet Ginger Beer. So happy to get it in the states, although a trip to Bermuda is pretty awesome.
Brand Castle;;Gosling's Diet Ginger Beer, 12 fl oz;2014-09-06T05:00:00Z;;;Just returned from Bermuda with some Stormy Ginger Beer. Have to watch sugar intake so back at home I bought diet Stormy and did a side by side comparison. Confirmed the reviews that indicated that diet Stormy has noticeably less ginger flavor. I found a local source for Barritts diet ginger beer (made in Bermuda and preceded Gosling's ginger beer) and did a side by side comparison against diet Stormy. The diet Barritts had noticeably more ginger flavor.
Brand Castle;;Gosling's Diet Ginger Beer, 12 fl oz;2014-07-19T05:00:00Z;;;Tastes great, hardly like diet. Great and intense ginger taste but expensive on this site I get it in the liquor store for about a buck a can.
Brand Castle;;Gosling's Diet Ginger Beer, 12 fl oz;2014-08-15T05:00:00Z;;;I received a case of Goslings diet ginger beer today. I had such high hopes for this product because this would be this first reasonably priced diet ginger beer that I could ship to my home that I have actually heard of (I had previously bought a case of Royalty diet ginger beer at Amazon, but I had never heard of the brand before buying it). I knew Goslings has a good reputation among Ginger Beers, so I had an expectation that I might have found a better diet ginger beer. Sadly, I was mistakenI tried this product in three blind taste tests with Royalty diet ginger beer as my alternative. In each of the three tests, I had a strong preference for Royalty. I found Goslings diet ginger beer to be overly sweet and syrupy, lacking in strong ginger flavor, and completely devoid of that spicy ginger bite that true ginger beer fans expect. Goslings diet ginger beer also has an unpleasant aftertaste that serves as a fitting exclamation point to this products mediocrity.I have had worse ginger beers. Saranac and Reeds come to mind. That said, Goslings diet ginger beer is simply an inferior product. When the price of this soda is similar to the diet ginger beers from Royalty or Barritts (for those who are lucky enough to have access to it), there is simply no reason to purchase Goslings diet ginger beer.Please note: I have used this product as a diet ginger beer, which I consumed plain or over ice. Although I highly doubt it, Goslings diet ginger beer may be the superior product for use in Dark n Stormy or Moscow Mule cocktails.
Brand Castle;;Gosling's Diet Ginger Beer, 12 fl oz;2014-09-14T05:00:00Z;;;I love ginger beer. This one is among the drier varieties, so it is light, crisp and refreshing. I would recommend this one for mixing lower calorie drinks. Great ginger flavor. I would buy this again.
Brand Castle;;Gosling's Diet Ginger Beer, 12 fl oz;2014-07-15T05:00:00Z;;;I bought this from a local store to make Moscow Mules, and I know Gosling's is more about the Dark and Stormy, but I have to say I was very disappointed in this product. It didn't have as strong of ginger bite as I was looking for, but I guess that's what I get for going diet. I will stick to Royals from now on.
Brand Castle;;Gosling's Diet Ginger Beer, 12 fl oz;2014-09-23T05:00:00Z;;;Ginger Beer is hard to find where I live and to mention diet, it's impossible! I love the taste of this brand and will continue to puchase.
Oak Leaf;;Oak Leaf Pinot Grigio Wine, 3 L;2016-12-30T00:00:00.000Z;sí;5;Are you not selling Oak Leaf wine in a box anymore We have been to 2 different Wal Marts without finding any. This in a box is great. Please do not stop carrying it.
HORNITOS;;Sauza Hornitos Reposado Tequila, 1.75 L;2017-02-19T00:00:00.000Z;sí;5;Perfect sipping tequila ... chilled and neat !
HORNITOS;;Sauza Hornitos Reposado Tequila, 1.75 L;2017-01-07T00:00:00.000Z;sí;5;My buddy ordered some shots of this stuff during a horns game. Frankly when it comes to tequila, I usually brace myself for a rough shot. Maybe I'm drinking the wrong stuff, because this was really easy to put back. No lingering aftertaste. Reasonably priced. Good value tequila if you're looking.
HORNITOS;;Sauza Hornitos Reposado Tequila, 1.75 L;2017-01-28T00:00:00.000Z;sí;5;Straight over ice.
Jim Beam;;Jim Beam Bourbon Kentucky Straight Bourbon Whiskey, 200 mL;2017-08-24T00:00:00.000Z;sí;5;The white label or the devil's cut dashed with some lemonade and lime cordial is how I enjoy my Jim.
Jim Beam;;Jim Beam Bourbon Kentucky Straight Bourbon Whiskey, 200 mL;2017-08-06T00:00:00.000Z;sí;5;Best Drink you can get
Jim Beam;;Jim Beam Bourbon Kentucky Straight Bourbon Whiskey, 200 mL;2017-08-05T00:00:00.000Z;sí;4;to make manhattens
Jim Beam;;Jim Beam Bourbon Kentucky Straight Bourbon Whiskey, 200 mL;2017-06-13T00:00:00.000Z;sí;5;Best bourbon I have found...have toured distillery and love the brand..
Jim Beam;;Jim Beam Bourbon Kentucky Straight Bourbon Whiskey, 200 mL;2017-06-10T00:00:00.000Z;sí;5;Red Stag and Coke Zero is my go to drink. Only wish more bars and restaurants stocked it. Nothing like a good bourbon with a cherry kick !
Jim Beam;;Jim Beam Bourbon Kentucky Straight Bourbon Whiskey, 200 mL;2017-06-03T00:00:00.000Z;sí;5;I like it with dr.peper to sip and relax
Jim Beam;;Jim Beam Bourbon Kentucky Straight Bourbon Whiskey, 200 mL;2017-06-03T00:00:00.000Z;sí;5;Better than the other's
Jim Beam;;Jim Beam Bourbon Kentucky Straight Bourbon Whiskey, 200 mL;2017-05-28T00:00:00.000Z;sí;5;Drank it for years and always smooth and tasty. Now it is running off the shelves at our liquor store.
Jim Beam;;Jim Beam Bourbon Kentucky Straight Bourbon Whiskey, 200 mL;2017-05-21T00:00:00.000Z;sí;5;I keep Jim Beam on hand every day of the week.
Jim Beam;;Jim Beam Bourbon Kentucky Straight Bourbon Whiskey, 200 mL;2017-05-04T00:00:00.000Z;sí;5;I typically have this neat or with an ice cube. Its light amber appearance, sweet, woody, mossy nose, and its mild moss, white oak, mellow wintergreen mint, and dried, faintly-candied fruit flavor draws the drinker into an exploration of pin-point distilling execution. Jim Beam Original has a gradual finish, with a ghost of chocolate powder, during the fade out. Highly recommended. RJT
Jim Beam;;Jim Beam Bourbon Kentucky Straight Bourbon Whiskey, 200 mL;2017-05-17T00:00:00.000Z;sí;5;It's does have a great toaste to it the only drink I'll drink.
Jim Beam;;Jim Beam Bourbon Kentucky Straight Bourbon Whiskey, 200 mL;2017-05-07T00:00:00.000Z;sí;5;I had a neat 2 finger glass two weeks ago of JB Black label for the first time (I've always drank Jack Daniels) and I loved it! No more Jack for me!
Jim Beam;;Jim Beam Bourbon Kentucky Straight Bourbon Whiskey, 200 mL;2017-05-05T00:00:00.000Z;sí;5;Best tasteing and defenetly the smoothest around I love it!
Jim Beam;;Jim Beam Bourbon Kentucky Straight Bourbon Whiskey, 200 mL;2017-05-02T00:00:00.000Z;sí;5;I always keep a bottle of Jim Bean in my liquor cabinet. Value for price is incredible and it mixes great.
Oak Leaf;;Oak Leaf Sangria Wine, 750 mL;2017-08-27T00:00:00.000Z;sí;5;If you love the taste of grapes This is your gonna love this great Wine. A KEEPER in my cabin.
STELLA ROSA;;Stella Rosa Berry Wine, 750 mL;2017-06-03T00:00:00.000Z;sí;5;I'm not a drinker and this taste delicious. I like it!!
Sauza;;Sauza Tequila Gold, 1 L;2017-07-30T00:00:00.000Z;sí;5;I use with blue agave light golden syrup an one lime over ice with gold sauza tequila perfect drink!!!
Master of Mixes;4.44 in x 4.44 in x 12.31 in;Master of Mixes Pina Colada Mix, 1.75 L;2016-07-09T00:00:00.000Z;sí;3;It's a bit sweet but blends up well.
Master of Mixes;4.44 in x 4.44 in x 12.31 in;Master of Mixes Pina Colada Mix, 1.75 L;2016-07-16T00:00:00.000Z;sí;5;My husband and his friend, who had never had a Pia Colada ,thought this was awesome! Perfect and easy to make for sitting around the pool on a very warm humid day
HomeBrewStuff;;IRISH RED ALE Extract Beer Brewing recipe Homebrew kit Malt hops _ grains;2015-03-24T00:00:00Z;;;Just ordered this beer kit excited to brew it up and try it. This is my first partial grain batch
HomeBrewStuff;;IRISH RED ALE Extract Beer Brewing recipe Homebrew kit Malt hops _ grains;2015-10-29T00:00:00Z;;;I reached out in the comments to ask another member how this turned out, but to no avail. Despite my reservations, I ordered the kit and in a few days a USPS box arrived at my house. I opened the box and found that there was no fluff, no boxed kit, there were just ingredients (partial mash) and instructions. The 6 pound pouch of DME and other pouches had handwritten on it what it was and when to use them. Admittedly I wrinkled my nose and thought what the hell is this. Brew day came and went and I had no problems with making the wort, everything went smooth. Eight days go by and I find that the FG reading on the batch is where I want it to be so I bottled 51 bottles of beer to condition.Fast forward 7 days now. I opened one to test it out. This beer turned out really good. The dark red color of the batch hails to it being a true Irish Red. The beer has a slightly malty flavor with subtle hints of caramel notes to it. It's not overly hoppy (which I detest in beers). I'd purchase this again in a heartbeat.As a note to other people who may buy this, I enjoy darker, stouter beers. This might have better results if you thin the wort out by adding an extra 1/2 gallon or so of water. My beer came out darker than what is pictured (see below), some people strive for that true red coloring, and while this turned out red, it is a bit darker than traditional Irish Red's.
ONLINE;;Biosilk Hydrating Shampoo, 12 Fl Oz;;;;Biosilk's shampoo conditioner have made a real difference to my dry hair. Worth the extra money.
ONLINE;;Biosilk Hydrating Shampoo, 12 Fl Oz;;;;i tried this item because i heard good things and i saw it at costco. i've been hooked since. it cleans my hair and doesnt leave it frizzy. i have naturally wavy, fine asian hair so friz is not an option.costco stopped selling this so now the only place i can find this at a reasonable price is on amazon.
ONLINE;;Biosilk Hydrating Shampoo, 12 Fl Oz;;;;i tried this item because i heard good things and i saw it at costco. i've been hooked since. it cleans my hair and doesnt leave it frizzy. i have naturally wavy, fine asian hair so friz is not an option.costco stopped selling this so now the only place i can find this at a reasonable price is on amazon.
ONLINE;;Biosilk Hydrating Shampoo, 12 Fl Oz;;;;was a gift for daughter in law, she loves the way it makes her hair look and feel.
Pat O'Brien's;;Pat O'Brien's Hurricane Cocktail Mix, 9 oz;;;;it soooooo good
Master of Mixes;;MASTER OF MIXES, MIX OLD FASHION, 33.8 OZ, ();2013-11-04T06:00:00Z;;;Very hard to find this at local stores. Delicious and best Old Fashioned Mix I've found. All is good not to mention having it delivered right to the front door!
Master of Mixes;;MASTER OF MIXES, MIX OLD FASHION, 33.8 OZ, ();2013-12-22T06:00:00Z;;;Great delivery and product...would recommend it to anyone interested.....When needed will order again from you.....Thank You very much.....I thought we wouldn't be able to find your mix.
Master of Mixes;;MASTER OF MIXES, MIX OLD FASHION, 33.8 OZ, ();2014-04-10T05:00:00Z;;;All I can say is YUMMY!!! So very good. I usually have to purchase Old Fashioned mix when I travel to Wisconsin. Now I have a place to purchase online with very quick delivery. This mix is better than any of the other mixes I have had in the past.
Master of Mixes;;MASTER OF MIXES, MIX OLD FASHION, 33.8 OZ, ();2013-06-18T05:00:00Z;;;mix is sour.....not the same taste as the same brand in the store.....taste like it is spoiled. I will not buy this way again
Angostura;12.75 in x 9.5 in x 10.0 in;Angostura Aromatic Bitters, 16 fl oz, ();2015-07-05T00:00:00.000Z;sí;5;Great product Pricing Fast Delivery !!!!
Angostura;12.75 in x 9.5 in x 10.0 in;Angostura Aromatic Bitters, 16 fl oz, ();2014-01-15T00:00:00.000Z;sí;5;One great product. Hard to find in the 16 ounce bottles. Makes a great Old Fashion. Note: use with Splenda--makes a very low calorie drink!!
Great Value;;Great Value Boneless Buffalo Style Chunks, 25.5 Oz;2014-05-07T00:00:00.000Z;sí;3;They barely have a hint of buffalo flavor. If you like your wings to taste of nothing but pepper than these are for you. They have plenty of flavor to them just not what your expecting for buffalo flavor. Now the wings themselves are not bad. They are decently meaty. Maybe a little to heavy on the breading, but not to bad though. The sizes of the wings vary greatly but not really a big deal. I'd by them again if they change the flavoring, but i'd say just stick to the plain and get your own sauce.
Great Value;;Great Value Boneless Buffalo Style Chunks, 25.5 Oz;2012-10-31T00:00:00.000Z;sí;4;I did not have the same experience as the other reviewer. What we got was just as advertised - chunks of white meat in breading. My kids love these.
Great Value;;Great Value Boneless Buffalo Style Chunks, 25.5 Oz;2012-12-20T00:00:00.000Z;sí;4;They had chicken. They were breaded. They didn't even need a dipping sauce.
Great Value;;Great Value Boneless Buffalo Style Chunks, 25.5 Oz;2016-02-07T00:00:00.000Z;sí;5;The last time I bought buffalo wings, I bought a name brand. I was very disappointed with them as they had almost no heat at all. I bought the Great Value brand last time and I was apprehensive. But I could not believe how much flavor they had and how spicy they were. They were delicious!!
Great Value;;Great Value Boneless Buffalo Style Chunks, 25.5 Oz;2016-04-18T00:00:00.000Z;sí;5;quick, easy, and delicious
Great Value;;Great Value Boneless Buffalo Style Chunks, 25.5 Oz;2014-10-12T00:00:00.000Z;sí;4;I have to be honest for boneless chicken wyngz, these are definitely my favorite. I prefer them over the tyson brand. The only complaint I have is they are very hard to get in my local store. They are regularly out of them. That can be frustrating.
Great Value;;Great Value Boneless Buffalo Style Chunks, 25.5 Oz;2015-10-21T00:00:00.000Z;sí;5;there delicious
Great Value;;Great Value Boneless Buffalo Style Chunks, 25.5 Oz;2016-06-11T00:00:00.000Z;sí;3;These Great Value Buffalo Style Boneless Wyngz are extremely hot. If you like spicy, hot, flavors in your food then these are for you. I thought they cooked up well, but I just did not care for the spicy hotness of them.
Great Value;;Great Value Boneless Buffalo Style Chunks, 25.5 Oz;2014-06-22T00:00:00.000Z;no;1;We usually buy the Tyson Any'tizer boneless wings but bought these to save a little money. BIG MISTAKE! These wings have twice the sodium as the Tyson chicken and you can definitely tell by the taste. We ended up throwing the whole bag away. Next time we'll spend the extra dollar.
Great Value;;Great Value Boneless Buffalo Style Chunks, 25.5 Oz;2016-04-09T00:00:00.000Z;sí;5;Tried these on a whim found much better than the usual name brand I buy.
Great Value;;Great Value Boneless Buffalo Style Chunks, 25.5 Oz;2011-07-01T00:00:00.000Z;no;2;We opened the bag and see nice sized chunks of chicken. We were mistaken, we see maybe 3 or 4 pieces of good sized chunks but the rest were tiny and mostly breading.
Great Value;;Great Value Boneless Buffalo Style Chunks, 25.5 Oz;2016-02-25T00:00:00.000Z;sí;5;These pack some heay. Good but spicy!
Great Value;;Great Value Boneless Buffalo Style Chunks, 25.5 Oz;2016-03-16T00:00:00.000Z;no;1;Hot and irregular cuts of chicken
Great Value;;Great Value Boneless Buffalo Style Chunks, 25.5 Oz;2015-12-09T00:00:00.000Z;sí;5;Not all of the walmarts around me have them so I always go to the one that carries them even though it's further away!! Yum yum yum
Great Value;;Great Value Boneless Buffalo Style Chunks, 25.5 Oz;2014-08-26T00:00:00.000Z;no;1;These chicken wyngz were gross. Way too much breading, and the taste of buffalo sauce was barely noticeable. At the price Walmart sells these at, I can't recommend them on any level.
Great Value;;Great Value Boneless Buffalo Style Chunks, 25.5 Oz;2015-09-23T00:00:00.000Z;sí;5;We go through a bag of these the first day I bring them home. They have the perfect amount of spicy. I do wish there were more in the bag
Great Value;;Great Value Boneless Buffalo Style Chunks, 25.5 Oz;2016-01-13T00:00:00.000Z;no;1;Was very dry
Great Value;;Great Value Boneless Buffalo Style Chunks, 25.5 Oz;2015-12-19T00:00:00.000Z;no;1;The chicken did not have much flavor and tasted cheap.
Great Value;;Great Value Boneless Buffalo Style Chunks, 25.5 Oz;2015-12-09T00:00:00.000Z;no;1;The wings were nasty
Great Value;;Great Value Boneless Buffalo Style Chunks, 25.5 Oz;2015-11-14T00:00:00.000Z;sí;4;Game and some wings, life is good
Great Value;;Great Value Boneless Buffalo Style Chunks, 25.5 Oz;2015-12-15T00:00:00.000Z;sí;4;They are good, just thought that it would be spicier.
Great Value;;Great Value Boneless Buffalo Style Chunks, 25.5 Oz;2015-11-12T00:00:00.000Z;sí;4;My son loves them. Great flavor and great price!
Great Value;;Great Value Boneless Buffalo Style Chunks, 25.5 Oz;2015-12-14T00:00:00.000Z;sí;5;My son and grandson love these wings!
Great Value;;Great Value Boneless Buffalo Style Chunks, 25.5 Oz;2015-11-16T00:00:00.000Z;sí;4;favor is better, meat is tender even in microwave. .price is reasonable
Great Value;;Great Value Boneless Buffalo Style Chunks, 25.5 Oz;2015-10-24T00:00:00.000Z;sí;5;Great price too!
Great Value;;Great Value Boneless Buffalo Style Chunks, 25.5 Oz;2015-11-30T00:00:00.000Z;sí;5;My favorite
Great Value;;Great Value Boneless Buffalo Style Chunks, 25.5 Oz;2015-10-14T00:00:00.000Z;sí;5;Very tender and juice. Will buy again
Great Value;;Great Value Boneless Buffalo Style Chunks, 25.5 Oz;2015-11-21T00:00:00.000Z;sí;5;Taste great
Great Value;;Great Value Boneless Buffalo Style Chunks, 25.5 Oz;;;;Was very dry
Great Value;;Great Value Boneless Buffalo Style Chunks, 25.5 Oz;;;;The last time I bought buffalo wings, I bought a name brand. I was very disappointed with them as they had almost no heat at all.I bought the Great Value brand last time and I was apprehensive. But I could not believe how much flavor they had and how spicy they were. They were delicious!!
Great Value;;Great Value Boneless Buffalo Style Chunks, 25.5 Oz;;;;Very tender and juice. Will buy again
Great Value;;Great Value Boneless Buffalo Style Chunks, 25.5 Oz;;;;I did not have the same experience as the other reviewer. What we got was just as advertised - chunks of white meat in breading. My kids love these.
Great Value;;Great Value Boneless Buffalo Style Chunks, 25.5 Oz;;FALSE;;The chicken did not have much flavor and tasted cheap.
Great Value;;Great Value Boneless Buffalo Style Chunks, 25.5 Oz;;;;We opened the bag and see nice sized chunks of chicken. We were mistaken, we see maybe 3 or 4 pieces of good sized chunks but the rest were tiny and mostly breading.
Great Value;;Great Value Boneless Buffalo Style Chunks, 25.5 Oz;;;;Game and some wings, life is good
Great Value;;Great Value Boneless Buffalo Style Chunks, 25.5 Oz;;TRUE;;They had chicken. They were breaded. They didn't even need a dipping sauce.
Great Value;;Great Value Boneless Buffalo Style Chunks, 25.5 Oz;;;;We go through a bag of these the first day I bring them home. They have the perfect amount of spicy. I do wish there were more in the bag
Great Value;;Great Value Boneless Buffalo Style Chunks, 25.5 Oz;;TRUE;;My son and grandson love these wings!
Great Value;;Great Value Boneless Buffalo Style Chunks, 25.5 Oz;;;;there delicious
Great Value;;Great Value Boneless Buffalo Style Chunks, 25.5 Oz;;;;They are good, just thought that it would be spicier.
Great Value;;Great Value Boneless Buffalo Style Chunks, 25.5 Oz;;FALSE;;The wings were nasty
Great Value;;Great Value Boneless Buffalo Style Chunks, 25.5 Oz;;TRUE;;My favorite
Great Value;;Great Value Boneless Buffalo Style Chunks, 25.5 Oz;;TRUE;;favor is better, meat is tender even in microwave. .price is reasonable
Great Value;;Great Value Boneless Buffalo Style Chunks, 25.5 Oz;;TRUE;;I have to be honest for boneless chicken wyngz, these are definitely my favorite. I prefer them over the tyson brand. The only complaint I have is they are very hard to get in my local store. They are regularly out of them. That can be frustrating.
Great Value;;Great Value Boneless Buffalo Style Chunks, 25.5 Oz;;;;Taste great
Great Value;;Great Value Boneless Buffalo Style Chunks, 25.5 Oz;;TRUE;;quick, easy, and delicious
Great Value;;Great Value Boneless Buffalo Style Chunks, 25.5 Oz;;;;"These chicken ""wyngz"" were gross. Way too much breading, and the taste of buffalo sauce was barely noticeable. At the price Walmart sells these at, I can't recommend them on any level."
Great Value;;Great Value Boneless Buffalo Style Chunks, 25.5 Oz;;;;Not all of the walmarts around me have them so I always go to the one that carries them even though it's further away!! Yum yum yum
Great Value;;Great Value Boneless Buffalo Style Chunks, 25.5 Oz;;FALSE;;They barely have a hint of buffalo flavor. If you like your wings to taste of nothing but pepper than these are for you. They have plenty of flavor to them just not what your expecting for buffalo flavor. Now the wings themselves are not bad. They are decently meaty. Maybe a little to heavy on the breading, but not to bad though. The sizes of the wings vary greatly but not really a big deal. I'd by them again if they change the flavoring, but i'd say just stick to the plain and get your own sauce.
Great Value;;Great Value Boneless Buffalo Style Chunks, 25.5 Oz;;FALSE;;Hot and irregular cuts of chicken
Great Value;;Great Value Boneless Buffalo Style Chunks, 25.5 Oz;;;;My son loves them. Great flavor and great price!
Great Value;;Great Value Boneless Buffalo Style Chunks, 25.5 Oz;;;;We usually buy the Tyson Any'tizer boneless wings but bought these to save a little money. BIG MISTAKE! These wings have twice the sodium as the Tyson chicken and you can definitely tell by the taste. We ended up throwing the whole bag away. Next time we'll spend the extra dollar.
Great Value;;Great Value Boneless Buffalo Style Chunks, 25.5 Oz;;FALSE;;These Great Value Buffalo Style Boneless Wyngz are extremely hot. If you like spicy, hot, flavors in your food then these are for you. I thought they cooked up well, but I just did not care for the spicy hotness of them.
Great Value;;Great Value Boneless Buffalo Style Chunks, 25.5 Oz;;;;Great price too!
Great Value;;Great Value Boneless Buffalo Style Chunks, 25.5 Oz;;TRUE;;These pack some heay. Good but spicy!
Great Value;;Great Value Boneless Buffalo Style Chunks, 25.5 Oz;;TRUE;;Tried these on a whim & found much better than the usual name brand I buy.
ROCKDALE;;Rockdale Light Beer, 12 fl oz;2016-12-28T00:00:00.000Z;sí;5;TASTES GREAT ! ! ! EXTREMELY HARD TO BEAT THE PRICE, BUT IT SEEMS TO BE VERY HARD TO FIND - IN STOCK - ONE OF THE MANAGERS TOLD ME THAT A LARGE DISPLAY OF IT JUST SAT ALL SUMMER - I PERSONALLY DON'T UNDERSTAND IT - EVER SINCE I FOUND IT - I GO OUT OF MY WAY TO BUY IT. I PERSONALLY LIKE IT MORE THAN SOME OF THE MORE EXPENSIVE BEERS ! ! !
ROCKDALE;;Rockdale Light Beer, 12 fl oz;2016-11-15T00:00:00.000Z;sí;4;For the price you can't beat this beer.Mild good taste.Enjoy.
HORNITOS;;Hornitos Reposado Tequila, 375 mL;2017-02-19T00:00:00.000Z;sí;5;Perfect sipping tequila ... chilled and neat !
HORNITOS;;Hornitos Reposado Tequila, 375 mL;2017-01-07T00:00:00.000Z;sí;5;My buddy ordered some shots of this stuff during a horns game. Frankly when it comes to tequila, I usually brace myself for a rough shot. Maybe I'm drinking the wrong stuff, because this was really easy to put back. No lingering aftertaste. Reasonably priced. Good value tequila if you're looking.
HORNITOS;;Hornitos Reposado Tequila, 375 mL;2017-01-28T00:00:00.000Z;sí;5;Straight over ice.
EFFEN;;Effen Cucumber Vodka, 750 mL;2017-06-08T00:00:00.000Z;sí;5;excellent cucumber taste, makes the perfect summer cocktails!
EFFEN;;Effen Cucumber Vodka, 750 mL;2017-05-21T00:00:00.000Z;sí;5;expensive
VIRGILS;;***Discontinued***Virgils BG19411 Virgils Root Beer - 6x;2015-11-10T00:00:00.000Z;sí;5;This really is the best root beer I have ever tasted! I usually buy it in our grocery store (about 4.50 per four pack), but it's sold out a lot! The ingredients are clean and natural, while most of the other root beers have junk ingredients, caramel color. I quit drinking traditional sodas years ago, because of the nasty ingredients and taste. Virgil's is absolute heaven in a root beer float. Virgil's root beer is micro brewed, smooth and creamy and I am addicted to it, I think. It's worth every penny.Description and ingredients:Virgils is a superb blend of spices and herbs gathered from the world over anise, licorice, vanilla (bourbon), cinnamon, clove, wintergreen, sweet birch, molasses, nutmeg, pimento berry oil, balsam oil and cassia oil.Ingredients: Purified carbonated water, unbleached cane sugar, caramelized unrefined cane sugar, citric acid, herbs and spices! Gluten Free. No Preservatives, No Caffeine, No GMOs, and No artificial anything!
VIRGILS;;***Discontinued***Virgils BG19411 Virgils Root Beer - 6x;2015-10-15T00:00:00.000Z;sí;4;Virgils Natural Micro Brewed Rootbeer Soda, 12 Ounce -- 24 per case, from Virgils Rootbeer.I have mixed feelings about Virgil's Rootbeer. To start with, the root and bark of the Sassafras tree are no longer used, as they cause cancer and liver damage. The Sarsaparilla vine used to be used, but nowadays, most root beers use an artificial sarsaparilla flavor. Virgil's is naturally brewed from Sweet Birch, and a lot of other natural flavors. The licorice does not improve it, it contains too much sugar, and it is packaged in a breakable glass bottle. Processed food makers in general use far too much sugar and salt than is good for us. Virgil's RootBeer is natural and definitely different, but as a root beer, I can only give it three and a half Amazon stars, rounded off to four stars, as Amazon requires ratings to be in whole numbers.The Nutrition Facts, and Ingredients, as listed on the bottle:Nutrition Facts:Serving size: 12 oz. (355mL).Amount Per Serving:Calories 160.Total Fat 0g.Sodium 0g.Total Carbohydrate 42g (Sugars 42g).Protein 0g.Ingredients:Purified carbonated water, unbleached cane sugar, caramelized unrefined cane sugar, herbs, spices and citric acid.Also listed ingredients: Anise, Licorice, Vanilla (Bourbon), Cinnamon, Clove, Wintergreen, Sweet Birch, Molasses, Nutmeg, Pimento Berry Oil, Balsam Oil and Oil of Cassia.CONTAINS NO PRESERVATIVES OR CAFFEINE. ALL NATURAL. GLUTEN FREE.Sold by Please and Thank You LLC.Made by REED'S Inc., 13000 South Spring Street, LA, CA 90061 phone: 1.800.99.REEDS (1.800.997.3337) NYSE: REED web: Virgils.com single container UPC Code: 0 90341 12121 2 Made in CA, USA.
VIRGILS;;***Discontinued***Virgils BG19411 Virgils Root Beer - 6x;2013-12-07T00:00:00.000Z;sí;5;Found this in a health food store and my son and I LOVED it! It is THE BEST tasting and healthy root beer ever! I am giving this as gifts to friends and family.
TROUBLE BREWING;;Trouble Brewing Variety Pack, 12 fl oz;2016-12-12T00:00:00.000Z;sí;5;I only stumbled upon this after reading it's apparently created by Walmart, it's a private label brand from what I read, not sure how true that is, but the taste was good all throughout, but I still have 2 or 3 left in the case to try, at a little less than a dollar per can, the price can't be beat, if you want to try something different lol....
Sauza;;Hornitos Plata Tequila, 1.75 L;2017-08-14T00:00:00.000Z;sí;5;need salt or a lime but the addition of it makes it even better...
Sauza;;Hornitos Plata Tequila, 1.75 L;2017-07-09T00:00:00.000Z;sí;5;drink
Sauza;;Hornitos Plata Tequila, 1.75 L;2017-07-04T00:00:00.000Z;sí;5;Very good flavor without a over powering finish.. Never need salt or a lime but the addition of it makes it even better...one of my favorite silver tequilas
Sauza;;Hornitos Plata Tequila, 1.75 L;2017-05-06T00:00:00.000Z;sí;5;Use for shots.
Sauza;;Hornitos Plata Tequila, 1.75 L;2017-01-06T00:00:00.000Z;sí;5;This is hands down my favorite tequila. Amazing taste at an amazing price. No lime salt needed.
STELLA ROSA;;Stella Rosa Moscato Wine, 750 mL;2016-06-06T00:00:00.000Z;sí;5;I absolutely love this wine. With Moscato D'Asti being my favorite, I have tried several brands. Stella Rosa is my absolute favorite. I won't try any others. It's crisp and sweet with no icky aftertaste. I love it!
STELLA ROSA;;Stella Rosa Moscato Wine, 750 mL;2016-06-09T00:00:00.000Z;sí;5;Very good sweet moscato
Budweiser;;Budweiser Lager Beer, 16 fl oz;2017-08-13T00:00:00.000Z;sí;5;tasted great twist OFF cap may easy to me If you put it down so it was knock down It Would Not Spill Out If You Have cap On Good a Very Good Idea Very Good Buy I Understood Some Towards Contributions Go Towards Veterans
Powerblanket ICE;;Beer Keg Cooling Blanket - PBICEKEGIP;2017-06-05T00:00:00.000Z;sí;5;
Master of Mixes;;Master of Mixes Cocktail Essentials Lime Juice, 375 ML ();2017-01-13T00:00:00.000Z;sí;5;For those of you who want to enjoy a nice beverage that is not as sweet, try this mix. My husband has been purchasing this for some time now. Added to that, we pay the 50 yearly one time purchase to have future items from Walmart shipped to your home free. So worth the cost.
Urban Moonshine;;Urban Moonshine - Organic Bitters Original - 2 oz.;2013-08-30T00:00:00Z;sí;3;This product seems to help my liver if I take it before eating.
Urban Moonshine;;Urban Moonshine - Organic Bitters Original - 2 oz.;2015-06-24T00:00:00Z;sí;5;Very happy to get more bitters in my diet, and they are organic!
Dirty Sue;;Dirty Sue Premium Olive Brine Juice Martini Mix - 375 ml;2017-03-09T00:00:00.000Z;no;2;this didn't taste like olive juice from an actual jar of olives. it tasted a bit sweeter or like it was synthetic. i wouldn't recommend.
Dirty Sue;;Dirty Sue Premium Olive Brine Juice Martini Mix - 375 ml;2016-12-27T00:00:00.000Z;sí;3;I really like this product - it's the best out there. However, the combination of the occasional bad (mold) bottle, and the glass breakage/leaking, for the price point it's not worth the hassle. If I can buy it locally I will, otherwise I have to give up on Dirty Sue :-(
Dirty Sue;;Dirty Sue Premium Olive Brine Juice Martini Mix - 375 ml;2016-11-29T00:00:00.000Z;sí;5;Way better then using juice from the olives. Best martinis i have made yet.
Dirty Sue;;Dirty Sue Premium Olive Brine Juice Martini Mix - 375 ml;2016-11-21T00:00:00.000Z;sí;4;Great addition to my martini Monday . . .
Dirty Sue;;Dirty Sue Premium Olive Brine Juice Martini Mix - 375 ml;2016-11-21T00:00:00.000Z;sí;5;Absolutely perfect. Will reorder often.
Dirty Sue;;Dirty Sue Premium Olive Brine Juice Martini Mix - 375 ml;2016-10-24T00:00:00.000Z;sí;5;Really good stuff!!
Dirty Sue;;Dirty Sue Premium Olive Brine Juice Martini Mix - 375 ml;2016-10-02T00:00:00.000Z;sí;4;Hubby says it's ok, but he prefers the olive juice in a jar of olives.
Dirty Sue;;Dirty Sue Premium Olive Brine Juice Martini Mix - 375 ml;2016-09-28T00:00:00.000Z;sí;5;Great for bloody mary's!
Dirty Sue;;Dirty Sue Premium Olive Brine Juice Martini Mix - 375 ml;2016-09-27T00:00:00.000Z;sí;5;great stuff!
Dirty Sue;;Dirty Sue Premium Olive Brine Juice Martini Mix - 375 ml;2016-09-20T00:00:00.000Z;sí;4;Very satisfied
Dirty Sue;;Dirty Sue Premium Olive Brine Juice Martini Mix - 375 ml;;;;I cant even drink a dirty martini anymore if I dont have Dirty Sue. I use a shot of it in Bloody Mary's too. There is no comparison to the juice found in olive jars... this stuff is like the top-shelf of olive brine. I highly recommend it!
Dirty Sue;;Dirty Sue Premium Olive Brine Juice Martini Mix - 375 ml;;;;I like martinis about as dirty as they can come. This stuff is just the bomb! It's so much more flavorful than any olive juice I've tasted from olives in a jar. It's full bodied, not just briny.Go ahead.... you're DEFINITELY worth it.!
Dirty Sue;;Dirty Sue Premium Olive Brine Juice Martini Mix - 375 ml;2007-04-17T00:00:00Z;;;This is just what I have been looking for..as a lover of a good strong dirty martini I am known for having a refer full of juiceless olive jars. Dirty Sue was truly a find. I keep plenty of it stocked enough to share with my fiends and even those mere acquaintances that stop by.
Dirty Sue;;Dirty Sue Premium Olive Brine Juice Martini Mix - 375 ml;2014-11-06T00:00:00Z;;;Delicious. I recently went through a dirty martini phase and was frustrated with the inconsistent quality of my drinks. Some were fabulous while others tasted outright disgusting. A waste of precious quality vodka. I quickly figured out that for me, only salt brines will do. No vinegar.I was discarding a lot of expensive olives for the sake of a few drinks and thought surely there must be a source for brine only. I read reviews and ingredient lists until finding Dirty Sue. This product ain't cheap (it's salt water after all) but I was not disappointed. Like I said before, NO VINEGAR. I'm very pleased. Will be purchasing several bottles for Christmas and pairing them with a nice Vodka as gifts.
Dirty Sue;;Dirty Sue Premium Olive Brine Juice Martini Mix - 375 ml;2012-08-27T00:00:00Z;;;If you want to make a good dirty martini, this is the stuff that is going to help you. It is the only Olive Juice my husband will take in his martinis and really the only one we ever have on hand always. Because we do entertain a lot, this gets bought often and is enjoyed by all.
Dirty Sue;;Dirty Sue Premium Olive Brine Juice Martini Mix - 375 ml;2007-04-17T00:00:00Z;;;I have been a dirty martini drinker for years and I've never been able to find a good olive juice. Other brands claim to be 100 olive juice and they are really just glorified salt water. Dirty Sue is pure olive juice in a bottle. Or should I say pure magic in a bottle. I have a bottle of Dirty Sue in my fridge and a bottle of Ketel One in my freezer and I am a happy man.
Dirty Sue;;Dirty Sue Premium Olive Brine Juice Martini Mix - 375 ml;2007-04-17T00:00:00Z;;;If you like dirty martini's, this is the only way to go! The tasteis outta this world and it's a superior juice than the stuff thatcomes in olive jars to preserve the olives. Ask for it at your local bar!!
Dirty Sue;;Dirty Sue Premium Olive Brine Juice Martini Mix - 375 ml;;;;This product is great! I am a general manager at an upscale restaurant in Hollywood, CA and I was tired of having my bartenders taking the time to drain the brine out of jars of olives. It's a huge waste of time, and the olives when separated from the brine dry out almost immediately. Once I discovered Dirty Sue, not only did it fix these problems, but it allows me to offer my guests a much higher quality of olive juice. Let's face it, if a patron is going to order a high end gin or vodka martini, why would they want a sub par ingredient mixed with it
Dirty Sue;;Dirty Sue Premium Olive Brine Juice Martini Mix - 375 ml;2016-08-30T00:00:00.000Z;sí;3;It's a little too dirty but we used the whole bottle in a couple of weeks.
Dirty Sue;;Dirty Sue Premium Olive Brine Juice Martini Mix - 375 ml;2016-07-13T00:00:00.000Z;sí;5;Very tasty. Just the mix I was looking for, good quality.
Dirty Sue;;Dirty Sue Premium Olive Brine Juice Martini Mix - 375 ml;2016-06-11T00:00:00.000Z;sí;5;We have used other martini mixes, but this one is definitely the best. With a good vodka, the drinks are so smooth not bitter.
Dirty Sue;;Dirty Sue Premium Olive Brine Juice Martini Mix - 375 ml;2016-06-08T00:00:00.000Z;sí;5;Very, Very Good
Dirty Sue;;Dirty Sue Premium Olive Brine Juice Martini Mix - 375 ml;2016-05-31T00:00:00.000Z;sí;5;Love this for my dirty martinis. The taste is very good.
Dirty Sue;;Dirty Sue Premium Olive Brine Juice Martini Mix - 375 ml;2016-03-21T00:00:00.000Z;sí;5;Great addition to dirty martinis
Dirty Sue;;Dirty Sue Premium Olive Brine Juice Martini Mix - 375 ml;2016-02-08T00:00:00.000Z;sí;5;Above and beyond!
Dirty Sue;;Dirty Sue Premium Olive Brine Juice Martini Mix - 375 ml;2015-12-27T00:00:00.000Z;sí;5;Super good!!!
Dirty Sue;;Dirty Sue Premium Olive Brine Juice Martini Mix - 375 ml;2015-09-26T00:00:00.000Z;sí;5;I like martinis about as dirty as they can come. This stuff is just the bomb! It's so much more flavorful than any olive juice I've tasted from olives in a jar. It's full bodied, not just briny.Go ahead.... you're DEFINITELY worth it.!
Dirty Sue;;Dirty Sue Premium Olive Brine Juice Martini Mix - 375 ml;2015-08-27T00:00:00.000Z;sí;5;Have always loved Dirty Sue. Arrives on time and works great in martini's.
Dirty Sue;;Dirty Sue Premium Olive Brine Juice Martini Mix - 375 ml;2015-08-17T00:00:00.000Z;sí;5;it was everything I thought it would be and I would buy it again
Dirty Sue;;Dirty Sue Premium Olive Brine Juice Martini Mix - 375 ml;2015-07-10T00:00:00.000Z;sí;5;So Far Dirty Sue Martini Mix is the BEST we have ever used!!! :-)
Dirty Sue;;Dirty Sue Premium Olive Brine Juice Martini Mix - 375 ml;2015-06-09T00:00:00.000Z;sí;5;Dirty Sue is the best mix for dirty martini's that I have found!
Dirty Sue;;Dirty Sue Premium Olive Brine Juice Martini Mix - 375 ml;2015-05-30T00:00:00.000Z;sí;5;A staple that we now can't live without...makes the best dirty 'Tini's!
Dirty Sue;;Dirty Sue Premium Olive Brine Juice Martini Mix - 375 ml;2015-04-04T00:00:00.000Z;sí;5;My go to for Dirty Martini's and it should be yours..
Dirty Sue;;Dirty Sue Premium Olive Brine Juice Martini Mix - 375 ml;2015-03-29T00:00:00.000Z;sí;4;Good dirty mix. A bit expensive so gave it 4 stars.
Dirty Sue;;Dirty Sue Premium Olive Brine Juice Martini Mix - 375 ml;2015-03-10T00:00:00.000Z;sí;5;Just the right mix to make my dirty martinis dirty!
Dirty Sue;;Dirty Sue Premium Olive Brine Juice Martini Mix - 375 ml;2015-02-03T00:00:00.000Z;sí;5;I have tried every si gle kind of olive juice and have been extremely disappointed in all (even threw them out) in every case but Dirty Sue. This just can't be beat.
Dirty Sue;;Dirty Sue Premium Olive Brine Juice Martini Mix - 375 ml;2015-02-01T00:00:00.000Z;sí;5;GREAT.... TOO BAD IT ISN'T AVAILABLE LOCALLY..........
Dirty Sue;;Dirty Sue Premium Olive Brine Juice Martini Mix - 375 ml;2015-01-16T00:00:00.000Z;sí;5;This is the stuff. Delicious. I wanted to drink the bottle without the martini! I would definitely order thus again.
Dirty Sue;;Dirty Sue Premium Olive Brine Juice Martini Mix - 375 ml;2014-11-06T00:00:00.000Z;sí;5;Delicious. I recently went through a dirty martini phase and was frustrated with the inconsistent quality of my drinks. Some were fabulous while others tasted outright disgusting. A waste of precious quality vodka. I quickly figured out that for me, only salt brines will do. No vinegar.I was discarding a lot of expensive olives for the sake of a few drinks and thought surely there must be a source for brine only. I read reviews and ingredient lists until finding Dirty Sue. This product ain't cheap (it's salt water after all) but I was not disappointed. Like I said before, NO VINEGAR. I'm very pleased. Will be purchasing several bottles for Christmas and pairing them with a nice Vodka as gifts.
Dirty Sue;;Dirty Sue Premium Olive Brine Juice Martini Mix - 375 ml;2014-11-03T00:00:00.000Z;sí;5;Love it, but getting a little pricey. Order 1 18 oz instead of a 4 pack of 12 oz. May be making slightly less dirty martinis.
Dirty Sue;;Dirty Sue Premium Olive Brine Juice Martini Mix - 375 ml;2014-01-03T00:00:00.000Z;sí;4;Dirty Sue. The perfect companion for the perfect Martini. Will never cheat on her. Highly recommend you give her a try. There's enough love to go around. .
Dirty Sue;;Dirty Sue Premium Olive Brine Juice Martini Mix - 375 ml;2012-08-27T00:00:00.000Z;sí;5;If you want to make a good dirty martini, this is the stuff that is going to help you. It is the only Olive Juice my husband will take in his martinis and really the only one we ever have on hand always. Because we do entertain a lot, this gets bought often and is enjoyed by all.
Dirty Sue;;Dirty Sue Premium Olive Brine Juice Martini Mix - 375 ml;2008-01-03T00:00:00.000Z;sí;5;It makes the biggest difference. I tried to use brine as a substitute - horrible taste. It's the real deal. A true mixer. Can't mix another Dirty Martini without it.
Dirty Sue;;Dirty Sue Premium Olive Brine Juice Martini Mix - 375 ml;2007-12-05T00:00:00.000Z;sí;4;Good stuff, one of the two best (the other being Olive Squeezins from FL) you can find on the market.
Dirty Sue;;Dirty Sue Premium Olive Brine Juice Martini Mix - 375 ml;2007-04-26T00:00:00.000Z;sí;5;This product is great! I am a general manager at an upscale restaurant in Hollywood, CA and I was tired of having my bartenders taking the time to drain the brine out of jars of olives. It's a huge waste of time, and the olives when separated from the brine dry out almost immediately. Once I discovered Dirty Sue, not only did it fix these problems, but it allows me to offer my guests a much higher quality of olive juice. Let's face it, if a patron is going to order a high end gin or vodka martini, why would they want a sub par ingredient mixed with it
Dirty Sue;;Dirty Sue Premium Olive Brine Juice Martini Mix - 375 ml;2007-04-18T00:00:00.000Z;sí;5;I cant even drink a dirty martini anymore if I dont have Dirty Sue. I use a shot of it in Bloody Mary's too. There is no comparison to the juice found in olive jars... this stuff is like the top-shelf of olive brine. I highly recommend it!
Dirty Sue;;Dirty Sue Premium Olive Brine Juice Martini Mix - 375 ml;2007-04-17T00:00:00.000Z;sí;5;If you like dirty martini's, this is the only way to go! The tasteis outta this world and it's a superior juice than the stuff thatcomes in olive jars to preserve the olives. Ask for it at your local bar!!
Dirty Sue;;Dirty Sue Premium Olive Brine Juice Martini Mix - 375 ml;2007-04-17T00:00:00.000Z;sí;5;This is just what I have been looking for..as a lover of a good strong dirty martini I am known for having a refer full of juiceless olive jars. Dirty Sue was truly a find. I keep plenty of it stocked enough to share with my fiends and even those mere acquaintances that stop by.
MODERN COCKTAIL;;Modern Cocktail Lite Vrty Pk, 11.8 OZ ();2014-07-17T00:00:00.000Z;sí;5;Taste's great. No sugar free after taste. I mix with soda water.
MODERN COCKTAIL;;Modern Cocktail Lite Vrty Pk, 11.8 OZ ();2014-04-10T00:00:00.000Z;sí;5;excellent product very easy to use very useful when it comes to the holidays I highly recommend it if you are not skilled in the preparation of cocktails
MODERN COCKTAIL;;Modern Cocktail Lite Vrty Pk, 11.8 OZ ();2013-05-14T00:00:00.000Z;sí;5;I liked all of the favors. I was pleasantly surprised that these didn't have that no calorie drink aftertaste. The alcohol of course adds calories but you save about 70 using these instead of the ones with calories. The Strawberry Lemonade was the best. I used cheaper tequila, Jose Cuervo, which was just fine.
MODERN COCKTAIL;;Modern Cocktail Lite Vrty Pk, 11.8 OZ ();2013-03-31T00:00:00.000Z;sí;3;I like the Modern Cocktail packs, but was a little misled by the description for this one on Amazon.Possibly not the manufacturer's fault - their package description is spot on.On Amazon it says something like 'add gin or vodka for Martinis and other similar drinks.'But this one is all formulated for Tequila - all the drinks are Margaritas or other tequila drinks.Instead of the sugar that comes with the other drinks, this one comes with salt.I am not saying it's bad - for 0 calories, obviously they couldn't use sugar. but i just assumed they would be just like the other mixes but made with nutrisweet or something.As long as you know what to expect - a much less sweet drink that goes better with tequila salt - then they are fine. of course, you can put whatever liquor you want in there, but i tried one with vodka and it just tasted odd to me.Here is exactly what the drinks are: Mango Skinny Margarita, Blood Orange Tequila Sunrise, Classic Skinny Margarita, Strawberry Tequila Lemonade, Acai Blueberry Skinny Margarita.
MODERN COCKTAIL;;Modern Cocktail Lite Vrty Pk, 11.8 OZ ();2013-01-11T00:00:00.000Z;sí;5;This is a good product to acquire via commerce if you are desperate for a liquid to possess. It can be placed in a container. Swallowing it is possible. It can go in your mouth region. Alcohol is intended to go into it, and I personally recommend that you dilute these liquids with booze flavors. The boozeahol can help to momentarily distract you from the uncomfortable truth that the acai blueberry fluid tastes like you hijacked the Smurfs' Winnebago and put its tire in your mouth. All in all, these liquids do not contain dangerous solids which may choke you, so they successfully could be considered fluid. Drink them. Or else.
MODERN COCKTAIL;;Modern Cocktail Lite Vrty Pk, 11.8 OZ ();2014-07-17T00:00:00Z;;;Taste's great. No sugar free after taste. I mix with soda water.
MODERN COCKTAIL;;Modern Cocktail Lite Vrty Pk, 11.8 OZ ();;;;excellent product very easy to use very useful when it comes to the holidays I highly recommend it if you are not skilled in the preparation of cocktails
MODERN COCKTAIL;;Modern Cocktail Lite Vrty Pk, 11.8 OZ ();2013-05-14T00:00:00Z;;;I liked all of the favors. I was pleasantly surprised that these didn't have that no calorie drink aftertaste. The alcohol of course adds calories but you save about 70 using these instead of the ones with calories. The Strawberry Lemonade was the best. I used cheaper tequila, Jose Cuervo, which was just fine.
MODERN COCKTAIL;;Modern Cocktail Lite Vrty Pk, 11.8 OZ ();2013-03-31T00:00:00Z;;;I like the Modern Cocktail packs, but was a little misled by the description for this one on Amazon.Possibly not the manufacturer's fault - their package description is spot on.On Amazon it says something like 'add gin or vodka for Martinis and other similar drinks.'But this one is all formulated for Tequila - all the drinks are Margaritas or other tequila drinks.Instead of the sugar that comes with the other drinks, this one comes with salt.I am not saying it's bad - for 0 calories, obviously they couldn't use sugar. but i just assumed they would be just like the other mixes but made with nutrisweet or something.As long as you know what to expect - a much less sweet drink that goes better with tequila salt - then they are fine. of course, you can put whatever liquor you want in there, but i tried one with vodka and it just tasted odd to me.Here is exactly what the drinks are: Mango Skinny Margarita, Blood Orange Tequila Sunrise, Classic Skinny Margarita, Strawberry Tequila Lemonade, Acai Blueberry Skinny Margarita.
MODERN COCKTAIL;;Modern Cocktail Lite Vrty Pk, 11.8 OZ ();2013-01-11T00:00:00Z;;;This is a good product to acquire via commerce if you are desperate for a liquid to possess. It can be placed in a container. Swallowing it is possible. It can go in your mouth region. Alcohol is intended to go into it, and I personally recommend that you dilute these liquids with booze flavors. The boozeahol can help to momentarily distract you from the uncomfortable truth that the acai blueberry fluid tastes like you hijacked the Smurfs' Winnebago and put its tire in your mouth. All in all, these liquids do not contain dangerous solids which may choke you, so they successfully could be considered fluid. Drink them. Or else.
Daily's;;DAILY'S MARGARITA FROZEN POUCH;2017-08-26T00:00:00.000Z;sí;5;This drink is good im not a heavy drinker but a friend shared this drink with me and its light with a kick.
American Beverage;;Big Bucket Premium Margarita Mixer, 96.0 FL OZ;2017-03-27T00:00:00.000Z;sí;5;Weekend to relax at home This review was collected as part of a promotion.
American Beverage;;Big Bucket Premium Margarita Mixer, 96.0 FL OZ;2016-06-22T00:00:00.000Z;sí;5;Best Margarita for summer with Friends
American Beverage;;Big Bucket Premium Margarita Mixer, 96.0 FL OZ;2015-07-30T00:00:00.000Z;sí;5;I was so glad that this product was available on line and the delivery so quick as I was able to take this mixer with me to share at a cottage. Thank you. I will continue to purchase items on line. Grab and go is super convenient.
American Beverage;;Big Bucket Premium Margarita Mixer, 96.0 FL OZ;2015-08-17T00:00:00.000Z;sí;5;Great for entertaining! I always have this on hand in my freezer. Makes an impressive drink by the pool!
American Beverage;;Big Bucket Premium Margarita Mixer, 96.0 FL OZ;2015-06-16T00:00:00.000Z;sí;4;I'm a bartender, this stuff is good!!! Try it, you will not regret it!!!
American Beverage;;Big Bucket Premium Margarita Mixer, 96.0 FL OZ;2015-08-03T00:00:00.000Z;sí;5;Everything went as planed. No surprises. Thank you.
American Beverage;;Big Bucket Premium Margarita Mixer, 96.0 FL OZ;2015-07-28T00:00:00.000Z;sí;4;Had a pool party.... the margaritas were a real hit!
Fever-Tree;4.125 in x 4.125 in x 7.25 in;Fever Tree174 Tonic Water - 4pk / 6.8oz Bottle;;;;My wife and I just performed a taste test of three different tonic waters. We used Bombay Gin in all three to keep the variables to one--the tonic water. We used Schweppes Tonic Water, Q Tonic Water, and Fever-Tree Tonic Water. We thought the Fever-Tree was the best, with Q Tonic second, and Schweppes Tonic a distant third. The Schweppes had a cloying off-taste compared to the other two which we attributed to the high fructose corn syrup which sweetens it. Before we purchased the two premium tonic waters, we thought Schweppes was the best compared to Canada Dry and Seagram's. But the two premium tonic waters were both better. The Q Tonic (sweetened with agave nectar) was less sweet (and lower in calories) than the Fever-Tree (sweetened with cane sugar) and had a distinctly different taste, more subdued compared to Fever-Tree. Both had clean and crisp finishes that were very refreshing. We both thought Fever-Tree had more flavor, especially more citrus flavor, and we preferred it. We will be happy to finish the rest of the case of Q Tonic we bought, but we are going to purchase only Fever-Tree in the future. We prefer gin and tonics with Bombay Sapphire and Tanqueray Gins. We tried Fever-Tree with Hendrick's Gin and it was good, better than Hendrick's in martinis, with which we prefer Bombay Sapphire.
Fever-Tree;4.125 in x 4.125 in x 7.25 in;Fever Tree174 Tonic Water - 4pk / 6.8oz Bottle;2010-09-23T05:00:00Z;;;After doing an Internet search for tonic waters that do not contain high-fructose corn syrup, I only found few options. The reviews for Fever-Tree were so positive that I decided to give it a try. They reviews are right: this tonic water is amazing! I happen to prefer vodka tonics to gin and tonics, but the taste of Fever-Tree is so pure that it works with both equally well. My husband prefers G and T's, and he said it has changed the way he views tonic water. What started out as a search for a healthier alternative has actually ended up changing the way we see mixers. I love this tonic water and will be ordering more. With the free shipping, it's actually not much more expensive than Schweppes, especially when you consider that Schweppes goes flat so quickly in the huge liter bottle. Schweppes is also FULL of sodium, and Fever-Tree is not. Check this tonic water out: you'll be glad you did!!
Fever-Tree;4.125 in x 4.125 in x 7.25 in;Fever Tree174 Tonic Water - 4pk / 6.8oz Bottle;2010-05-04T05:00:00Z;;;Man oh man, I love Fever Tree's Ginger Beer. I asked for a ginger ale at the St. Regis in San Francisco and got this instead. What a pleasant surprise! The smell of ginger transformed me to another world. A world of sakura petals falling softly on verdant, rolling hills with a warm breeze and snow capped mountains in the background. I took a sip and little pebbles of joy started dancing in my mouth. And the fun didn't just go away like with your average drink. The taste lingers, prolonging the experience. This is a drink for parties, after-parties and after-after-parties. Or to be enjoyed alone.There's a scripture that describes my reaction to this drink. And as I partook of the fruit thereof it filled my soul with exceedingly great joy wherefore, I began to be desirous that my family should partake of it also for I knew that it was desirable above all other fruit. (1 Nephi 8:12)If you like it, you'll know you are in select company. I gave two bottles to my next door neighbor. They returned one unopened. A friend said it cleared her sinuses, but did little else for her. My wife rolled her eyes the same way she does when I burn incense. Fine. All the more for me.After returning from San Francisco, I started my search. For six months I searched. Whole Foods doesn't have it. Trader Joe's doesn't have it. Your local grocery store will almost certainly not have it. But Amazon has it. And now so can you! Let the sakura petals fall and the joy pebble dance commence!
Fever-Tree;4.125 in x 4.125 in x 7.25 in;Fever Tree174 Tonic Water - 4pk / 6.8oz Bottle;2013-10-29T05:00:00Z;;;These were once the best Ginger Beers in the world. Nothing else even came close. I had been buying these by the case for years from Amazon (sometimes as many as 1-3 cases per month)! They were not only the most mouth watering concoction I had ever tasted in my life (and I know my Ginger Beers), but they helped me so much in quelling the nausea I am dealing with from doing chemo, as there was so much fresh Ginger in them (almost medicinal for me). A tonic that I could never let myself run out of. Thanks to Amazon Prime, I never did run out, and all was well for a very long time.Everything changed in October 2013 when I received three cases of this once wonderful Ginger Beer. They looked funny, tasted odd, and even bitter, and all shared an expiration date of 7/14. I know this product rather well and knew that something was really wrong here. Whatever spilled into the batches that expire 7/14, all had something in them that simply did not belong. There was no mistaking that something was wrong here. We even had neighbors taste test with us, and they agreed that something was definitely very odd in the ones that we had just received, which all expired 7/14.One of these neighbors owns a home nearby, and as a bartender, knows the Fever Tree mixers well. He said that it was obvious that the factory thought it was still making Tonic Water and let Quinine or whatever makes up tonic, run into these instead of natural spring water, as always used. That would explain the strange and unrecognizable bitterness. All I knew is that I was now stuck with three cases of stuff that tasted awful.I contacted Fever Tree directly to make them aware of this problem, as well as Brands Of Britain, who is the sole, authorized, distributor here in the United States.Read more
Fever-Tree;4.125 in x 4.125 in x 7.25 in;Fever Tree174 Tonic Water - 4pk / 6.8oz Bottle;2014-06-26T00:00:00Z;;;Really liked this ginger beer when I discovered it a few years ago. While the ingredients on the label remain the same, the recipie has been changed. The suspended particulates of ginger are gone as is the strong ginger flavor. Tastes better than common ginger ale, but not as good as it was up until last year. No longer worth the premium price. This will be the last Fever Tree ginger beer case I buy. Will keep buying tonic though. Side by side pic posted in product pictures section.
Fever-Tree;4.125 in x 4.125 in x 7.25 in;Fever Tree174 Tonic Water - 4pk / 6.8oz Bottle;2010-05-04T00:00:00Z;;;Man oh man, I love Fever Tree's Ginger Beer. I asked for a ginger ale at the St. Regis in San Francisco and got this instead. What a pleasant surprise! The smell of ginger transformed me to another world. A world of sakura petals falling softly on verdant, rolling hills with a warm breeze and snow capped mountains in the background. I took a sip and little pebbles of joy started dancing in my mouth. And the fun didn't just go away like with your average drink. The taste lingers, prolonging the experience. This is a drink for parties, after-parties and after-after-parties. Or to be enjoyed alone.There's a scripture that describes my reaction to this drink. And as I partook of the fruit thereof it filled my soul with exceedingly great joy wherefore, I began to be desirous that my family should partake of it also for I knew that it was desirable above all other fruit. (1 Nephi 8:12)If you like it, you'll know you are in select company. I gave two bottles to my next door neighbor. They returned one unopened. A friend said it cleared her sinuses, but did little else for her. My wife rolled her eyes the same way she does when I burn incense. Fine. All the more for me.After returning from San Francisco, I started my search. For six months I searched. Whole Foods doesn't have it. Trader Joe's doesn't have it. Your local grocery store will almost certainly not have it. But Amazon has it. And now so can you! Let the sakura petals fall and the joy pebble dance commence!
Fever-Tree;4.125 in x 4.125 in x 7.25 in;Fever Tree174 Tonic Water - 4pk / 6.8oz Bottle;2013-10-29T00:00:00Z;;;These were once the best Ginger Beers in the world. Nothing else even came close. I had been buying these by the case for years from Amazon (sometimes as many as 1-3 cases per month)! They were not only the most mouth watering concoction I had ever tasted in my life (and I know my Ginger Beers), but they helped me so much in quelling the nausea I am dealing with from doing chemo, as there was so much fresh Ginger in them (almost medicinal for me). A tonic that I could never let myself run out of. Thanks to Amazon Prime, I never did run out, and all was well for a very long time.Everything changed in October 2013 when I received three cases of this once wonderful Ginger Beer. They looked funny, tasted odd, and even bitter, and all shared an expiration date of 7/14. I know this product rather well and knew that something was really wrong here. Whatever spilled into the batches that expire 7/14, all had something in them that simply did not belong. There was no mistaking that something was wrong here. We even had neighbors taste test with us, and they agreed that something was definitely very odd in the ones that we had just received, which all expired 7/14.One of these neighbors owns a home nearby, and as a bartender, knows the Fever Tree mixers well. He said that it was obvious that the factory thought it was still making Tonic Water and let Quinine or whatever makes up tonic, run into these instead of natural spring water, as always used. That would explain the strange and unrecognizable bitterness. All I knew is that I was now stuck with three cases of stuff that tasted awful.I contacted Fever Tree directly to make them aware of this problem, as well as Brands Of Britain, who is the sole, authorized, distributor here in the United States.Read more
Fever-Tree;4.125 in x 4.125 in x 7.25 in;Fever Tree174 Tonic Water - 4pk / 6.8oz Bottle;2010-09-23T00:00:00Z;;;After doing an Internet search for tonic waters that do not contain high-fructose corn syrup, I only found few options. The reviews for Fever-Tree were so positive that I decided to give it a try. They reviews are right: this tonic water is amazing! I happen to prefer vodka tonics to gin and tonics, but the taste of Fever-Tree is so pure that it works with both equally well. My husband prefers G and T's, and he said it has changed the way he views tonic water. What started out as a search for a healthier alternative has actually ended up changing the way we see mixers. I love this tonic water and will be ordering more. With the free shipping, it's actually not much more expensive than Schweppes, especially when you consider that Schweppes goes flat so quickly in the huge liter bottle. Schweppes is also FULL of sodium, and Fever-Tree is not. Check this tonic water out: you'll be glad you did!!
Fever-Tree;4.125 in x 4.125 in x 7.25 in;Fever Tree174 Tonic Water - 4pk / 6.8oz Bottle;2010-09-23T00:00:00Z;;;After doing an Internet search for tonic waters that do not contain high-fructose corn syrup, I only found few options. The reviews for Fever-Tree were so positive that I decided to give it a try. They reviews are right: this tonic water is amazing! I happen to prefer vodka tonics to gin and tonics, but the taste of Fever-Tree is so pure that it works with both equally well. My husband prefers G and T's, and he said it has changed the way he views tonic water. What started out as a search for a healthier alternative has actually ended up changing the way we see mixers. I love this tonic water and will be ordering more. With the free shipping, it's actually not much more expensive than Schweppes, especially when you consider that Schweppes goes flat so quickly in the huge liter bottle. Schweppes is also FULL of sodium, and Fever-Tree is not. Check this tonic water out: you'll be glad you did!!
Fever-Tree;4.125 in x 4.125 in x 7.25 in;Fever Tree174 Tonic Water - 4pk / 6.8oz Bottle;2014-06-26T00:00:00Z;;;Really liked this ginger beer when I discovered it a few years ago. While the ingredients on the label remain the same, the recipie has been changed. The suspended particulates of ginger are gone as is the strong ginger flavor. Tastes better than common ginger ale, but not as good as it was up until last year. No longer worth the premium price. This will be the last Fever Tree ginger beer case I buy. Will keep buying tonic though. Side by side pic posted in product pictures section.
Fever-Tree;4.125 in x 4.125 in x 7.25 in;Fever Tree174 Tonic Water - 4pk / 6.8oz Bottle;;;;My wife and I just performed a taste test of three different tonic waters. We used Bombay Gin in all three to keep the variables to one--the tonic water. We used Schweppes Tonic Water, Q Tonic Water, and Fever-Tree Tonic Water. We thought the Fever-Tree was the best, with Q Tonic second, and Schweppes Tonic a distant third. The Schweppes had a cloying off-taste compared to the other two which we attributed to the high fructose corn syrup which sweetens it. Before we purchased the two premium tonic waters, we thought Schweppes was the best compared to Canada Dry and Seagram's. But the two premium tonic waters were both better. The Q Tonic (sweetened with agave nectar) was less sweet (and lower in calories) than the Fever-Tree (sweetened with cane sugar) and had a distinctly different taste, more subdued compared to Fever-Tree. Both had clean and crisp finishes that were very refreshing. We both thought Fever-Tree had more flavor, especially more citrus flavor, and we preferred it. We will be happy to finish the rest of the case of Q Tonic we bought, but we are going to purchase only Fever-Tree in the future. We prefer gin and tonics with Bombay Sapphire and Tanqueray Gins. We tried Fever-Tree with Hendrick's Gin and it was good, better than Hendrick's in martinis, with which we prefer Bombay Sapphire.
Fever-Tree;4.125 in x 4.125 in x 7.25 in;Fever Tree174 Tonic Water - 4pk / 6.8oz Bottle;2013-10-29T00:00:00Z;;;These were once the best Ginger Beers in the world. Nothing else even came close. I had been buying these by the case for years from Amazon (sometimes as many as 1-3 cases per month)! They were not only the most mouth watering concoction I had ever tasted in my life (and I know my Ginger Beers), but they helped me so much in quelling the nausea I am dealing with from doing chemo, as there was so much fresh Ginger in them (almost medicinal for me). A tonic that I could never let myself run out of. Thanks to Amazon Prime, I never did run out, and all was well for a very long time.Everything changed in October 2013 when I received three cases of this once wonderful Ginger Beer. They looked funny, tasted odd, and even bitter, and all shared an expiration date of 7/14. I know this product rather well and knew that something was really wrong here. Whatever spilled into the batches that expire 7/14, all had something in them that simply did not belong. There was no mistaking that something was wrong here. We even had neighbors taste test with us, and they agreed that something was definitely very odd in the ones that we had just received, which all expired 7/14.One of these neighbors owns a home nearby, and as a bartender, knows the Fever Tree mixers well. He said that it was obvious that the factory thought it was still making Tonic Water and let Quinine or whatever makes up tonic, run into these instead of natural spring water, as always used. That would explain the strange and unrecognizable bitterness. All I knew is that I was now stuck with three cases of stuff that tasted awful.I contacted Fever Tree directly to make them aware of this problem, as well as Brands Of Britain, who is the sole, authorized, distributor here in the United States.Read more
Fever-Tree;4.125 in x 4.125 in x 7.25 in;Fever Tree174 Tonic Water - 4pk / 6.8oz Bottle;2013-10-29T00:00:00Z;;;These were once the best Ginger Beers in the world. Nothing else even came close. I had been buying these by the case for years from Amazon (sometimes as many as 1-3 cases per month)! They were not only the most mouth watering concoction I had ever tasted in my life (and I know my Ginger Beers), but they helped me so much in quelling the nausea I am dealing with from doing chemo, as there was so much fresh Ginger in them (almost medicinal for me). A tonic that I could never let myself run out of. Thanks to Amazon Prime, I never did run out, and all was well for a very long time.Everything changed in October 2013 when I received three cases of this once wonderful Ginger Beer. They looked funny, tasted odd, and even bitter, and all shared an expiration date of 7/14. I know this product rather well and knew that something was really wrong here. Whatever spilled into the batches that expire 7/14, all had something in them that simply did not belong. There was no mistaking that something was wrong here. We even had neighbors taste test with us, and they agreed that something was definitely very odd in the ones that we had just received, which all expired 7/14.One of these neighbors owns a home nearby, and as a bartender, knows the Fever Tree mixers well. He said that it was obvious that the factory thought it was still making Tonic Water and let Quinine or whatever makes up tonic, run into these instead of natural spring water, as always used. That would explain the strange and unrecognizable bitterness. All I knew is that I was now stuck with three cases of stuff that tasted awful.I contacted Fever Tree directly to make them aware of this problem, as well as Brands Of Britain, who is the sole, authorized, distributor here in the United States.Read more
Cobblestone Bread Co.;;Cobblestone Bread Co. Original English Muffins, 6 ct, 12 oz;2016-02-25T00:00:00.000Z;sí;5;Cobblestone Bread Co. Original English Muffins are wonderful for breakfast sandwiches. Toasted and spread with butter and drizzled with honey or jam, What can I say Not enough for sure. You have to try them. Maybe for lunch with chicken salad Or a BLT when tomatoes are ripe and juicy. Any way, they are the BEST!
Cobblestone Bread Co.;;Cobblestone Bread Co. Original English Muffins, 6 ct, 12 oz;2016-02-05T00:00:00.000Z;sí;4;I like these better than Thomas English Muffins. The texture and pre-slitting is better.
Cobblestone Bread Co.;;Cobblestone Bread Co. Original English Muffins, 6 ct, 12 oz;2016-11-10T00:00:00.000Z;sí;3;Cobblestone English Muffins, Wheat, 6ct. Are they 'spose to be SO Doughy Hard to slice 'cuz the doughy inside balls-up. Taste very good, (only after toasting till the edges burn)
Cobblestone Bread Co.;;Cobblestone Bread Co. Original English Muffins, 6 ct, 12 oz;2016-01-22T00:00:00.000Z;sí;5;These English Muffins are very good and they are half the price of others.
Cobblestone Bread Co.;;Cobblestone Bread Co. Original English Muffins, 6 ct, 12 oz;2016-04-10T00:00:00.000Z;sí;5;I love the Cobblestone Original English Muffins. Being from New England, these are the type of English Muffins I am used to. I don't like those other ones with the nooks and crannies. In New England, you can find this type in every grocery store, not necessarily the Cobblestone brand. It's hard to find this type in the south. Seems like they only sell Thomas's which are gross. Sometimes I can find these at Food Lion but my Walmart doesn't even have a spot on the shelf.
Cobblestone Bread Co.;;Cobblestone Bread Co. Original English Muffins, 6 ct, 12 oz;2016-06-04T00:00:00.000Z;sí;5;This product is as good as if not better. Stays fresher longer and their other products are very good as well.
Cobblestone Bread Co.;;Cobblestone Bread Co. Original English Muffins, 6 ct, 12 oz;2016-05-15T00:00:00.000Z;sí;5;Bought these just to try them out.... they were great... flavorful, crispy when lightly toasted.. we will definitely buy them again.
Cobblestone Bread Co.;;Cobblestone Bread Co. Original English Muffins, 6 ct, 12 oz;2016-06-07T00:00:00.000Z;sí;5;first time trying these... really good
Cobblestone Bread Co.;;Cobblestone Bread Co. Original English Muffins, 6 ct, 12 oz;2016-05-11T00:00:00.000Z;sí;4;Great much better than the name brand
Cobblestone Bread Co.;;Cobblestone Bread Co. Original English Muffins, 6 ct, 12 oz;2016-02-24T00:00:00.000Z;sí;5;Doesn't have nooks and crannies but for the price I really enjoy them.
Cobblestone Bread Co.;;Cobblestone Bread Co. Original English Muffins, 6 ct, 12 oz;2015-12-09T00:00:00.000Z;no;2;Not soft like Orowheat!!
Woodbridge;;Woodbridge by Robert Mondavi Cabernet Sauvignon Wine, 1.5 L;2017-08-06T00:00:00.000Z;sí;4;Dry enough but not overpowering.
Woodbridge;;Woodbridge by Robert Mondavi Chardonnay Wine, 1.5 L;2013-03-23T00:00:00.000Z;sí;4;This Chardonnay pairs great with all types of meals and also seems to appease all wine drinkers. Good choice for large gatherings. Great value and guests are happy with the quality.
Mr. & Mrs. T;13.938 in x 9.813 in x 12.438 in;Mr _ Mrs T Original Bloody Mary Mix, 59.2 fl oz, ();2016-10-06T00:00:00.000Z;sí;5;This is my favorite brand and size...........I drink it instead of V-8 for breakfast, along with an occasional true Bloody Mary when I am entertaining friends. My only complaint is the delivery packaging of a pack of 6 - the box was delivered upside down and was ripped - the contents, thankfully, were not damaged. It would help if the outer box was labeled THIS SIDE UP !!
Mr. & Mrs. T;13.938 in x 9.813 in x 12.438 in;Mr _ Mrs T Original Bloody Mary Mix, 59.2 fl oz, ();2013-12-19T00:00:00.000Z;sí;5;I love this product and drink usually an 8 oz bottle daily with nothing in it but the mix. It is like Snappy Tom but I like it better. The last time I ordered a case of it and it is almost gone already. If you like a spicy tomato drink I highly recommend it.
Mr. & Mrs. T;13.938 in x 9.813 in x 12.438 in;Mr _ Mrs T Original Bloody Mary Mix, 59.2 fl oz, ();2015-10-26T00:00:00.000Z;sí;5;I love this and drink it without alcohol every day. But, it is practically non existent in the stores. You can find Bold Spicy but not this. And why does this cost almost 2.00 more per bottle then the Bold Spicy
Cocktail Artist;;Cocktail Artist Essential Bar Ingredients Premium Manhattan Mix, 25.3 fl oz;2017-05-10T00:00:00.000Z;sí;5;Hi, this is Cocktail Artist Robert Porter. First, I'd like to thank you for taking the time to review my Cocktail Artist Premium Manhattan Mix. I am totally humbled and very passionate about bringing you this remarkable product. What I've done is take out the guess work for making an exceptional Manhattan at home. Just use 2 parts whiskey and 1 part CA Manhattan Mix, stir with ice and enjoy...yes it's that easy! By being able to create a unique product that is made with all natural ingredients and pure cane sugar you get a smooth, well balanced cocktail that doesn't have any artificial flavors or aftertaste. Try my Manhattan Mix with other Cocktail Artist essential bar ingredients, to easily create a variety of amazing drinks. Use it with our Cocktail Artist lemon juice to make the perfect Whiskey Sour or with our CA Mint Syrup for an amazing Mint Julip. If your not a big fan Whiskey, you can use this with other spirits. Mix tequila with CA Manhattan mix and our premium lime juice for a fine Margarita. Or make a Dark and Stormy using lite rum, CA Manhattan Mix, CA Mule Mix and top with club soda. Another favorite of mine is the Nigroni with Gin, CA Manhattan Mix, Campari and an orange twist. I urge you guys to exparament and see what you can create. Make the glass your canvas, mix it like you mean it. Robert.
Cocktail Artist;;Cocktail Artist Essential Bar Ingredients Premium Manhattan Mix, 25.3 fl oz;2017-05-14T00:00:00.000Z;sí;5;OMG....Love, Love the best cocktail mix ever!!!! A must try for everyone, Don't miss out!
Cocktail Artist;;Cocktail Artist Essential Bar Ingredients Premium Manhattan Mix, 25.3 fl oz;2017-05-10T00:00:00.000Z;sí;5;Although I don't feel it's necessary to describe how angels came down from heaven to squeeze tiny droplets of Nirvana into a bottle to be sold across the country in retailers under this brand and recipe... I feel I will be expressing this to everyone I meet until the bitter end of my life. This mix... this powerful concoction of pure ecstasy ... is unbelievably awesome and will likely turn me into a raging alcoholic passed out in a gutter occasionally coming to the surface to scream I need more as monkeys and degenerate courtesans frolic in my bodily fluids streaming from both ends. It's that freaking good folks... buy it... buy cases of it... snort it, drink it, shoot it, whatever you do ... just try it! Once you do you'll be on here leaving another depraved review... hopefully three times more twisted than mine! God Speed. God Speed.
Cocktail Artist;;Cocktail Artist Essential Bar Ingredients Premium Manhattan Mix, 25.3 fl oz;2017-05-10T00:00:00.000Z;sí;5;After finding out that I was hosting an impromptu b-day party for a friend I scrambled knowing that my beverage knowledge was very basic, limited to essentially beer, wine and liquor/soda. Further, I knew that I would soon host several liquor pros, including those that would size-up my novice bartending abilities. Enter the Cocktail Artist Essential Bar Ingredients Premium Manhattan Mix. Making my pre-shindig trip to Walmart, I circled the aisles looking for something that could help me out. I came across a bottle of this liquid magic which allowed me to craft top-notch Manhattans. To this day, I still am asked by party patrons what was my secret recipe, go figure! If you need instant bartender credibility for your next soire, look no further than this life-saver.
Cocktail Artist;;Cocktail Artist Essential Bar Ingredients Premium Manhattan Mix, 25.3 fl oz;2017-05-10T00:00:00.000Z;sí;5;Bought this on a whim last minute for a dinner party and was very pleasantly surprised . ...tried it with both bourbon (bulleit) and rye (rittenhouse) and both came out great. It has a nice citrusyness that brings all the flavors together quite nicely and it wasn't too sweet or syrupy or artificial tasting at all. Loved this product and will definitely be making it a staple in my home bar...can't wait to sample the other products in their line as well
Cocktail Artist;;Cocktail Artist Essential Bar Ingredients Premium Manhattan Mix, 25.3 fl oz;2017-05-17T00:00:00.000Z;sí;5;The BEST easiest manhatten EVER! Was such a great mix to have for our diy cocktail party! Now it's always in our bar at home! Sometimes you just need a fancy drink
Cocktail Artist;;Cocktail Artist Essential Bar Ingredients Premium Manhattan Mix, 25.3 fl oz;2017-05-14T00:00:00.000Z;sí;5;Best cocktail product ever! My husband is a 33yr career bartender this changed his game, it is now the staple of his bar. It's so smooth light, makes it impossible to have just 1:-)
Cocktail Artist;;Cocktail Artist Essential Bar Ingredients Premium Manhattan Mix, 25.3 fl oz;2017-05-17T00:00:00.000Z;sí;5;I'm very impressed with the fact that this Mannhattan Mix represented by Robert Porter, has natural ingredients, and is not laden with fake chemicals. I prefer my drinks to taste real, fresh and balanced, and this mix is a lovely complement to my whiskey of choice. I highly recommend this mix!
Cocktail Artist;;Cocktail Artist Essential Bar Ingredients Premium Manhattan Mix, 25.3 fl oz;2017-05-12T00:00:00.000Z;sí;5;This is amazing!! I was shocked by how smooth, and tasty it was!! Usually I do not buy cocktail mixes but a friend recommended this one to me, and I am so glad she did. I love it! It will defiantly be a staple in my home and parties!!
Cocktail Artist;;Cocktail Artist Essential Bar Ingredients Premium Manhattan Mix, 25.3 fl oz;2017-05-10T00:00:00.000Z;sí;5;I have to say I never thought of buying a mix like this, but it is so tasty and delicious! All you have to do is add your favorite whiskey and some Robert Porter over ice. Super easy manhattan and very smooth, and tastes amazing! Highly recommended.
Cocktail Artist;;Cocktail Artist Essential Bar Ingredients Premium Manhattan Mix, 25.3 fl oz;2017-05-11T00:00:00.000Z;sí;5;I wasn't too sure about this at first because it was so inexpensive...but thought I'd give it a shot. It far exceeded all expectations!!! So delicious and smooth!!! Super impressed! Plus it doesn't hurt that the guy on the bottle is cute...just sayin
Cocktail Artist;;Cocktail Artist Essential Bar Ingredients Premium Manhattan Mix, 25.3 fl oz;2017-05-16T00:00:00.000Z;sí;5;This is a superb drink for those days you don't feel like getting dressed for that upscale bar downtown. Invite a friend and share this cocktail at home. This is an elegant drink for those with a sophisticated palate. This cocktail will now be a staple in my home bar.
Cocktail Artist;;Cocktail Artist Essential Bar Ingredients Premium Manhattan Mix, 25.3 fl oz;2017-05-10T00:00:00.000Z;sí;5;Not personally into pre made mixes, but bought this for entertaining friends the other night. Was extremely impressed! So smooth and balanced! Everyone LOVED their manhattans! All you have to do is add your whiskey or bourbon of choice. There are no artificial flavors or high fructose corn syrups in the mix either. Just pure cane sugar. Honestly probably safer than using the liqueurs on the market! As a bartender myself I'm telling you to get this product!!
Cocktail Artist;;Cocktail Artist Essential Bar Ingredients Premium Manhattan Mix, 25.3 fl oz;2017-05-17T00:00:00.000Z;sí;5;I used this Manhattan Mixer at our weekend pool party and it was an absolute hit!!! Cocktails were delicious and simple to make. It was one of the conversational pieces of the party!!!
Cocktail Artist;;Cocktail Artist Essential Bar Ingredients Premium Manhattan Mix, 25.3 fl oz;2017-05-10T00:00:00.000Z;sí;5;This is great stuff! I wasn't sure what to expect before trying it, because it's the first time I've tried Manhattan Mix. It is so easy to make and even easier to drink. Delicious, smooth, wonderful on the palette. Next time I'm in I'm going to buy 6 of them, and also get some for my friends. Great stuff, please keep this in stock!
Cocktail Artist;;Cocktail Artist Essential Bar Ingredients Premium Manhattan Mix, 25.3 fl oz;2017-05-11T00:00:00.000Z;sí;4;Love this... great product!! Prefect for parties... graduation, summer bbq's...
Cocktail Artist;;Cocktail Artist Essential Bar Ingredients Premium Manhattan Mix, 25.3 fl oz;2017-05-17T00:00:00.000Z;sí;5;It's a full bodied and delicious!! I use it at get together or just when I'm needing that Manhattan at home after work!
Cocktail Artist;;Cocktail Artist Essential Bar Ingredients Premium Manhattan Mix, 25.3 fl oz;2017-05-14T00:00:00.000Z;sí;5;I am a fan of the Manhattan, although rarely do I buy a mix. However I decided to give this a try, the price couldn't be beat. Smooth taste, authentic to a true Manhattan. Just follow the directions on the bottle, simple as that. It's a great tasting mixer, in a good size bottle at a good price.
Cocktail Artist;;Cocktail Artist Essential Bar Ingredients Premium Manhattan Mix, 25.3 fl oz;2017-05-11T00:00:00.000Z;sí;5;This was the best buy the Manhattan was perfect , tasty, and smooth. I was at a party and first tried the drink and went out and purchased for my party coming up. I had to share I think people will love love it!!
Cocktail Artist;;Cocktail Artist Essential Bar Ingredients Premium Manhattan Mix, 25.3 fl oz;2017-05-17T00:00:00.000Z;sí;5;Great tasting fool proof mix served in a very stylish bottle!!!
Cocktail Artist;;Cocktail Artist Essential Bar Ingredients Premium Manhattan Mix, 25.3 fl oz;2017-05-11T00:00:00.000Z;sí;5;This is so delicious! You can actually make a perfect tasting, smooth Manhattan like a pro. Great product!
Cocktail Artist;;Cocktail Artist Essential Bar Ingredients Premium Manhattan Mix, 25.3 fl oz;2017-05-14T00:00:00.000Z;sí;5;Had this for a party last night it was a hit! Fantastic mix, whoever put this together knows their stuff! Highly recommended
Cocktail Artist;;Cocktail Artist Essential Bar Ingredients Premium Manhattan Mix, 25.3 fl oz;2017-05-10T00:00:00.000Z;sí;5;What an amazing product!! Absolutely love it!!
Cocktail Artist;;Cocktail Artist Essential Bar Ingredients Premium Manhattan Mix, 25.3 fl oz;2017-05-17T00:00:00.000Z;sí;5;This product is so simple and easy to use !! I've tried different manhatan mixes before and this one is by far my favorite! It meshes very well w any burbon and the flavors don't overpower and try to mask the burbon like other products !!! It's an essential to my mini bar at home !!AMAZING PRODUCT!!
Cocktail Artist;;Cocktail Artist Essential Bar Ingredients Premium Manhattan Mix, 25.3 fl oz;2017-05-11T00:00:00.000Z;no;2;I have a manhattan almost everyday after work. My wife bought me this to try and although it is decent, it is not necessary. Spend your money on quality vermouth and of course the best bourbon one can afford.
Cocktail Artist;;Cocktail Artist Essential Bar Ingredients Premium Manhattan Mix, 25.3 fl oz;2017-05-17T00:00:00.000Z;sí;5;I've already went through 5 bottles of this stuff! Great tasting and smooth... and so easy to make my favorite drink.. a manhattan! Definitely recommend this as a premium mixer.
Cocktail Artist;;Cocktail Artist Essential Bar Ingredients Premium Manhattan Mix, 25.3 fl oz;2017-05-17T00:00:00.000Z;sí;5;A must for every home bar!! How easy can it get.
Cocktail Artist;;Cocktail Artist Essential Bar Ingredients Premium Manhattan Mix, 25.3 fl oz;2017-05-17T00:00:00.000Z;sí;5;amazing product. It make making a cocktail easy and tastes great.
Cocktail Artist;;Cocktail Artist Essential Bar Ingredients Premium Manhattan Mix, 25.3 fl oz;2017-05-17T00:00:00.000Z;sí;5;So good! It really makes having a craft cocktail at home really easy. It is so hard to find natural products these days, especially mixers. I really love this one. The taste is excellent! I'm going to try some of the other mixers now too. This one is definitely my new favorite mixer!
Cocktail Artist;;Cocktail Artist Essential Bar Ingredients Premium Manhattan Mix, 25.3 fl oz;2017-05-17T00:00:00.000Z;sí;5;I love this mix!! It's easy and taste delicious!!!!
Cocktail Artist;;Cocktail Artist Essential Bar Ingredients Premium Manhattan Mix, 25.3 fl oz;2017-05-17T00:00:00.000Z;sí;5;After tasting the smooth flavor of this mix, I discovered a more natural way to enjoy a manhattan!!
Cocktail Artist;;Cocktail Artist Essential Bar Ingredients Premium Manhattan Mix, 25.3 fl oz;2017-05-17T00:00:00.000Z;sí;5;This mix was the star of the party. We could not make it fast enough for the guest to drink
Cocktail Artist;;Cocktail Artist Essential Bar Ingredients Premium Manhattan Mix, 25.3 fl oz;2017-05-17T00:00:00.000Z;sí;5;Although this is a Manhattan mix, I love to add it to many of my cocktails! The flavors are so complex, they elevate the flavor profile of my concoctions!
Jose Cuervo;2.70 in x 3.70 in x 11.30 in;Jose Cuervo Classic Lime The Original Margarita Mix, 33.8 fl oz;2015-09-20T00:00:00.000Z;sí;4;It was a little tart but I like that.
Jose Cuervo;2.70 in x 3.70 in x 11.30 in;Jose Cuervo Classic Lime The Original Margarita Mix, 33.8 fl oz;2016-03-16T00:00:00.000Z;sí;5;What a great mix. Makes an excellent Margarita. Just add tequila.
Jose Cuervo;2.70 in x 3.70 in x 11.30 in;Jose Cuervo Classic Lime The Original Margarita Mix, 33.8 fl oz;2016-08-15T00:00:00.000Z;no;1;Very small amount for the price. Won't make this mistake again!
Jose Cuervo;2.70 in x 3.70 in x 11.30 in;Jose Cuervo Classic Lime The Original Margarita Mix, 33.8 fl oz;2015-11-02T00:00:00.000Z;sí;5;This is the Bomb!
Pain Is Good;;Pain Is Good Most Wanted Cajun Spice Bloody Mary Mix, 32 fl oz;2017-01-30T00:00:00.000Z;sí;4;Sweet then hits you like fire!
Pain Is Good;;Pain Is Good Most Wanted Cajun Spice Bloody Mary Mix, 32 fl oz;2016-12-30T00:00:00.000Z;sí;4;Good spice and a cool label on the bottle!
Pain Is Good;;Pain Is Good Most Wanted Cajun Spice Bloody Mary Mix, 32 fl oz;2016-03-17T00:00:00.000Z;sí;3;Very poor packaging, wrapping and shipping. Two of three bottles were broke on arrival .
Bud Liight Lime;;Bud Light Lime Grape-Ahh-Rita Margarita, 25 fl oz;2017-07-18T00:00:00.000Z;sí;5;If you love grape juice with a twist, this is a must try!!
Pinnacle;;Pinnacle Whipped Flavored Vodka, 375 mL;2017-08-13T00:00:00.000Z;sí;5;Everything is great about this product, cheap price, perfect taste. Mixing this flavor with just a soda makes it delicious.
Jim Beam Black;;Jim Beam Black Bourbon Whiskey, 375.0 ML;2017-08-06T00:00:00.000Z;sí;5;I'm a single malt Scotch guy. I generally have two fingers neat with a quality cigar about once a week. On a stressful day, I'll have a couple of beers or so after work before the family gets home. The trouble is the beer gut that comes with that trend. I was looking for something similar to my favorite Scotch, which is a little out of my budget to drink daily. Jim Beam Black is an awesome substitute with the rich white oak aroma and flavor. It isn't near as smooth as my favorite Scotch, but the flavor is on point. Thank you Jim Beam for putting this great whiskey out there at an affordable price. You've got a customer for life!
Jim Beam Black;;Jim Beam Black Bourbon Whiskey, 375.0 ML;2017-08-07T00:00:00.000Z;sí;5;Exceptionally good flavor!
Jim Beam Black;;Jim Beam Black Bourbon Whiskey, 375.0 ML;2017-07-27T00:00:00.000Z;sí;5;No matter where I go after years of various bourbon tastings....Jim Beam Black is head and shoulders above the rest no matter what the price tag!
Jim Beam Black;;Jim Beam Black Bourbon Whiskey, 375.0 ML;2017-07-24T00:00:00.000Z;sí;5;I'm personally a wild turkey drinker. But cudos to Jim beam for producing such a classy commercial. Got the right girl to be their spokesperson. Good job. Very classy.
Jim Beam Black;;Jim Beam Black Bourbon Whiskey, 375.0 ML;2017-07-24T00:00:00.000Z;sí;5;Seriously You ask what's great about it What isn't great about it
Jim Beam Black;;Jim Beam Black Bourbon Whiskey, 375.0 ML;2017-06-28T00:00:00.000Z;sí;5;No explanation necessary.
Jim Beam Black;;Jim Beam Black Bourbon Whiskey, 375.0 ML;2017-06-20T00:00:00.000Z;sí;5;I first started drinking Jim Bean when i went camping. I didnt want to carry the bear around so i tried jim bean. My first was Red Stag Cherry. Than i tried devils cut when i came home. I have been hooked ever since. I usually mix with coke or dr.pepper.
Jim Beam Black;;Jim Beam Black Bourbon Whiskey, 375.0 ML;2017-06-12T00:00:00.000Z;sí;5;This is the best bourbon under 50 you can buy. One of the smoothest bourbons I've tasted. I typically drink Woodford Reserve or Eagle Rare until I tried this. I buy a bottle every two weeks now.
Jim Beam Black;;Jim Beam Black Bourbon Whiskey, 375.0 ML;2017-06-08T00:00:00.000Z;sí;5;This is Beam at it's best very smooth.
Jim Beam Black;;Jim Beam Black Bourbon Whiskey, 375.0 ML;2017-05-27T00:00:00.000Z;sí;5;I tried JB Black for the first time tonight. It is so smooth. We made whiskey sours with it and they were awesome. Thanks Jim Beam for this awesome bourbon!!!
Jim Beam Black;;Jim Beam Black Bourbon Whiskey, 375.0 ML;2017-05-19T00:00:00.000Z;sí;5;I have been enjoying JB Black for the past three years. The has all the flavor os a higher proof, bur 86, I can have another without collapsing. Now it has disappeared from even the most extensive liquor stores in my area. What happened The double oaked is OK, but no match for the black. Where can I find it in Sonoma County, California
Jim Beam Black;;Jim Beam Black Bourbon Whiskey, 375.0 ML;2017-05-22T00:00:00.000Z;sí;5;I bought this in early December and it didn't make it to the new year... This one is Awesome, keep up the great work!
Jim Beam Black;;Jim Beam Black Bourbon Whiskey, 375.0 ML;2017-05-05T00:00:00.000Z;sí;5;Absolutely love, love, love it!!
Jack Daniel's;;Jack Daniel's Master Distiller Series Tennessee Whiskey, 750mL;2017-06-22T00:00:00.000Z;sí;5;I really like how compact and easy to use this pressure washer is, would buy it again in an instant after using it.
Jack Daniel's;;Jack Daniel's Master Distiller Series Tennessee Whiskey, 750mL;2017-05-17T00:00:00.000Z;sí;3;First off its not as powerful as the gas model I had but its not as bad as the other reviews describe. My gas model would peel paint. This one is not that strong. If you need something to wash and clean, it works fine on concrete and dirt. If you need to peel paint, get a gas one.
Jack Daniel's;;Jack Daniel's Master Distiller Series Tennessee Whiskey, 750mL;2017-05-17T00:00:00.000Z;sí;5;I was lucky to purchase this power washer on sale for 99.99 . My patio and porch look like new. My drive way and sidewalks look new as well. I decided to power wash my house too. All with just water. Everything done in about 6 hours. Easy to use. Great investment great review. Barbecue pits are next.
Jack Daniel's;;Jack Daniel's Master Distiller Series Tennessee Whiskey, 750mL;2017-04-19T00:00:00.000Z;no;2;I used this a lot to clean my wheel wells on my truck of road pack and the underside of my riding mower. I was disappointed to see that after only 2 years of use my pump developed a leak which would cost more to fix than than buying a new unit. I am retired and can't afford to buy one every 2 years but it looks like I will.
Jack Daniel's;;Jack Daniel's Master Distiller Series Tennessee Whiskey, 750mL;2017-03-26T00:00:00.000Z;no;2;If you're going to take the time a pressure wash your driveway or your house, this is not worth the time or effort. The nozzle is so small and the actual dirt that comes off is the same amount from a normal hose.
Jack Daniel's;;Jack Daniel's Master Distiller Series Tennessee Whiskey, 750mL;2017-05-17T00:00:00.000Z;sí;5;I also got this during Sam's Spring sale. Having messed with my father's 10 year old Electric pressure washer, I didn't have high hopes. I was looking for something inexpensive that would clean my driveway, grill and fence every so often. Yes, gas models are more powerful, but they're more expensive and you need to maintain them. First off - the build quality. Seems rugged. Metal couplings for hoses (vs plastic for my dad's old one). How well it does: Concrete was cleaned! The big circle washer does an OK job, but the turbo washer really gets it done (see photo). The big circle washer would be good for maintaining, not for a deep clean. Also had no issues cleaning my grill from 2 years of grease. Overall with a 2 year warranty I'm pretty happy with this!
Jack Daniel's;;Jack Daniel's Master Distiller Series Tennessee Whiskey, 750mL;2017-08-04T00:00:00.000Z;sí;5;Bought, assembled, and used it to clean concrete with mold, mildew, and moss on it. Worked great.
Jack Daniel's;;Jack Daniel's Master Distiller Series Tennessee Whiskey, 750mL;2017-07-12T00:00:00.000Z;sí;4;I got this to do a power washing job, and I love it. It's small yet powerful comes with a variety of different accessories that you would end up paying more money for.
Jack Daniel's;;Jack Daniel's Master Distiller Series Tennessee Whiskey, 750mL;2017-07-02T00:00:00.000Z;sí;5;Sam's Club is 99 percent pleasing with its all of its sales products. Everything from electrical, electronic, groceries, furniture, building products, recreational and mechanical etc... My black max pressure washer gets five stars and the sales price was the best! I recommended that my youngest son purchase one and he loves it too. Thanks, Sams Club
Jack Daniel's;;Jack Daniel's Master Distiller Series Tennessee Whiskey, 750mL;2017-07-06T00:00:00.000Z;sí;5;Great electric pressure washer, the scrubber worked great on my patio.
Jack Daniel's;;Jack Daniel's Master Distiller Series Tennessee Whiskey, 750mL;2017-07-02T00:00:00.000Z;sí;5;I purchased an electric model just to avoid another gas engine. This model works good cleaning our patio aggregate steps, walk driveway. It's light weight, easy to store priced accordingly.
Jack Daniel's;;Jack Daniel's Master Distiller Series Tennessee Whiskey, 750mL;2017-06-22T00:00:00.000Z;sí;5;I'm a woman who doesn't like to wait for her husband to help her do something. I can operate this by myself. I was surprised at how nicely it cleaned our composite decking. Our 40 year oldcement steps had green moss and black stains and I was able to clean they also. I used Scott's outdoor soap and can easily attach different nozzles and attachments. I hated our our gas power washer and we had much trouble with it. I hope this one lasts as it is a good value.
Jack Daniel's;;Jack Daniel's Master Distiller Series Tennessee Whiskey, 750mL;2017-07-03T00:00:00.000Z;sí;3;I bought this article on sale and was a good deal it doesn't has a lot of power but works.
Jack Daniel's;;Jack Daniel's Master Distiller Series Tennessee Whiskey, 750mL;2017-07-03T00:00:00.000Z;sí;5;I did purchase this pressure washer about a month ago and just used it. I am very happy with it. I got a lot of bang for my buck. I really like it.
Jack Daniel's;;Jack Daniel's Master Distiller Series Tennessee Whiskey, 750mL;2017-07-02T00:00:00.000Z;sí;5;For its size works good. Have two gas ones but can't use inside due to fumes. This electric one does the job.
Jack Daniel's;;Jack Daniel's Master Distiller Series Tennessee Whiskey, 750mL;2017-07-05T00:00:00.000Z;sí;5;Great price works great
Jack Daniel's;;Jack Daniel's Master Distiller Series Tennessee Whiskey, 750mL;2017-07-03T00:00:00.000Z;sí;4;Does what I need it to do. Great attachments. Not as powerful as gas powered but knew that before purchase.
Jack Daniel's;;Jack Daniel's Master Distiller Series Tennessee Whiskey, 750mL;2017-07-02T00:00:00.000Z;sí;4;Nice machine . It's slower than a gas machine but it gets the job done.
Jack Daniel's;;Jack Daniel's Master Distiller Series Tennessee Whiskey, 750mL;2017-06-23T00:00:00.000Z;sí;5;I have used the Black Max Pressure washer countless times since it arrived. I was able to clean green moss type mold from between the clay bricks in my courtyard that has been there for years. This piece of equipment is very easy to handle, even for a small person such as myself. I LOVE MY PRESSURE WASHER!!!!
Jack Daniel's;;Jack Daniel's Master Distiller Series Tennessee Whiskey, 750mL;2017-06-23T00:00:00.000Z;sí;5;Had a gas pressure washer. Worked well for a couple of years, with some minor repairs, then finally went kaput. Only need it for light cleaning. This one started without problem, and did the job it was intended for. AND it was reasonably priced.
Jack Daniel's;;Jack Daniel's Master Distiller Series Tennessee Whiskey, 750mL;2017-06-18T00:00:00.000Z;no;1;Bought last year and used once. Not strong enough to do much more than wash your car. Sprayer is plastic and not rugged. Sprayer ailed on me this year. Internal components rusted even though the washer was drained. Threaded connection to the sprayer is plastic. Cheaply made. Now junkyard.
Schweppes;;Schweppes Diet Tonic Water, 1 L;2016-04-15T00:00:00.000Z;sí;4;Schweppes makes a good Diet Tonic. I prefer Canada Dry only because it seems to hold the fizz longer. I don't drink generic, I have not found any of the off-brands that taste good compared to Schweppes and Canada Dry. Please don't stop carrying or even add Canada Dry. The only other thing I suggest is to stock more on the shelves as most of the time there is maybe one or two on the shelf. Sartell Walmart
Schweppes;;Schweppes Diet Tonic Water, 1 L;2016-08-09T00:00:00.000Z;sí;5;If you drink tonic water, this one is the best tasting and it is great that Walmart now has it available and will ship it to your home. I hope they continue this!
Schweppes;;Schweppes Diet Tonic Water, 1 L;2016-03-03T00:00:00.000Z;no;1;the product advertise said 15pk, I have no idea what that means but I assumed it was going to be 15 pack - it turned out to be one bottle for 2.50 - less expensive to buy at the store! It does not make any sense.
Schweppes;;Schweppes Diet Tonic Water, 1 L;2017-01-26T00:00:00.000Z;sí;5;Great taste
Schweppes;;Schweppes Diet Tonic Water, 1 L;2016-05-30T00:00:00.000Z;sí;5;I have been trying to cut back on sugar and found this has the best taste , I compared Canada Dry,Polar,Walmart . But I can't find in smaller bottle or cans.
Schweppes;;Schweppes Diet Tonic Water, 1 L;2016-07-05T00:00:00.000Z;sí;5;Great product and will purchase again.
Schweppes;;Schweppes Diet Tonic Water, 1 L;2016-05-14T00:00:00.000Z;sí;5;Schweppes Tonic is the best there is because it doesn't lose it's fizz and always has a great refreshing taste.
Schweppes;;Schweppes Diet Tonic Water, 1 L;2016-02-26T00:00:00.000Z;sí;3;It was just ok, I will buy it only if you guys run out of your Great Value Diet Tonic Water. (Because I have to have the diet) Schweppes just doesn't have the flavor nor does it it hold its carbonation like the Great Value Brand does.
Schweppes;;Schweppes Diet Tonic Water, 1 L;;TRUE;;Schweppes Tonic is the best there is because it doesn't lose it's fizz and always has a great refreshing taste.
Schweppes;;Schweppes Diet Tonic Water, 1 L;;FALSE;;the product advertise said 15pk, I have no idea what that means but I assumed it was going to be 15 pack - it turned out to be one bottle for $2.50 - less expensive to buy at the store! It does not make any sense.
Schweppes;;Schweppes Diet Tonic Water, 1 L;;FALSE;;It was just ok, I will buy it only if you guys run out of your Great Value Diet Tonic Water. (Because I have to have the diet) Schweppes just doesn't have the flavor nor does it it hold its carbonation like the Great Value Brand does.
Schweppes;;Schweppes Diet Tonic Water, 1 L;;TRUE;;Great product and will purchase again.
Schweppes;;Schweppes Diet Tonic Water, 1 L;;TRUE;;If you drink tonic water, this one is the best tasting and it is great that Walmart now has it available and will ship it to your home. I hope they continue this!
Schweppes;;Schweppes Diet Tonic Water, 1 L;;TRUE;;Schweppes makes a good Diet Tonic. I prefer Canada Dry only because it seems to hold the fizz longer. I don't drink generic, I have not found any of the off-brands that taste good compared to Schweppes and Canada Dry. Please don't stop carrying or even add Canada Dry. The only other thing I suggest is to stock more on the shelves as most of the time there is maybe one or two on the shelf. Sartell Walmart
Schweppes;;Schweppes Diet Tonic Water, 1 L;;TRUE;;I have been trying to cut back on sugar and found this has the best taste , I compared Canada Dry,Polar,Walmart . But I can't find in smaller bottle or cans.
APOTHIC;;Apothic Red Wine, 750 mL;2017-07-19T00:00:00.000Z;sí;5;This is a rich and delicious red wineblend that many will enjoy, its full of dark fruit flavors and zinfindel. The best red blend that i have ever had.
Jim Beam;;Jim Beam Apple Bourbon Whiskey, 1 L;2017-08-10T00:00:00.000Z;sí;5;It's delish! The only suggestion I have is to sell a bigger bottle with a handle.
Jim Beam;;Jim Beam Apple Bourbon Whiskey, 1 L;2017-07-14T00:00:00.000Z;sí;5;I love everything about Jim Beam Apple... The taste is great and it goes down smooth! It's one of the best drinks out there with or without any added mixes....
Jim Beam;;Jim Beam Apple Bourbon Whiskey, 1 L;2017-07-14T00:00:00.000Z;sí;5;I was hesitant to buy Jim Beam Apple, after trying other apple whiskeys, but I was not disappointed! It's so smooth, light and fruity. Very good!
Jim Beam;;Jim Beam Apple Bourbon Whiskey, 1 L;2017-07-14T00:00:00.000Z;sí;3;Very smooth, but very sweet. I would like to know how much sugar is added...
Jim Beam;;Jim Beam Apple Bourbon Whiskey, 1 L;2017-05-28T00:00:00.000Z;sí;5;I mix the Jim Beam apple with a little ginger ale, it is a great summer refreshment.
Jim Beam;;Jim Beam Apple Bourbon Whiskey, 1 L;2017-05-20T00:00:00.000Z;sí;5;It makes the greatest apple bourbon martini
Jim Beam;;Jim Beam Apple Bourbon Whiskey, 1 L;2017-05-08T00:00:00.000Z;sí;5;Outstanding. Smooth. Easy to drink
Jim Beam;;Jim Beam Apple Bourbon Whiskey, 1 L;2017-05-06T00:00:00.000Z;sí;5;The apple Jim Beam is the bomb it's smooth no chaser needed I am hooked.
Jim Beam;;Jim Beam Apple Bourbon Whiskey, 1 L;2017-05-04T00:00:00.000Z;sí;5;This is a great tasting refreshing drink
Powell Mahoney;3.0 in x 3.0 in x 11.3 in;Powell Mahoney174 Bloody Mary Mix - 750ml Bottle;2017-05-08T02:35:03.000Z;sí;5;Just as good as any good bar Bloody Mary!!!!!
Jose Cuervo;4.0 in x 12.0 in x 4.0 in;Jose Cuervo174 Light Margarita Mix - 1.75l Bottle;2017-05-29T00:00:00.000Z;sí;5;if you are trying to save calories and still have a tasty margarita this mix is great. use a few drops of essential lime oil to give a more natural taste though...
Jose Cuervo;4.0 in x 12.0 in x 4.0 in;Jose Cuervo174 Light Margarita Mix - 1.75l Bottle;2017-02-25T00:00:00.000Z;sí;5;My wife loves margaritas. And, I have always struggled with How to make the perfect Margarita. But, along comes Jose Cuervo Classic Lime Light Margarita Mix and l feel like a pro. With zero calories zero carbs and zero sugars, the only calories (sugars) are from the alcohol. This mix is the best. Here's my formula: - 2 parts mix - 1 part tequila (I love Logado from Total Wine) - 3 to 4 teaspoons of artificial sweetner - a big splash of Gran Gala Liquer (the drink should become a light amber color) - 1/2 fresh lime juice Mix well and add crushed ice. Voila!
Jose Cuervo;4.0 in x 12.0 in x 4.0 in;Jose Cuervo174 Light Margarita Mix - 1.75l Bottle;2016-07-09T00:00:00.000Z;sí;5;Taste great. But never enough in stock at the stores
Jose Cuervo;4.0 in x 12.0 in x 4.0 in;Jose Cuervo174 Light Margarita Mix - 1.75l Bottle;2017-02-20T00:00:00.000Z;sí;5;I have been buying this for years. Tastes like homemade without calories. Not as sweet as other mixes
Jose Cuervo;4.0 in x 12.0 in x 4.0 in;Jose Cuervo174 Light Margarita Mix - 1.75l Bottle;2016-12-01T00:00:00.000Z;sí;5;Love the taste. Very good.
Jose Cuervo;4.0 in x 12.0 in x 4.0 in;Jose Cuervo174 Light Margarita Mix - 1.75l Bottle;2016-09-12T00:00:00.000Z;sí;5;Good refreshing drink and taste great with taco dip! A true summer treat!
Jose Cuervo;4.0 in x 12.0 in x 4.0 in;Jose Cuervo174 Light Margarita Mix - 1.75l Bottle;2016-09-19T00:00:00.000Z;sí;5;Tastes great!
Jose Cuervo;4.0 in x 12.0 in x 4.0 in;Jose Cuervo174 Light Margarita Mix - 1.75l Bottle;2016-07-17T00:00:00.000Z;sí;4;This is a great product to beat the gain weight vs. no cold Margaritas in the Summer battle ! Good flavor and no calories. I usually squeeze a lime into the pitcher and they taste great !
Jose Cuervo;4.0 in x 12.0 in x 4.0 in;Jose Cuervo174 Light Margarita Mix - 1.75l Bottle;2016-07-06T00:00:00.000Z;sí;5;Low price,great taste
Jose Cuervo;4.0 in x 12.0 in x 4.0 in;Jose Cuervo174 Light Margarita Mix - 1.75l Bottle;2015-10-30T00:00:00.000Z;sí;5;Tastes great
Jose Cuervo;4.0 in x 12.0 in x 4.0 in;Jose Cuervo174 Light Margarita Mix - 1.75l Bottle;2015-09-17T00:00:00.000Z;sí;5;It's a good tasting low cal mixer. You do not have to buy expensive tequila for it to taste good.
Jose Cuervo;4.0 in x 12.0 in x 4.0 in;Jose Cuervo174 Light Margarita Mix - 1.75l Bottle;2016-10-13T00:00:00.000Z;sí;3;I didn't like this product when compared to Master of Mixes Lite. Jose Cuervo seemed flat with little or no tartness, and tasted artificial. Don't believe it contains any real lime juice.
Jose Cuervo;4.0 in x 12.0 in x 4.0 in;Jose Cuervo174 Light Margarita Mix - 1.75l Bottle;2016-07-17T00:00:00.000Z;sí;4;If the mouth of the bottle was bigger it would make it easier to get the product out after putting in the freezer. I'm sure other people do this making large batches. Once the tequila is mixed in, the mix melts quickly so placing in the freezer would speed up the process IF you could then get it out. Why only 4 stars.
Jose Cuervo;4.0 in x 12.0 in x 4.0 in;Jose Cuervo174 Light Margarita Mix - 1.75l Bottle;2016-08-10T00:00:00.000Z;sí;5;since I started using this product cant hardly drink a margarita made with high calorie mixers. fortunately more folks in my Walmart area are also starting to use and now our local Walmart rarely doesn't have it....
Jose Cuervo;4.0 in x 12.0 in x 4.0 in;Jose Cuervo174 Light Margarita Mix - 1.75l Bottle;;FALSE;;I didn't like this product when compared to Master of Mixes Lite. Jose Cuervo seemed flat with little or no tartness, and tasted artificial. Don't believe it contains any real lime juice.
Jose Cuervo;4.0 in x 12.0 in x 4.0 in;Jose Cuervo174 Light Margarita Mix - 1.75l Bottle;;TRUE;;It's a good tasting low cal mixer. You do not have to buy expensive tequila for it to taste good.
Jose Cuervo;4.0 in x 12.0 in x 4.0 in;Jose Cuervo174 Light Margarita Mix - 1.75l Bottle;;TRUE;;Low price,great taste
Jose Cuervo;4.0 in x 12.0 in x 4.0 in;Jose Cuervo174 Light Margarita Mix - 1.75l Bottle;;TRUE;;Love the taste. Very good.
Jose Cuervo;4.0 in x 12.0 in x 4.0 in;Jose Cuervo174 Light Margarita Mix - 1.75l Bottle;;TRUE;;Good refreshing drink and taste great with taco dip! A true summer treat!
Jose Cuervo;4.0 in x 12.0 in x 4.0 in;Jose Cuervo174 Light Margarita Mix - 1.75l Bottle;;TRUE;;If the mouth of the bottle was bigger it would make it easier to get the product out after putting in the freezer. I'm sure other people do this making large batches. Once the tequila is mixed in, the mix melts quickly so placing in the freezer would speed up the process IF you could then get it out. Why only 4 stars.
Jose Cuervo;4.0 in x 12.0 in x 4.0 in;Jose Cuervo174 Light Margarita Mix - 1.75l Bottle;;TRUE;;Tastes great!
Jose Cuervo;4.0 in x 12.0 in x 4.0 in;Jose Cuervo174 Light Margarita Mix - 1.75l Bottle;;TRUE;;Tastes great
Jose Cuervo;4.0 in x 12.0 in x 4.0 in;Jose Cuervo174 Light Margarita Mix - 1.75l Bottle;;TRUE;;since I started using this product cant hardly drink a margarita made with high calorie mixers. fortunately more folks in my Walmart area are also starting to use and now our local Walmart rarely doesn't have it....
Jose Cuervo;4.0 in x 12.0 in x 4.0 in;Jose Cuervo174 Light Margarita Mix - 1.75l Bottle;;TRUE;;Taste great. But never enough in stock at the stores
Jose Cuervo;4.0 in x 12.0 in x 4.0 in;Jose Cuervo174 Light Margarita Mix - 1.75l Bottle;;TRUE;;This is a great product to beat the gain weight vs. no cold Margaritas in the Summer battle ! Good flavor and no calories. I usually squeeze a lime into the pitcher and they taste great !
Powell Mahoney;3.0 in x 3.0 in x 11.3 in;Powell Mahoney174 Margarita - 750ml Bottle;2017-05-18T00:00:00.000Z;sí;5;I cannot find this in the stores, so glad Jet has it. This review was collected as part of a promotion.
Powell Mahoney;3.0 in x 3.0 in x 11.3 in;Powell Mahoney174 Margarita - 750ml Bottle;2017-05-08T00:00:00.000Z;sí;5;My husband and I love the unique taste of this margarita mix.. Jet was the only place that offered this mix at a grate price.... The delivery was fast. We will continue to order from jet.. This review was collected as part of a promotion.
Powell Mahoney;3.0 in x 3.0 in x 11.3 in;Powell Mahoney174 Margarita - 750ml Bottle;2017-04-05T00:00:00.000Z;sí;5;Add tequila or just seltzer and a slice of fresh lime to make a virgin margarita. It's great both ways! Perfect for summer entertaining! sweepstakes This review was collected as part of a promotion.
Powell Mahoney;3.0 in x 3.0 in x 11.3 in;Powell Mahoney174 Margarita - 750ml Bottle;2017-06-02T00:00:00.000Z;sí;5;By far the best mixer I have had the pleasure of tasting! Perfectly balanced sweet, tart, and citrus notes. It was so popular at a gathering that it didn't last past 30 minutes.
Powell Mahoney;3.0 in x 3.0 in x 11.3 in;Powell Mahoney174 Margarita - 750ml Bottle;2017-03-25T00:00:00.000Z;sí;5;Excellent taste. No high fructose corn syrup.
Powell Mahoney;3.0 in x 3.0 in x 11.3 in;Powell Mahoney174 Margarita - 750ml Bottle;2017-01-02T00:00:00.000Z;sí;5;Im a very picky Margarita drinker, I always make my own lime juice mix, but I decided to give this a try, and to tell you the Truth, the margaritas were awesome, not too sweet not to tart....taste really good!!!! I would buy again to make large batches.
Powell Mahoney;3.0 in x 3.0 in x 11.3 in;Powell Mahoney174 Margarita - 750ml Bottle;2016-11-26T00:00:00.000Z;sí;5;Some of the best tasting Margarita mix I have used. Highly recommend.
Powell Mahoney;3.0 in x 3.0 in x 11.3 in;Powell Mahoney174 Margarita - 750ml Bottle;2016-11-22T00:00:00.000Z;sí;5;This is the best margarita mix - not too sweet, everytime I host a party I serve this and people LOVE my margaritas!
Powell Mahoney;3.0 in x 3.0 in x 11.3 in;Powell Mahoney174 Margarita - 750ml Bottle;2016-08-14T00:00:00.000Z;no;1;Bought this for my parents. They said it was awful and tasted very chemical. They love margaritas, so I bought this after reading reviews. Won't do that again!
Powell Mahoney;3.0 in x 3.0 in x 11.3 in;Powell Mahoney174 Margarita - 750ml Bottle;2016-06-30T00:00:00.000Z;sí;5;We bought our first bottle of Powell Mahoney margarita mix locally and decided it was the very best mix we ever had. Hard to find in local shops. Glad we found it on Amazon. All natural ingredients and hand crafted
Powell Mahoney;3.0 in x 3.0 in x 11.3 in;Powell Mahoney174 Margarita - 750ml Bottle;2016-06-16T00:00:00.000Z;sí;5;This is an excellent pre made mixer, without artificial taste. However, it is available in my grocery store for about half this price!
Powell Mahoney;3.0 in x 3.0 in x 11.3 in;Powell Mahoney174 Margarita - 750ml Bottle;2016-06-13T00:00:00.000Z;sí;5;Tastes pretty good but you pay for it- too lazy to make my own mix fresh
Powell Mahoney;3.0 in x 3.0 in x 11.3 in;Powell Mahoney174 Margarita - 750ml Bottle;2016-06-06T00:00:00.000Z;sí;5;This margarita mix tastes soooo good :-) it's not too sweet unlike other brands. You don't need to add anything, just your tequila of choice and you're good to go.
Powell Mahoney;3.0 in x 3.0 in x 11.3 in;Powell Mahoney174 Margarita - 750ml Bottle;2016-05-03T00:00:00.000Z;sí;5;one of the best but it takes to long to get
Powell Mahoney;3.0 in x 3.0 in x 11.3 in;Powell Mahoney174 Margarita - 750ml Bottle;2015-11-21T00:00:00.000Z;sí;5;Great natural margarita mix!
Powell Mahoney;3.0 in x 3.0 in x 11.3 in;Powell Mahoney174 Margarita - 750ml Bottle;2015-08-30T00:00:00.000Z;sí;5;Great margarita mix ad service
Powell Mahoney;3.0 in x 3.0 in x 11.3 in;Powell Mahoney174 Margarita - 750ml Bottle;2015-08-18T00:00:00.000Z;sí;5;Very good mix!!
Powell Mahoney;3.0 in x 3.0 in x 11.3 in;Powell Mahoney174 Margarita - 750ml Bottle;2015-08-09T00:00:00.000Z;sí;4;Great margarita
Powell Mahoney;3.0 in x 3.0 in x 11.3 in;Powell Mahoney174 Margarita - 750ml Bottle;2015-07-18T00:00:00.000Z;no;1;Don't waste your money. Over-rated, over-priced. You could make your own by looking up an online recipe and wouldn't be able to tell the difference.
Powell Mahoney;3.0 in x 3.0 in x 11.3 in;Powell Mahoney174 Margarita - 750ml Bottle;2015-01-30T00:00:00.000Z;sí;5;Do you love margaritas They are among the most popular adult beverages in America and many people rank them as their favorite alcoholic beverage of all. The right tequila can make a noticeable difference when mixing up a margarita, but the right mixer is important as well. And one of the best mixers available is Power Mahoney Margarita.I just got to know Powell Mahoney recently and I have been singing its praises ever since. This mix is every bit as delicious as the others in the Powell Mahoney lineup thanks in no small part to the all- natural ingredients used in the process. Have you taken a good look at the ingredients used in other mixers They're enough to make even the most tolerant person cringe. Even a really good tequila often cannot mask the taste of a bad mixer and I can think of many mixed drinks that I could barely finish due to a less-than-pleasant mixer base.With Powell Mahnoey Margarita mixer, you get the great, natural taste you desire with a good balance between the sweet and the sour. Pour a little into a glass and taste it all by itself. You will notice flavors of lime and a little bit of orange with an overall taste that leans toward the sour side but one that seems just right to match with a fine tequila. The taste is even good enough that some people might enjoy this mixer served with non- alcoholic combinations like soda water and even on the rocks with nothing added.Margaritas are popular drinks but even your favorite drink can lose its appeal if it contains a weak ingredient. With Powell Mahoney Margarita mixer, you get the great, natural, fresh citrus flavor that makes for the perfect mixed drink. Buy a bottle from this Vermont- based company and fall in love with your margarita, all over again.
Powell Mahoney;3.0 in x 3.0 in x 11.3 in;Powell Mahoney174 Margarita - 750ml Bottle;2014-11-03T00:00:00.000Z;sí;5;Excellent flavor, not at all sweet/syrupy like other mixes
Powell Mahoney;3.0 in x 3.0 in x 11.3 in;Powell Mahoney174 Margarita - 750ml Bottle;2014-08-28T00:00:00.000Z;sí;5;Yum... over shaved ice with a lime wedge. It arrived so quickly to boot!
Angostura;;16oz. Angostura Aromatic Bitters Cocktail Flavoring Bar Mixer;2015-12-11T00:00:00.000Z;sí;5;FANTASTIC .........FROM THE 1800's To The 21st Century ..........Try It In The Drinks and Mixtures ..........IT Works !!!!!!!!!!!!!!!!!!!!!!!!!!!!!!!!!
Bittermens;;Bittermens Xocolatl Mole Cocktail Bitters - 5 oz;2017-06-29T00:00:00.000Z;sí;5;This is tge best bittera for tiki drinks you can get. It gives them that extra bust yoy need to make it over the top.
Bittermens;;Bittermens Xocolatl Mole Cocktail Bitters - 5 oz;2017-06-26T00:00:00.000Z;sí;5;To the people who don't think things like bitters and muddled fruit don't make any difference in a drink, they couldn't be more wrong. This habenero shrub bitter adds a real dimension to the cocktail and anyone serious about their drink should have this.
Bittermens;;Bittermens Xocolatl Mole Cocktail Bitters - 5 oz;2017-05-22T00:00:00.000Z;sí;5;Love this product we've been using it almost nightly to make cocktails.
Bittermens;;Bittermens Xocolatl Mole Cocktail Bitters - 5 oz;2017-05-15T00:00:00.000Z;sí;5;Love these bitters! A small drop in bourbon or vodka really transforms the spirit!
Bittermens;;Bittermens Xocolatl Mole Cocktail Bitters - 5 oz;2017-05-05T00:00:00.000Z;sí;5;The perfect accompaniment to any bourbon drink!
Bittermens;;Bittermens Xocolatl Mole Cocktail Bitters - 5 oz;2017-04-21T00:00:00.000Z;sí;5;This stuff rocks, use it for one of the Employees Only bar cocktail recipes.
Bittermens;;Bittermens Xocolatl Mole Cocktail Bitters - 5 oz;2017-04-03T00:00:00.000Z;sí;5;awesome and prompt shipping
Bittermens;;Bittermens Xocolatl Mole Cocktail Bitters - 5 oz;2017-03-26T00:00:00.000Z;sí;5;Great selection of different flavors for a starter set.
Bittermens;;Bittermens Xocolatl Mole Cocktail Bitters - 5 oz;2017-03-25T00:00:00.000Z;sí;4;The perfect touch, with a good punch of heat!
Bittermens;;Bittermens Xocolatl Mole Cocktail Bitters - 5 oz;2017-03-21T00:00:00.000Z;sí;5;A wonderful flavor-filled bitters. It appears to be made for beach drinks with rum, but I love using it in my Manhattans. I've also added it to apples sauteed in butter and brown sugar. Yum.
Bittermens;;Bittermens Xocolatl Mole Cocktail Bitters - 5 oz;2013-05-18T05:00:00Z;;;This was out of stock almost everywhere and I nabbed the last one on Amazon. It was part of a gift for my boyfriend for his new bar set, the something extra after the staples of Regan's, Angostura, and Peychauds, and the smallest and most expensive bottle of the group. It has been worth every penny -- complex, flavorful, rich, not overly sweet, a real winner. The Bittermens website has some wonderful recipes, but we have been most enjoying it so far with a large rock, 2 shots, a dash of Regan's, 7 drops or so of this one and a splash each of lemon and soda water.
Bittermens;;Bittermens Xocolatl Mole Cocktail Bitters - 5 oz;2013-06-29T05:00:00Z;;;I use these in all kinds of tiki drinks and they are really great - they have lots of warm spice notes and lend an exotic flavor to rum based drinks. I would say there is a strong nutmeg note here which can put some folks off, but I'm a huge fan personally. It's tough to find bitters that work in tiki drinks beyond Angostura, so this is a great addition to the bar for people that make a lot of tropical themed cocktails.
Bittermens;;Bittermens Xocolatl Mole Cocktail Bitters - 5 oz;2013-08-12T05:00:00Z;;;These are an interesting addition to a bitters collection. Excellent in rum drinks. Very pleased and would definitely recommend if you mix up cocktails.
Bittermens;;Bittermens Xocolatl Mole Cocktail Bitters - 5 oz;2012-09-15T05:00:00Z;;;This flavor of bitters is quite unique! There is a subtle warmth and profound chocolate flavor that is haunting. We like it in a tequila-based coffee liqueur. Add half a shot of good scotch and you have a drink worthy of the finest company you know...
Bittermens;;Bittermens Xocolatl Mole Cocktail Bitters - 5 oz;2013-03-18T05:00:00Z;;;Subtle and slow building.Great with Citrus and flavorful bases, like anejo tequila, gin, or golden rum.Bittermens makes some of the most unique bitters.
Bittermens;;Bittermens Xocolatl Mole Cocktail Bitters - 5 oz;2012-02-04T06:00:00Z;;;For any Tikiphile out there, these are a great addition to any tropical drink recipes. I substitute them in place of Angostura bitters in Zombies, Rum Barrels and 151 Swizzles. They may be a bit niche in their application, but it's a wonderful product nonetheless.
Bittermens;;Bittermens Xocolatl Mole Cocktail Bitters - 5 oz;2013-06-01T05:00:00Z;;;I was at the Kentucky bourbon mixology competition recently and all the bartenders were making spicy flavored drinks. I looked all around for this stuff and finely ordered it here.My first cocktail was great:2 oz. Rye Whiskey (or bourbon)0.5 oz. Simple Syrup1 Lemon Twist2 Dashes of Peychaud's Bitters30 Drops of Bittermens Habanero Bitters (Start with 20 and increase from there, it gets hot!)Serve it on ice
Bittermens;;Bittermens Xocolatl Mole Cocktail Bitters - 5 oz;2014-03-07T06:00:00Z;;;The Tear Dropper is a bit confusing your first time, but these are simply delicious. The aroma hits you right off the bat when you open the bottle. The aromatic hops go wonderfully with grapefruit, and these bitters are awesome in a Sawyer, Mojito, or Daiquiri. It is a strange combination, but it really works. Try these!
Bittermens;;Bittermens Xocolatl Mole Cocktail Bitters - 5 oz;2017-03-08T00:00:00.000Z;sí;5;Great flavor and perfect for my winter drinks!
Bittermens;;Bittermens Xocolatl Mole Cocktail Bitters - 5 oz;2017-03-02T00:00:00.000Z;sí;5;Yummy- in my gin drinks or just with seltzer!
Bittermens;;Bittermens Xocolatl Mole Cocktail Bitters - 5 oz;2017-02-28T00:00:00.000Z;sí;5;These were bomb diggity
Bittermens;;Bittermens Xocolatl Mole Cocktail Bitters - 5 oz;2017-02-19T00:00:00.000Z;sí;5;Perfect for my use.
Bittermens;;Bittermens Xocolatl Mole Cocktail Bitters - 5 oz;2017-02-16T00:00:00.000Z;sí;5;I bought the Bittermen's hopped grapefruit bitters for my sister and brother-in-law as a Christmas gift. I haven't tried the product myself, but they have been raving about how nicely the bitters enhance a gin and tonic or a reposado cocktail.
Bittermens;;Bittermens Xocolatl Mole Cocktail Bitters - 5 oz;2017-02-05T00:00:00.000Z;sí;5;Used them to make just a few of these fine cocktails Margie has some Spice The Mezcal Fizz and The Mexican Firing Squad and they were perfect.
Bittermens;;Bittermens Xocolatl Mole Cocktail Bitters - 5 oz;2017-01-10T00:00:00.000Z;sí;5;Purchased as a gift and recipient loved it for his Old Fashions!
Bittermens;;Bittermens Xocolatl Mole Cocktail Bitters - 5 oz;2016-12-23T00:00:00.000Z;sí;5;bittermens bitters are the bomb. every home bar needs a few of these on hand,
Bittermens;;Bittermens Xocolatl Mole Cocktail Bitters - 5 oz;2016-12-06T00:00:00.000Z;sí;3;This is extremely spicy with ginger. Not so much gingerbread flavor, as I hoped for.I'm thinking of blending it with other bitters to achieve more of a gingerbread flavor.
Bittermens;;Bittermens Xocolatl Mole Cocktail Bitters - 5 oz;2016-12-02T00:00:00.000Z;sí;4;The mole bitters are delicious!
Bittermens;;Bittermens Xocolatl Mole Cocktail Bitters - 5 oz;2016-11-08T00:00:00.000Z;sí;4;Delicious bitters. Really completes my Oaxacan Old Fashioneds. Wish it came in a smaller quantity for a more affordable price. It'll be years before I have to buy another one of these.
Bittermens;;Bittermens Xocolatl Mole Cocktail Bitters - 5 oz;2016-10-22T00:00:00.000Z;sí;5;I love spicy foods, and this provides a great twist on an Old Fashioned! Love it
Bittermens;;Bittermens Xocolatl Mole Cocktail Bitters - 5 oz;2016-10-20T00:00:00.000Z;sí;5;great product
Bittermens;;Bittermens Xocolatl Mole Cocktail Bitters - 5 oz;2016-10-17T00:00:00.000Z;sí;5;Some of my favorite bitters ever. Great unique flavor. Now if they just weren't so darn expensive...
Bittermens;;Bittermens Xocolatl Mole Cocktail Bitters - 5 oz;2016-10-03T00:00:00.000Z;sí;5;We ordered this to add to a collection of bitters for making Old Fashions. I was afraid it might be too spicy but it created a lovely addition with a hint of chocolate and spice.
Bittermens;;Bittermens Xocolatl Mole Cocktail Bitters - 5 oz;2016-09-29T00:00:00.000Z;sí;5;Great for jazzy up my Tiki cocktails
Bittermens;;Bittermens Xocolatl Mole Cocktail Bitters - 5 oz;2016-09-23T00:00:00.000Z;sí;5;Great for gin drinks!!!!
Bittermens;;Bittermens Xocolatl Mole Cocktail Bitters - 5 oz;2016-09-08T00:00:00.000Z;sí;4;Great to make spicy drinks.
Bittermens;;Bittermens Xocolatl Mole Cocktail Bitters - 5 oz;2016-07-27T00:00:00.000Z;sí;5;DELICIOUS, deep flavor that is unlike any bitters I've tried.
Bittermens;;Bittermens Xocolatl Mole Cocktail Bitters - 5 oz;2016-06-23T00:00:00.000Z;sí;5;love this. Perfect to add a little heat to your cocktail.
Bittermens;;Bittermens Xocolatl Mole Cocktail Bitters - 5 oz;2016-06-05T00:00:00.000Z;no;1;Must use a lot as it wasn't that strong
Bittermens;;Bittermens Xocolatl Mole Cocktail Bitters - 5 oz;2016-05-20T00:00:00.000Z;sí;5;Excellent ingredient to make a Bayshore Sunrise cocktail.
